Tên sản phẩm,Giá gốc,Giá bán,Kích thước màn hình,RAM,Bộ nhớ,Chipset,Pin,Kích thước,Bluetooth,Camera trước,Wi-Fi,Hệ điều hành,Độ phân giải màn hình,Tần số quét,Trọng lượng,Quay video,GPU,Cổng sạc,url,image_url,web
Điện thoại OPPO Reno6 Z 5G 8GB/128GB Bạc,,7.592.000đ,6.43,8GB,128GB,"MTK Dimensity 800U 5G, tối đa 2.4GHz",4310mAh,160.2 x 73.38 x 7.97 mm,5.1,32MP,"2.4G/5G, 802.11 a/b/g/n/ac","ColorOS 11.1, nền tảng Android 11",(FHD+) 1080 x 2400 pixels,,,,,,https://www.nguyenkim.com/dien-thoai-oppo-reno6-z-5g-8gb-128gb-bac.html,https://cdn.nguyenkimmall.com/images/detailed/741/10049727-dien-thoai-oppo-reno6-z-5g-8gb-128gb-bac-1.jpg,Nguyen_Kim
Điện thoại Samsung Galaxy A23 4GB/128GB Đen,,4.890.000đ,6.6,4GB,128GB,Snapdragon 680 (SM6225) (8 nhân),5000mAh,,,8MP,,,,,,,,,https://www.nguyenkim.com/dien-thoai-samsung-galaxy-a23-4gb-128gb-den.html,https://cdn.nguyenkimmall.com/images/thumbnails/600/336/detailed/790/10051573-dien-thoai-samsung-galaxy-a23-4gb-128gb-den-1.jpg,Nguyen_Kim
Điện thoại Samsung Galaxy A03s 64GB Đen,,3.190.000đ,6.5,4GB,64GB,MediaTek MT6765,5000mAh,164.2 x 75.9 x 9.1 mm,,5MP,,Android,HD+ pixels,,,,,,https://www.nguyenkim.com/dien-thoai-samsung-galaxy-a03s-64gb-den.html,https://cdn.nguyenkimmall.com/images/thumbnails/600/336/detailed/745/10049870-dien-thoai-samsung-galaxy-a03s-64gb-den-1.jpg,Nguyen_Kim
Điện thoại Samsung A33 5G 6GB/128GB Đen,,8.090.000đ,6.4,6GB,128GB,,,"Cao 159,7 x Rộng 74,0 x Dày 8,1 mm",Bluetooth v5.1,13MP,"802.11 a / b / g / n / ac 2.4G + 5GHz, VHT80",Android,FHD +(1080 x 2400 ) pixels,,,UHD 4K (3840 x 2160) @ 30 khung hình / giây,,,https://www.nguyenkim.com/dien-thoai-samsung-a33-5g-6gb-128gb-den.html,https://cdn.nguyenkimmall.com/images/thumbnails/600/336/detailed/796/10051580-dien-thoai-samsung-a33-5g-6gb-128gb-den-1.jpg,Nguyen_Kim
Điện thoại Samsung Galaxy A03 32GB Đen,,2.790.000đ,6.5,,32GB,,5000mAh,,,5MP,,,HD+ (720x1600) pixels,,,,,,https://www.nguyenkim.com/dien-thoai-samsung-galaxy-a03-32gb-den.html,https://cdn.nguyenkimmall.com/images/thumbnails/600/336/detailed/776/10051129-dien-thoai-samsung-galaxy-a03-32gb-den-1.jpg,Nguyen_Kim
Điện thoại Samsung Galaxy A13 4GB/128GB Xanh,,3.890.000đ,6.6,4GB,128GB,Exynos850 (8 nhân),5000mAh,,,8MP,,,,,,,,,https://www.nguyenkim.com/dien-thoai-samsung-galaxy-a13-4gb-128gb-xanh.html,https://cdn.nguyenkimmall.com/images/thumbnails/600/336/detailed/790/10051525-dien-thoai-samsung-galaxy-a13-4gb-128gb-xanh-1.jpg,Nguyen_Kim
Điện thoại Samsung Galaxy A03s 64GB Xanh,,3.190.000đ,6.5,4GB,64GB,MediaTek MT6765,5000mAh,164.2 x 75.9 x 9.1 mm,,5MP,,,HD+ 720 x 1600 pixels,,,,,,https://www.nguyenkim.com/dien-thoai-samsung-galaxy-a03s-64gb-xanh.html,https://cdn.nguyenkimmall.com/images/detailed/745/10049869-dien-thoai-samsung-galaxy-a03s-64gb-xanh-1.jpg,Nguyen_Kim
Điện thoại OPPO A16K 3GB/32GB Đen,,3.150.000đ,6.52,3GB,32GB,"Helio G35 8 nhân, tối đa 2.3GHz",4230mAh,164 x 75.4 x 7.85 mm,5.0,5MP,"2.4G/5G, 802.11 a/b/g/n/ac","ColorOS 11, nền tảng Android 11",(HD+) 720 x 1600 pixels,,,,,,https://www.nguyenkim.com/dien-thoai-oppo-a16k-den.html,https://cdn.nguyenkimmall.com/images/detailed/771/10050850-dien-thoai-oppo-a16k-3gb-32gb-den-1.jpg,Nguyen_Kim
Điện thoại Vivo V20 (8GB/128GB) Xanh hồng,,5.094.000đ,6.44,8GB,128GB,Qualcomm® Snapdragon™ 720G,4000mAh,161.30 x 74.20 x 7.38 mm,Bluetooth 5.1,44MP,2.4GHz /5GHz,Funtouch OS 11 (dựa trên Android 11),2400 × 1080 (FHD+)	 pixels,,,Có,,,https://www.nguyenkim.com/dien-thoai-vivo-v20-8gb-128gb-xanh-hong.html,https://cdn.nguyenkimmall.com/images/thumbnails/600/336/detailed/687/10047465-dien-thoai-vivo-v20-8gb-128gb-xanh-hong-1_hp8m-xs.webp,Nguyen_Kim
Điện thoại Samsung Galaxy A52 4G 8GB/128GB Xanh,,6.290.000đ,6.5,8GB,128GB,Vi xử lý 8 nhân Snapdragon 720G,4500mAh,,,32MP,,,,,,,,,https://www.nguyenkim.com/dien-thoai-samsung-galaxy-a52-4g-8gb-128gb-xanh.html,https://cdn.nguyenkimmall.com/images/detailed/716/10048676-dien-thoai-samsung-galaxy-a52-4g-128gb-xanh-1.jpg,Nguyen_Kim
Điện thoại Samsung A53 5G 128GB Cam,,8.990.000đ,6.5,8GB,128GB,Exynos 1280 (8 nhân),5000mAh,,,32MP,,,,,,,,,https://www.nguyenkim.com/dien-thoai-samsung-a53-5g-128gb-cam.html,https://cdn.nguyenkimmall.com/images/thumbnails/600/336/detailed/790/10051585-dien-thoai-samsung-a53-5g-128gb-cam-1.jpg,Nguyen_Kim
Điện thoại Samsung Galaxy A32 4G 6GB/128GB Xanh,,5.650.000đ,6.4,6GB,128GB,"Vi xử lý Helio G80 (12nm), Octa-core 2.0GHz",5000mAh,,,20MP,,,FHD+ (1080x2400) pixels,,,,,,https://www.nguyenkim.com/dien-thoai-samsung-galaxy-a32-4g-6gb-128gb-xanh.html,https://cdn.nguyenkimmall.com/images/thumbnails/600/336/detailed/717/10048673-dien-thoai-samsung-galaxy-a32-4g-128gb-xanh-1_7t44-z0.jpg,Nguyen_Kim
Điện thoại iPhone 12 Pro 256GB Xanh,,28.990.000đ,6.1,6GB,256GB,Apple A14 Bionic,,,,12MP,,iOS 14.1,,,,,,,https://www.nguyenkim.com/dien-thoai-iphone-12-pro-256gb-xanh.html,https://cdn.nguyenkimmall.com/images/detailed/698/10047721-dien-thoai-iphone-12-pro-256gb-xanh-1.jpg,Nguyen_Kim
Điện thoại OPPO A94 8GB/128GB Đen,,6.152.000đ,6.43,8GB,128GB,"Helio P95, tối đa 2.2GHz",4310mAh,160.1 x 73.2 x 7.8 mm,5.1,32MP,"2.4G/5G, 802.11 a/b/g/n/ac","ColorOS 11.1, nền tảng Android 11",FHD+ (1080 x 2400) pixels,,,,,,https://www.nguyenkim.com/dien-thoai-oppo-a94-8gb-128gb-den.html,https://cdn.nguyenkimmall.com/images/thumbnails/600/336/detailed/724/10049029-dien-thoai-oppo-a94-8gb-128gb-den-1.jpg,Nguyen_Kim
Điện thoại iPhone 11 64GB Trắng,,11.690.000đ,6.1,4GB,64GB,Apple A13 Bionic 6 nhân,,,5.0,12MP,802.11ax Wi‑Fi 6 vói 2x2 MIMO,iOS 13,1792 x 828 pixels,,,"4K tốc độ 24 fps, 30 fps, hoặc 60 fps",,,https://www.nguyenkim.com/dien-thoai-iphone-11-64gb-trang-vi-2.html,https://cdn.nguyenkimmall.com/images/detailed/776/10050986-dien-thoai-iphone-11-64gb-trang-1.jpg,Nguyen_Kim
Điện thoại Vivo Y21 4GB/64GB Xanh Tím,,3.690.000đ,6.51,4GB,64GB,Mediatek Helio P35,5000mAh,164.26 x 76.08 x 8.00  mm,Bluetooth 5.0,8MP,2.4GHz / 5GHz,,1600*720 (HD+) pixels,,,,,,https://www.nguyenkim.com/dien-thoai-vivo-y21-4gb-64gb-xanh-tim.html,https://cdn.nguyenkimmall.com/images/detailed/770/10050030-dien-thoai-vivo-y21-4gb-64gb-xanh-tim-1.jpg,Nguyen_Kim
Điện thoại Samsung Galaxy A23 4GB/128GB Xanh,,4.890.000đ,6.6,4GB,128GB,Snapdragon 680 (SM6225) (8 nhân),5000mAh,,,8MP,,,,,,,,,https://www.nguyenkim.com/dien-thoai-samsung-galaxy-a23-4gb-128gb-xanh.html,https://cdn.nguyenkimmall.com/images/detailed/790/10051572-dien-thoai-samsung-galaxy-a23-4gb-128gb-xanh-1.jpg,Nguyen_Kim
Điện thoại Vivo Y21s 6GB/128GB Trắng,,4.490.000đ,6.51,6GB,128GB,Mediatek Helio G80,5000mAh,164.26 x 76.08 x 8.00 mm,Bluetooth 5.0,8MP,2.4GHz / 5GHz,Funtouch OS 11.1 (Tuỳ biến trên Android 11),HD+ (1600*720)  pixels,,,,,,https://www.nguyenkim.com/dien-thoai-vivo-y21s-6gb-128gb-trang.html,https://cdn.nguyenkimmall.com/images/detailed/751/10049937-dien-thoai-vivo-y21s-6gb-128gb-trắng-1.jpg,Nguyen_Kim
Điện thoại OPPO Reno7 4G 8GB/128GB Cam,,7.690.000đ,6.4,8GB,128GB,"Qualcomm Snapdragon 680, tối đa 2.4GHz",4500mAh,,Bluetooth v5.1,32MP,Wi-Fi 5 (802.11ac),"Android 12, ColorOS 12.1",FHD+ (2400x1080) pixels,,,,,,https://www.nguyenkim.com/dien-thoai-oppo-reno7-4g-8gb-128gb-cam.html,https://cdn.nguyenkimmall.com/images/detailed/803/10052322-dien-thoai-oppo-reno7-4g-8gb-128gb-cam-1.jpg,Nguyen_Kim
Điện thoại Vivo Y15s 3GB/32GB Xanh Đen,,2.750.000đ,6.51,3GB,32GB,MediaTek Helio P35,5000mAh,163.96 x 75.2 x 8.28 mm,Bluetooth 5.0,8MP,2.4GHz /5GHz,Funtouch OS 11.1 (Tùy biến trên Android 11 (Go Edition),HD+ 1600*720 pixels,,,,,,https://www.nguyenkim.com/dien-thoai-vivo-y15s-3gb-32gb-xanh-den.html,https://cdn.nguyenkimmall.com/images/detailed/755/10050442-dien-thoai-vivo-y15s-3gb-32gb-xanh-den-1.jpg,Nguyen_Kim
Điện thoại Xiaomi Redmi 9A 2GB/32GB Xanh dương,,2.290.000đ,6.53,2GB,32GB,MediaTek Helio G25 8 nhân,5000mAh,Dài 164.9 mm - Ngang 77.07 mm - Dày 9 mm,"LE, A2DP",5MP,"Wi-Fi hotspot, Wi-Fi 802.11 a/b/g/n, Wi-Fi Direct",Android 10,HD+ (700 x 1600) pixels,,,"HD 720p@30fps, FullHD 1080p@30fps",,,https://www.nguyenkim.com/dien-thoai-xiaomi-redmi-9a-2gb-32gb-xanh-duong.html,https://cdn.nguyenkimmall.com/images/thumbnails/600/336/detailed/691/10046547-dien-thoai-xiaomi-redmi-9a-2gb-32gb-xanh-duong-1.webp,Nguyen_Kim
Điện thoại Xiaomi Redmi Note 11 Pro 8GB/128GB Xanh Dương,,6.590.000đ,6.67,8GB,128GB,,5000mAh,,,16MP,,Android 11,,,,,,,https://www.nguyenkim.com/dien-thoai-xiaomi-redmi-note-11pro-8gb-128gb-xanh-duong.html,https://cdn.nguyenkimmall.com/images/thumbnails/600/336/detailed/794/10051874-dien-thoai-xiaomi-redmi-note-11pro-8gb-128gb-xanh-duong.jpg,Nguyen_Kim
Điện thoại Samsung Galaxy A52 4G 8GB/128GB Đen,,6.290.000đ,6.5,8GB,128GB,Vi xử lý 8 nhân Snapdragon 720G,4500mAh,,,32MP,,,,,,,,,https://www.nguyenkim.com/dien-thoai-samsung-galaxy-a52-4g-8gb-128gb-den.html,https://cdn.nguyenkimmall.com/images/thumbnails/600/336/detailed/716/10048677-dien-thoai-samsung-galaxy-a52-4g-128gb-den-1.jpg,Nguyen_Kim
Điện thoại iPhone 12 64GB Đen,,16.990.000đ,6.1,4GB,64GB,Apple A14 Bionic,,146.7 x 71.5 x 7.4mm mm,Bluetooth 5.0,12MP,Wi-Fi 6 (802.11ax),iOS 14.1,2532 x 1170 pixels,,,4K,,,https://www.nguyenkim.com/dien-thoai-iphone-12-64gb-den.html,https://cdn.nguyenkimmall.com/images/thumbnails/600/336/detailed/698/10047698-dien-thoai-iphone-12-64gb-den-1.jpg,Nguyen_Kim
Điện thoại iPhone 12 128GB Đỏ,,18.990.000đ,6.1,4GB,128GB,Apple A14 Bionic,,146.7 x 71.5 x 7.4mm mm,Bluetooth 5.0,12MP,Wi-Fi 6 (802.11ax),iOS 14.1,2532 x 1170 pixels,,,4K,,,https://www.nguyenkim.com/dien-thoai-iphone-12-128gb-do.html,https://cdn.nguyenkimmall.com/images/thumbnails/600/336/detailed/698/10047705-dien-thoai-iphone-12-128gb-do-1.jpg,Nguyen_Kim
Điện thoại Samsung Galaxy A03 32GB Xanh,,2.790.000đ,6.5,,32GB,,5000mAh,,,5MP,,,HD+ (720x1600) pixels,,,,,,https://www.nguyenkim.com/dien-thoai-samsung-galaxy-a03-32gb-xanh.html,https://cdn.nguyenkimmall.com/images/thumbnails/600/336/detailed/776/10051128-dien-thoai-samsung-galaxy-a03-32gb-xanh-1.jpg,Nguyen_Kim
Điện thoại Samsung S22 Ultra 12GB/256GB Đen,,29.490.000đ,6.8,12GB,256GB,Qualcomm Snapdragon 8 Gen 1,5000mAh,,,40MP,,,,,,,,,https://www.nguyenkim.com/dien-thoai-samsung-s22-ultra-12gb-256gb-den.html,https://cdn.nguyenkimmall.com/images/detailed/787/10051342-dien-thoai-samsung-s22-ultra-12gb-256gb-den-1.jpg,Nguyen_Kim
Điện thoại Samsung A73 8GB/128GB Xanh,,11.190.000đ,6.7,8GB,128GB,Snapdragon 778G (8 nhân),5000mAh,7.6 x 163.7 x 76.1 mm,,32MP,,Android 12,FHD+ (2400x1080) pixels,,,,,,https://www.nguyenkim.com/dien-thoai-samsung-a73-8gb-128gb-xanh.html,https://cdn.nguyenkimmall.com/images/detailed/796/10051820-dien-thoai-samsung-a73-6gb-128gb-xanh-1.jpg,Nguyen_Kim
Điện thoại Samsung Galaxy A32 4G 6GB/128GB Tím,,5.650.000đ,6.4,6GB,128GB,"Vi xử lý Helio G80 (12nm), Octa-core 2.0GHz",5000mAh,,,20MP,,Android,FHD+ (1080x2400) pixels,,,,,,https://www.nguyenkim.com/samsung-galaxy-a32-4g-6gb-128gb-tim.html,https://cdn.nguyenkimmall.com/images/detailed/717/10048672-dien-thoai-samsung-galaxy-a32-4g-128gb-tim-1.jpg,Nguyen_Kim
Điện thoại Samsung Galaxy A52 4G 8GB/128GB Tím,,9.290.000đ,6.5,8GB,128GB,Vi xử lý 8 nhân Snapdragon 720G,4500mAh,,,32MP,,,,,,,,,https://www.nguyenkim.com/dien-thoai-samsung-galaxy-a52-4g-8gb-128gb-tim.html,https://cdn.nguyenkimmall.com/images/thumbnails/600/336/detailed/716/10048675-dien-thoai-samsung-galaxy-a52-4g-128gb-tim-1.jpg,Nguyen_Kim
Điện thoại Vivo Y21s 4GB/128GB Xanh,,4.150.000đ,6.51,4GB,128GB,Mediatek Helio G80,5000mAh,164.26 x 76.08 x 8.00 mm,Bluetooth 5.0,8MP,2.4GHz / 5GHz,Funtouch OS 11.1 (Tuỳ biến trên Android 11),HD+ (1600*720)  pixels,,,,,,https://www.nguyenkim.com/dien-thoai-vivo-y21s-4gb-128gb-xanh.html,https://cdn.nguyenkimmall.com/images/detailed/751/10049936-dien-thoai-vivo-y21s-4gb-128gb-xanh-1.jpg,Nguyen_Kim
Điện thoại Samsung Galaxy A32 4G 6GB/128GB Đen,,5.650.000đ,6.4,6GB,128GB,"Vi xử lý Helio G80 (12nm), Octa-core 2.0GHz",5000mAh,,,20MP,,,FHD+ (1080x2400) pixels,,,,,,https://www.nguyenkim.com/dien-thoai-samsung-galaxy-a32-4g-6gb-128gb-den.html,https://cdn.nguyenkimmall.com/images/detailed/716/10048674-dien-thoai-samsung-galaxy-a32-4g-128gb-den-1.jpg,Nguyen_Kim
Điện thoại Samsung A53 5G 128GB Xanh,,8.990.000đ,6.5,8GB,128GB,Exynos 1280 (8 nhân),5000mAh,,,32MP,,,,,,,,,https://www.nguyenkim.com/dien-thoai-samsung-a53-5g-128gb-xanh.html,https://cdn.nguyenkimmall.com/images/detailed/790/10051583-dien-thoai-samsung-a53-5g-128gb-xanh-1.jpg,Nguyen_Kim
Điện thoại Samsung Galaxy A72 4G 8GB/256GB Tím,,11.490.000đ,6.7,8GB,256GB,Vi xử lý 8 nhân Snapdragon 720G,5000mAh,,,32MP,,,,,,,,,https://www.nguyenkim.com/dien-thoai-samsung-galaxy-a72-4g-8gb-256gb-tim.html,https://cdn.nguyenkimmall.com/images/detailed/716/10048738-dien-thoai-samsung-galaxy-a72-4g-256gb-tim-1.jpg,Nguyen_Kim
Điện thoại Samsung Galaxy A72 4G 8GB/256GB Đen,,11.490.000đ,6.7,8GB,256GB,Vi xử lý 8 nhân Snapdragon 720G,5000mAh,,,32MP,,,,,,,,,https://www.nguyenkim.com/dien-thoai-samsung-galaxy-a72-4g-8gb-256gb-den.html,https://cdn.nguyenkimmall.com/images/thumbnails/600/336/detailed/716/10048740-dien-thoai-samsung-galaxy-a72-4g-256gb-den-1.jpg,Nguyen_Kim
Samsung Galaxy S20+ Đen,,23.990.000đ,6.7,8GB,128GB,Exynos 990,4500mAh,,"2DP, LE, apt-X, v5.0",10MP,"Wi-Fi 802.11 a/b/g/n/ac, Dual-band, Wi-Fi Direct, Wi-Fi hotspot","Android 10, One UI 2.1",,,,,,,https://www.nguyenkim.com/samsung-galaxy-s20-plus-93294.html,https://cdn.nguyenkimmall.com/images/thumbnails/600/336/detailed/631/10044970-dien-thoai-samsung-galaxy-sm-g985f-ds-s20-plus-den-1_shm6-82.jpg,Nguyen_Kim
Điện thoại Samsung A53 5G 128GB Đen,,8.990.000đ,6.5,8GB,128GB,Exynos 1280 (8 nhân),5000mAh,,,32MP,,,,,,,,,https://www.nguyenkim.com/dien-thoai-samsung-a53-5g-128gb-den.html,https://cdn.nguyenkimmall.com/images/thumbnails/600/336/detailed/788/10051584-dien-thoai-samsung-a53-5g-128gb-den-1.jpg,Nguyen_Kim
Điện thoại Xiaomi Redmi 9C 3GB/64GB Xám,,2.790.000đ,6.53,3GB,64GB,MediaTek Helio G35 8 nhân,5000mAh,Dài 164.9 mm - Ngang 77.07 mm - Dày 9.0 mm,"LE v4.2, A2DP",5MP,"Wi-Fi Direct, Wi-Fi 802.11 a/b/g/n, Wi-Fi hotspot",Android 10,HD+ (720 x 1600) pixels,,,"FullHD 1080p@30fps, HD 720p@30fps",,,https://www.nguyenkim.com/dien-thoai-xiaomi-redmi-9c-3gb-64gb-xam.html,https://cdn.nguyenkimmall.com/images/thumbnails/600/336/detailed/691/10047323-dien-thoai-xiaomi-redmi-9c-3gb-64gb-xam-1.jpg,Nguyen_Kim
Điện thoại Nokia C21 Plus 2GB/64GB Xanh Thiên Thạch,,2.490.000đ,6.5,2GB,64GB,,5050mAh,164.8 x 75.9 X 8.55 mm,Bluetooth® 4.2,5MP,Wifi 802.11 b/g/n,Android 11 (Go Edition),HD+ (720 x 1560) pixels,,,,,,https://www.nguyenkim.com/dien-thoai-nokia-c21-plus-2gb-64gb-xanh-thien-thach.html,https://cdn.nguyenkimmall.com/images/thumbnails/600/336/detailed/803/10052242-dien-thoai-nokia-c21-plus-2gb-64gb-xanh-thien-thach-1.jpg,Nguyen_Kim
Samsung Galaxy S20+ Xanh,,19.192.000đ,6.7,8GB,128GB,Exynos 990,4500mAh,,"A2DP, LE, apt-X, v5.0",10MP,"Wi-Fi 802.11 a/b/g/n/ac, Dual-band, Wi-Fi Direct, Wi-Fi hotspot","Android 10, One UI 2.1",,,,,,,https://www.nguyenkim.com/samsung-galaxy-s20-plus-93174.html,https://cdn.nguyenkimmall.com/images/thumbnails/600/336/detailed/631/10044956-dien-thoai-samsung-sm-g985f-ds-128gb-xanh-1.jpg,Nguyen_Kim
Điện thoại iPhone 11 64GB Tím,,11.690.000đ,6.1,4GB,64GB,Apple A13 Bionic 6 nhân,,,5,12MP,"802.11ax Wi‑Fi 6, 2x2 MIMO",iOS 13,1792x828 pixels,,,,,,https://www.nguyenkim.com/dien-thoai-iphone-11-64gb-tim-vi-2.html,https://cdn.nguyenkimmall.com/images/thumbnails/600/336/detailed/776/10050985-dien-thoai-iphone-11-64gb-tim-1.jpg,Nguyen_Kim
Điện thoại Samsung Galaxy S21 Ultra 5G 12GB/128GB Bạc,,19.990.000đ,6.8,12GB,128GB,Vi xử lý Exynos 2100 (5nm),5000mAh,,,40MP,,,,,,,,,https://www.nguyenkim.com/dien-thoai-samsung-galaxy-s21-ultra-5g-12gb-128gb-bac.html,https://cdn.nguyenkimmall.com/images/thumbnails/600/336/detailed/711/10048468-dien-thoai-samsung-galaxy-s21-ultra-12gb-128gb-bac-1.jpg,Nguyen_Kim
Điện thoại Samsung Galaxy S20 FE 8GB/256GB Xanh,,10.290.000đ,6.5,8GB,256GB,,4500mAh,,,32MP,,,,,,,,,https://www.nguyenkim.com/dien-thoai-samsung-galaxy-s20-fe-8gb-256gb-xanh.html,https://cdn.nguyenkimmall.com/images/detailed/728/10049352-dien-thoai-samsung-galaxy-s20-fe-8gb-256gb-xanh.jpg,Nguyen_Kim
Điện thoại Vivo Y15s 3GB/32GB Trắng Xanh,,2.750.000đ,6.51,3GB,32GB,MediaTek Helio P35,5000mAh,163.96 x 75.2 x 8.28 mm,Bluetooth 5.0,8MP,2.4GHz /5GHz,Funtouch OS 11.1 (Tùy biến trên Android 11 (Go Edition),HD+ 1600*720 pixels,,,,,,https://www.nguyenkim.com/dien-thoai-vivo-y15s-3gb-32gb-trang-xanh.html,https://cdn.nguyenkimmall.com/images/thumbnails/600/336/detailed/755/10050441-dien-thoai-vivo-y15s-3gb-32gb-trang-xanh-1.jpg,Nguyen_Kim
Điện thoại iPhone 11 64GB Xanh Lá,,11.690.000đ,6.1,4GB,64GB,Apple A13 Bionic,3110mAh,Dài 150.9 mm - Ngang 75.7 mm - Dày 8.3 mm,"LE, A2DP",12MP,"Dual-band (2.4 GHz/5 GHz), Wi-Fi 802.11 a/b/g/n/ac/ax, Wi-Fi hotspot",,828 x 1792 pixels,,,"4K 2160p@60fps, 4K 2160p@30fps, 4K 2160p@24fps, FullHD 1080p@30fps, FullHD 1080p@60fps, HD 720p@30fps, FullHD 1080p@240fps, FullHD 1080p@120fps",,,https://www.nguyenkim.com/dien-thoai-iphone-11-64gb-xanh-la-vi-3.html,https://cdn.nguyenkimmall.com/images/thumbnails/600/336/detailed/774/10050984-dien-thoai-iphone-11-64gb-xanh-la-1.jpg,Nguyen_Kim
Điện thoại Samsung Galaxy A72 4G 8GB/256GB Xanh,,9.192.000đ,6.7,8GB,256GB,Vi xử lý 8 nhân Snapdragon 720G,5000mAh,,,32MP,,,,,,,,,https://www.nguyenkim.com/dien-thoai-samsung-galaxy-a72-4g-8gb-256gb-xanh.html,https://cdn.nguyenkimmall.com/images/thumbnails/600/336/detailed/716/10048739-dien-thoai-samsung-galaxy-a72-4g-256gb-xanh-1.jpg,Nguyen_Kim
Điện thoại iPhone 11 64GB Đen,,11.690.000đ,6.1,4GB,64GB,Apple A13 Bionic 6 nhân,,,5.0,12MP,802.11ax Wi-Fi 6 với 2x2 MIMO,iOS 13,1792 x 828 pixels,,,"4K tốc độ 24 fps, 30 fps, hoặc 60 fps",,,https://www.nguyenkim.com/dien-thoai-iphone-11-64gb-den-vi-3.html,https://cdn.nguyenkimmall.com/images/thumbnails/600/336/detailed/776/10050983-dien-thoai-iphone-11-64gb-den-1.jpg,Nguyen_Kim
Điện thoại Samsung Galaxy A23 4GB/128GB Cam,,4.890.000đ,6.6,4GB,128GB,Snapdragon 680 (SM6225) (8 nhân),5000mAh,,,8MP,,,,,,,,,https://www.nguyenkim.com/dien-thoai-samsung-galaxy-a23-4gb-128gb-cam.html,https://cdn.nguyenkimmall.com/images/thumbnails/600/336/detailed/790/10051574-dien-thoai-samsung-galaxy-a23-4gb-128gb-cam-1.jpg,Nguyen_Kim
Điện thoại Vivo Y21s 6GB/128GB Xanh,,4.490.000đ,6.51,6GB,128GB,Mediatek Helio G80,5000mAh,164.26 x 76.08 x 8.00 mm,Bluetooth 5.0,8MP,2.4GHz / 5GHz,Funtouch OS 11.1 (Tuỳ biến trên Android 11),HD+ (1600*720)  pixels,,,,,,https://www.nguyenkim.com/dien-thoai-vivo-y21s-6gb-128gb-xanh.html,https://cdn.nguyenkimmall.com/images/thumbnails/600/336/detailed/751/10050018-dien-thoai-vivo-y21s-6gb-128gb-xanh-1.jpg,Nguyen_Kim
Điện thoại OPPO A55 4GB/64GB Xanh,,4.190.000đ,6.5,4GB,64GB,"Helio G35, tối đa 2.3GHz",5000mAh,163.6 x 75.7 x 8.4 mm,5.0,16MP,"2.4G/5G, 802.11 a/b/g/n/ac","ColorOS 11.1, nền tảng Android 11",HD+ 720 x 1600 pixels,,,,,,https://www.nguyenkim.com/dien-thoai-oppo-a55-4gb-64gb-xanh.html,https://cdn.nguyenkimmall.com/images/thumbnails/600/336/detailed/755/10050438-dien-thoai-oppo-a55-4gb-64gb-xanh-1.jpg,Nguyen_Kim
Điện thoại Xiaomi Redmi 9A 2GB/32GB Xám,,2.290.000đ,6.53,2GB,32GB,MediaTek Helio G25 8 nhân,5000mAh,Dài 164.9 mm - Ngang 77.07 mm - Dày 9 mm,"LE, A2DP",5MP,"Wi-Fi hotspot, Wi-Fi 802.11 a/b/g/n, Wi-Fi Direct",Android 10,HD+ (700 x 1600) pixels,,,"HD 720p@30fps, FullHD 1080p@30fps",,,https://www.nguyenkim.com/dien-thoai-xiaomi-redmi-9a-2gb-32gb-xam.html,https://cdn.nguyenkimmall.com/images/detailed/691/10046546-dien-thoai-xiaomi-redmi-9a-2gb-32-gb-xam-1.jpg,Nguyen_Kim
Điện thoại iPhone 13 Pro 128GB Bạc,,27.490.000đ,6.1,6GB,128GB,Apple A15 Bionic,,,,12MP,,iOS 15,2532 x 1170 pixels,,,,,,https://www.nguyenkim.com/iphone-13-pro-128gb-bac.html,https://cdn.nguyenkimmall.com/images/thumbnails/600/336/detailed/756/dien-thoai-iphone-13-pro-128gb-bac-1.jpg,Nguyen_Kim
Điện thoại OPPO A55 4GB/64GB Đen,,4.190.000đ,6.5,4GB,64GB,"Helio G35, tối đa 2.3GHz",5000mAh,163.6 x 75.7 x 8.4 mm,5.0,16MP,"2.4G/5G, 802.11 a/b/g/n/ac","ColorOS 11.1, nền tảng Android 11",HD+ 720 x 1600 pixels,,,,,,https://www.nguyenkim.com/dien-thoai-oppo-a55-4gb-64gb-den.html,https://cdn.nguyenkimmall.com/images/thumbnails/600/336/detailed/755/10050417-dien-thoai-oppo-a55-4gb-64gb-den-1.jpg,Nguyen_Kim
Điện thoại Xiaomi Redmi Note 11S 8GB/128GB Xanh Dương,,5.790.000đ,6.43,8GB,128GB,Mediatek Helio G96 (12 nm),5000mAh,,,16MP,,Android 11,,,,,,,https://www.nguyenkim.com/dien-thoai-xiaomi-redmi-note-11s-8gb-128gb-xanh-duong.html,https://cdn.nguyenkimmall.com/images/thumbnails/600/336/detailed/794/10051862-dien-thoai-xiaomi-redmi-note-11s-8gb-128gb-xanh-duong.jpg,Nguyen_Kim
Điện thoại Samsung Galaxy S20 Ultra Xám,,29.990.000đ,6.9,12GB,128GB,Exynos 990,5000mAh,,Bluetooth 5.0,40MP,Có,"Android 10, One UI 2.1",,,,,,,https://www.nguyenkim.com/samsung-galaxy-s20-ultra.html,https://cdn.nguyenkimmall.com/images/thumbnails/640/177/detailed/631/10044955-1.jpg,Nguyen_Kim
Điện thoại Nokia C30 3GB/32GB Xanh Lục,,2.650.000đ,6.82,3GB,32GB,,6000mAh,Dài 177.7 mm - Ngang 79.1 mm - Dày 9.9 mm mm,,5MP,,Android 11 (Go Edition),HD+ (720 x 1600) pixels,,,,,,https://www.nguyenkim.com/dien-thoai-nokia-c30-3gb-32gb-xanh-luc.html,https://cdn.nguyenkimmall.com/images/detailed/782/10051279-dien-thoai-nokia-c30-3gb-32gb-xanh-luc-1.jpg,Nguyen_Kim
Điện thoại OPPO Reno4 Xanh thiên hà,,6.792.000đ,6.4,8GB,128GB,Qualcomm Snapdragon 720G,,160.3 x 73.9 x 7.7 mm,Bluetooth 5.1,32MP,802.11 a/b/g/n/ac/,"ColorOS 7.2, nền tảng Android 10",FHD+ (1080 x 2400) pixels,,,Có,,,https://www.nguyenkim.com/dien-thoai-oppo-reno4-xanh-thien-ha.html,https://cdn.nguyenkimmall.com/images/detailed/672/10046909-dien-thoai-oppo-reno4-xanh-thien-ha-1.jpg,Nguyen_Kim
Điện thoại Oppo A95 8GB/128GB Bạc,,5.990.000đ,6.43,8GB,128GB,"Qualcomm Snapdragon 662, tối đa 2.0GHz",5000mAh,160.3 x 73.8 x 7.95 mm,5.0,16MP,"2.4G/5G, 802.11 a/b/g/n/ac","ColorOS 11.1, nền tảng Android 11",1080 x 2400 (FHD+) pixels,,,,,,https://www.nguyenkim.com/dien-thoai-oppo-a95-bac.html,https://cdn.nguyenkimmall.com/images/detailed/770/10050754-dien-thoai-oppo-a95-8gb-128gb-bac-1.jpg,Nguyen_Kim
Điện thoại Samsung Galaxy A72 4G 8GB/256GB Trắng,,11.490.000đ,6.7,8GB,256GB,Vi xử lý 8 nhân Snapdragon 720G,5000mAh,,,32MP,,,,,,,,,https://www.nguyenkim.com/dien-thoai-samsung-galaxy-a72-4g-8gb-256gb-trang.html,https://cdn.nguyenkimmall.com/images/thumbnails/600/336/detailed/723/10048938-dien-thoai-samsung-galaxy-a72-4g-8gb-256gb-trang-1.jpg,Nguyen_Kim
Điện thoại Xiaomi Redmi Note 11S 8GB/128GB Trắng,,5.790.000đ,6.43,8GB,128GB,Mediatek Helio G96 (12 nm),5000mAh,,,16MP,,Android 11,,,,,,,https://www.nguyenkim.com/dien-thoai-xiaomi-redmi-note-11s-8gb-128gb-trang.html,https://cdn.nguyenkimmall.com/images/thumbnails/600/336/detailed/794/10051859-dien-thoai-xiaomi-redmi-note-11s-8gb-128gb-trang.jpg,Nguyen_Kim
Điện thoại Samsung S21 FE 5G 8GB/128GB Tím,,16.990.000đ,6.4,8GB,128GB,Exynos 2100,4500mAh,155.7 x 74.5 x 7.9 mm,,32MP,,,Full HD+ (1080 x 2340) pixels,,,,,,https://www.nguyenkim.com/dien-thoai-samsung-s21-fe-5g-8gb-128gb-tim.html,https://cdn.nguyenkimmall.com/images/thumbnails/600/336/detailed/779/10050968-dien-thoai-samsung-s21-fe-5g-8gb-128gb-tim-1.jpg,Nguyen_Kim
Điện thoại Samsung S22 Ultra 8GB/128GB Đen,,26.490.000đ,6.8,8GB,128GB,Qualcomm Snapdragon 8 Gen 1,5000mAh,,,40MP,,,,,,,,,https://www.nguyenkim.com/dien-thoai-samsung-s22-ultra-8gb-128gb-den.html,https://cdn.nguyenkimmall.com/images/thumbnails/600/336/detailed/787/10051338-dien-thoai-samsung-s22-ultra-8gb-128gb-den-1.jpg,Nguyen_Kim
Điện thoại Samsung S22 Ultra 12GB/256GB Trắng,,29.490.000đ,6.8,12GB,256GB,Qualcomm Snapdragon 8 Gen 1,5000mAh,,,40MP,,,,,,,,,https://www.nguyenkim.com/dien-thoai-samsung-s22-ultra-12gb-256gb-trang.html,https://cdn.nguyenkimmall.com/images/detailed/787/10051343-dien-thoai-samsung-s22-ultra-12gb-256gb-trang-1.jpg,Nguyen_Kim
Điện thoại Xiaomi Redmi 9C 3GB/64GB Cam,,2.790.000đ,6.53,3GB,64GB,MediaTek Helio G35 8 nhân,5000mAh,Dài 164.9 mm - Ngang 77.07 mm - Dày 9.0 mm,"LE v4.2, A2DP",5MP,"Wi-Fi Direct, Wi-Fi 802.11 a/b/g/n, Wi-Fi hotspot",Android 10,HD+ (720 x 1600) pixels,,,"FullHD 1080p@30fps, HD 720p@30fps",,,https://www.nguyenkim.com/dien-thoai-xiaomi-redmi-9c-3gb-64gb-cam.html,https://cdn.nguyenkimmall.com/images/detailed/691/10047322-dien-thoai-xiaomi-redmi-9c-3gb-64gb-cam-1.jpg,Nguyen_Kim
Điện thoại Samsung Galaxy A22 6GB/128GB Xanh,,4.790.000đ,6.4,6GB,128GB,"Bộ vi xử lí tám nhân, xung nhịp tối đa 2GHz",5000mAh,,,13MP,,,,,,,,,https://www.nguyenkim.com/dien-thoai-samsung-galaxy-a22-6gb-128gb-xanh.html,https://cdn.nguyenkimmall.com/images/thumbnails/600/336/detailed/738/10049549-dien-thoai-samsung-galaxy-a22-6gb-128gb-xanh-1.jpg,Nguyen_Kim
Điện thoại Nokia C20 2GB/32GB Xanh,,2.040.000đ,6.5,2GB,32GB,SC9863A 8 nhân | 1.6GHz,2950mAh,169.9 x 77.9 X 8.8 mm,,5MP,802.11 b/g/n,Android 11 (phiên bản Go),,,,,,,https://www.nguyenkim.com/dien-thoai-nokia-c20-2gb-32gb-xanh.html,https://cdn.nguyenkimmall.com/images/detailed/728/10049232-dien-thoai-nokia-c20-2gb-32gb-xanh-1.jpg,Nguyen_Kim
Điện thoại Xiaomi Redmi Note 11S 8GB/128GB Xám,,5.790.000đ,6.43,8GB,128GB,Mediatek Helio G96 (12 nm),5000mAh,,,16MP,,Android 11,,,,,,,https://www.nguyenkim.com/dien-thoai-xiaomi-redmi-note-11s-8gb-128gb-xam.html,https://cdn.nguyenkimmall.com/images/detailed/794/10051863-dien-thoai-xiaomi-redmi-note-11s-8gb-128gb-xam.jpg,Nguyen_Kim
Điện thoại Samsung A33 5G 6GB/128GB Xanh,,8.090.000đ,6.4,6GB,128GB,,,"Cao 159,7 x Rộng 74,0 x Dày 8,1 mm",Bluetooth v5.1,13MP,"802.11 a / b / g / n / ac 2.4G + 5GHz, VHT80",Android,FHD +(1080 x 2400 ) pixels,,,UHD 4K (3840 x 2160) @ 30 khung hình / giây,,,https://www.nguyenkim.com/dien-thoai-samsung-a33-5g-6gb-128gb-xanh.html,https://cdn.nguyenkimmall.com/images/thumbnails/600/336/detailed/796/10051579-dien-thoai-samsung-a33-5g-6gb-128gb-xanh-1.jpg,Nguyen_Kim
Điện thoại Samsung Galaxy A13 4GB/128GB Đen,,3.890.000đ,6.6,4GB,128GB,Exynos850 (8 nhân),5000mAh,,,8MP,,,,,,,,,https://www.nguyenkim.com/dien-thoai-samsung-galaxy-a13-4gb-128gb-den.html,https://cdn.nguyenkimmall.com/images/thumbnails/600/336/detailed/789/10051526-dien-thoai-samsung-galaxy-a13-4gb-128gb-den-1.jpg,Nguyen_Kim
Điện thoại Samsung Galaxy A22 6GB/128GB Đen,,4.790.000đ,6.4,6GB,128GB,"Bộ vi xử lí tám nhân, xung nhịp tối đa 2GHz",5000mAh,,,13MP,,,,,,,,,https://www.nguyenkim.com/dien-thoai-samsung-galaxy-a22-6gb-128gb-den.html,https://cdn.nguyenkimmall.com/images/thumbnails/600/336/detailed/738/10049550-dien-thoai-samsung-galaxy-a22-6gb-128gb-den-1.jpg,Nguyen_Kim
Điện thoại Samsung S22 Ultra 8GB/128GB Đỏ,,26.490.000đ,6.8,8GB,128GB,Qualcomm Snapdragon 8 Gen 1,5000mAh,,,40MP,,,,,,,,,https://www.nguyenkim.com/dien-thoai-samsung-s22-ultra-8gb-128gb-do.html,https://cdn.nguyenkimmall.com/images/thumbnails/600/336/detailed/787/10051337-dien-thoai-samsung-s22-ultra-8gb-128gb-do-1.jpg,Nguyen_Kim
Điện thoại Samsung A73 8GB/128GB Trắng,,11.190.000đ,6.7,8GB,128GB,Snapdragon 778G (8 nhân),5000mAh,,,32MP,,Android 12,FHD+ (2400x1080) pixels,,,,,,https://www.nguyenkim.com/dien-thoai-samsung-a73-8gb-128gb-trang.html,https://cdn.nguyenkimmall.com/images/thumbnails/600/336/detailed/796/10051822-dien-thoai-samsung-a73-6gb-128gb-trang-1.jpg,Nguyen_Kim
Điện thoại Xiaomi Redmi Note 11 Pro 8GB/128GB Trắng,,6.590.000đ,6.67,8GB,128GB,,5000mAh,,,16MP,,Android 11,,,,,,,https://www.nguyenkim.com/dien-thoai-xiaomi-redmi-note-11pro-8gb-128gb-trang.html,https://cdn.nguyenkimmall.com/images/detailed/794/10051870-dien-thoai-xiaomi-redmi-note-11pro-8gb-128gb-trang-1.jpg,Nguyen_Kim
Điện thoại Samsung Galaxy A52s 5G 8GB/128GB Xanh,,10.990.000đ,6.5,8GB,128GB,Qualcomm Snapdragon 778G 5G (6 nm),4500mAh,,,32MP,,Android 11,,,,,,,https://www.nguyenkim.com/dien-thoai-samsung-galaxy-a52s-5g-8gb-128gb-xanh.html,https://cdn.nguyenkimmall.com/images/thumbnails/600/336/detailed/748/10049942-dien-thoai-samsung-galaxy-a52s-5g-8gb-128gb-xanh-1.jpg,Nguyen_Kim
Điện thoại Samsung S21 FE 5G 6GB/128GB Tím,,10.990.000đ,6.4,6GB,128GB,Exynos 2100,4500mAh,155.7 x 74.5 x 7.9 mm,,32MP,,,Full HD+ (1080 x 2340) pixels,,,,,,https://www.nguyenkim.com/dien-thoai-samsung-s21-fe-5g-6gb-128gb-tim.html,https://cdn.nguyenkimmall.com/images/thumbnails/600/336/detailed/779/10050964-dien-thoai-samsung-s21-fe-5g-6gb-128gb-tim-1.jpg,Nguyen_Kim
Điện thoại Samsung A73 8GB/128GB Xám,,11.190.000đ,6.7,8GB,128GB,,5000mAh,,,32MP,,Android 12,FHD+ (2400x1080) pixels,,,,,,https://www.nguyenkim.com/dien-thoai-samsung-a73-8gb-128gb-xam.html,https://cdn.nguyenkimmall.com/images/thumbnails/600/336/detailed/796/10051821-dien-thoai-samsung-a73-6gb-128gb-xam-1.jpg,Nguyen_Kim
Điện thoại Samsung S22 8GB/128GB Đen,,17.990.000đ,6.1,8GB,128GB,Qualcomm Snapdragon 8 Gen 1,3700mAh,,,,,,1080 x 2340 pixels,,,,,,https://www.nguyenkim.com/dien-thoai-samsung-s22-8gb-128gb-den.html,https://cdn.nguyenkimmall.com/images/detailed/786/10051321-dien-thoai-samsung-s22-8gb-128gb-den-1.jpg,Nguyen_Kim
Điện thoại Samsung S21 FE 5G 6GB/128GB Xanh Lá,,10.990.000đ,6.4,6GB,128GB,Exynos 2100,4500mAh,155.7 x 74.5 x 7.9 mm,,32MP,,,Full HD+ (1080 x 2340) pixels,,,,,,https://www.nguyenkim.com/dien-thoai-samsung-s21-fe-5g-6gb-128gb-xanh-la.html,https://cdn.nguyenkimmall.com/images/thumbnails/600/336/detailed/779/10050965-dien-thoai-samsung-s21-fe-5g-6gb-128gb-xanh-la-1.jpg,Nguyen_Kim
Điện thoại Samsung S22 Ultra 12GB/512GB Xanh Lá,,32.490.000đ,6.8,12GB,512GB,Qualcomm Snapdragon 8 Gen 1,5000mAh,,,40MP,,,,,,,,,https://www.nguyenkim.com/dien-thoai-samsung-s22-ultra-12gb-512gb-xanh-la.html,https://cdn.nguyenkimmall.com/images/thumbnails/600/336/detailed/787/10051347-dien-thoai-samsung-s22-ultra-12gb-512gb-xanh-la-1.jpg,Nguyen_Kim
Điện thoại Xiaomi Redmi Note 11 Pro 8GB/128GB Xám,,6.590.000đ,6.67,8GB,128GB,,5000mAh,,,16MP,,Android 11,,,,,,,https://www.nguyenkim.com/dien-thoai-xiaomi-redmi-note-11pro-8gb-128gb-xam.html,https://cdn.nguyenkimmall.com/images/detailed/794/10051873-dien-thoai-xiaomi-redmi-note-11pro-8gb-128gb-xam-1_k43t-xp.jpg,Nguyen_Kim
Điện thoại Samsung S22 Ultra 8GB/128GB Trắng,,26.490.000đ,6.8,8GB,128GB,Qualcomm Snapdragon 8 Gen 1,5000mAh,,,40MP,,,,,,,,,https://www.nguyenkim.com/dien-thoai-samsung-s22-ultra-8gb-128gb-trang.html,https://cdn.nguyenkimmall.com/images/thumbnails/600/336/detailed/787/10051339-dien-thoai-samsung-s22-ultra-8gb-128gb-trang-1.jpg,Nguyen_Kim
Điện thoại Samsung S21 FE 5G 8GB/128GB Xám,,16.990.000đ,6.4,8GB,128GB,Exynos 2100,4500mAh,155.7 x 74.5 x 7.9 mm,,32MP,,,Full HD+ (1080 x 2340) pixels,,,,,,https://www.nguyenkim.com/dien-thoai-samsung-s21-fe-5g-8gb-128gb-xam.html,https://cdn.nguyenkimmall.com/images/detailed/779/10050967-dien-thoai-samsung-s21-fe-5g-8gb-128gb-xam-1.jpg,Nguyen_Kim
Điện thoại iPhone 13 Pro 256GB Xanh Dương,,29.790.000đ,6.1,6GB,256GB,Apple A15 Bionic,,,,12MP,,iOS 15,2532 x 1170 pixels,,,,,,https://www.nguyenkim.com/iphone-13-pro-256gb-xanh-duong.html,https://cdn.nguyenkimmall.com/images/thumbnails/600/336/detailed/756/dien-thoai-iphone-13-pro-256gb-xanh-duong-1.jpg,Nguyen_Kim
Điện thoại Samsung S22 Ultra 12GB/256GB Đỏ,,29.490.000đ,6.8,12GB,256GB,Qualcomm Snapdragon 8 Gen 1,5000mAh,,,40MP,,,,,,,,,https://www.nguyenkim.com/dien-thoai-samsung-s22-ultra-12gb-256gb-do.html,https://cdn.nguyenkimmall.com/images/thumbnails/600/336/detailed/787/10051341-dien-thoai-samsung-s22-ultra-12gb-256gb-do-1.jpg,Nguyen_Kim
Điện thoại Samsung Galaxy A03 32GB Đỏ,,2.790.000đ,6.5,,32GB,,5000mAh,,,5MP,,,HD+ (720x1600) pixels,,,,,,https://www.nguyenkim.com/dien-thoai-samsung-galaxy-a03-32gb-do.html,https://cdn.nguyenkimmall.com/images/detailed/776/10051130-dien-thoai-samsung-galaxy-a03-32gb-do-1.jpg,Nguyen_Kim
Điện thoại Samsung S22 Ultra 12GB/512GB Đỏ,,32.490.000đ,6.8,12GB,512GB,Qualcomm Snapdragon 8 Gen 1,5000mAh,,,40MP,,,,,,,,,https://www.nguyenkim.com/dien-thoai-samsung-s22-ultra-12gb-512gb-do.html,https://cdn.nguyenkimmall.com/images/thumbnails/600/336/detailed/787/10051344-dien-thoai-samsung-s22-ultra-12gb-512gb-do-1.jpg,Nguyen_Kim
Điện thoại iPhone 13 Pro Max 128GB Bạc,,29.990.000đ,6.7,6GB,128GB,Apple A15 Bionic,,,,12MP,,iOS 15,1284 x 2778 pixels,,,,,,https://www.nguyenkim.com/iphone-13-pro-max-128gb-bac.html,https://cdn.nguyenkimmall.com/images/thumbnails/600/336/detailed/756/dien-thoai-iphone-13-pro-max-128gb-bac-1.jpg,Nguyen_Kim
Điện thoại OPPO A76 6GB/128GB Xanh,,5.490.000đ,6.56,6GB,128GB,"Qualcomm Snapdragon 680, tối đa 2.4GHz",5000mAh,164.4 x 75.7 x 8.4 mm,5.0,8MP,"2.4G/5G, 802.11 a/b/g/n/ac","ColorOS 11.1, nền tảng Android 11",(HD+) 720 x 1612 pixels,,,,,,https://www.nguyenkim.com/dien-thoai-oppo-a76-6gb-128gb-xanh.html,https://cdn.nguyenkimmall.com/images/thumbnails/600/336/detailed/785/10051457-dien-thoai-oppo-a76-6gb-128gb-xanh-1.jpg,Nguyen_Kim
Điện thoại iPhone 13 256GB Hồng,,23.690.000đ,6.1,4GB,256GB,Apple A15 Bionic,,147 x 72 x 8 mm,,12MP,,iOS 15,1170 x 2532 pixels,,,,,,https://www.nguyenkim.com/iphone-13-256gb-hong.html,https://cdn.nguyenkimmall.com/images/thumbnails/600/336/detailed/756/dien-thoai-iphone-13-256gb-hong-1.jpg,Nguyen_Kim
Điện thoại iPhone 13 Pro Max 1TB Vàng Đồng,,44.490.000đ,6.7,6GB,1TB,Apple A15 Bionic,,,,12MP,,iOS 15,1284 x 2778 pixels,,,,,,https://www.nguyenkim.com/iphone-13-pro-max-1tb-vang-dong.html,https://cdn.nguyenkimmall.com/images/detailed/757/dien-thoai-iphone-13-pro-max-1tb-vang-dong-1.jpg,Nguyen_Kim
Điện thoại iPhone 13 Pro 256GB Xám,,29.790.000đ,6.1,6GB,256GB,Apple A15 Bionic,,,,12MP,,iOS 15,2532 x 1170 pixels,,,,,,https://www.nguyenkim.com/iphone-13-pro-256gb-xam.html,https://cdn.nguyenkimmall.com/images/thumbnails/600/336/detailed/756/dien-thoai-iphone-13-pro-256gb-xam-1.jpg,Nguyen_Kim
Điện thoại Vivo Y33s 8GB/128GB Đen,,4.890.000đ,6.58,8GB,128GB,MediaTek Helio G80,5000mAh,164.26x76.08x8.00 mm,Bluetooth 5.0,16MP,2.4GHz /5GHz,Funtouch OS 11.1 (Tuỳ biến trên Android 11),FHD+ (2408×1080) pixels,,,,,,https://www.nguyenkim.com/dien-thoai-vivo-y33s-8gb-128gb-den.html,https://cdn.nguyenkimmall.com/images/thumbnails/600/336/detailed/776/10051055-dien-thoai-vivo-y33s-8gb-128gb-den-1.jpg,Nguyen_Kim
Điện thoại Nokia C21 Plus 2GB/64GB Xám Ánh Kim,,2.490.000đ,6.5,2GB,64GB,,5050mAh,164.8 x 75.9 X 8.55 mm,Bluetooth® 4.2,5MP,Wifi 802.11 b/g/n,Android 11 (Go Edition),HD+ (720 x 1560) pixels,,,,,,https://www.nguyenkim.com/dien-thoai-nokia-c21-plus-2gb-64gb-xam-anh-kim.html,https://cdn.nguyenkimmall.com/images/thumbnails/600/336/detailed/803/10052223-dien-thoai-nokia-c21-plus-2gb-64gb-xam-anh-kim-1.jpg,Nguyen_Kim
Điện thoại Samsung Galaxy S22 Ultra 5G 128GB Xanh lá,,30.990.000đ,6.8,8GB,128GB,Vi xử lý 4nm,5000mAh,,Bluetooth v5.2,40MP,"802.11 a/b/g/n/ac/ax 2.4G+5GHz+6GHz, HE160, MIMO, 1024-QAM","Android 12, One UI 4.1",Quad HD+ (3088 x 1440) pixels,,,,,,https://www.nguyenkim.com/dien-thoai-samsung-galaxy-s22-ultra-5g-128gb-xanh-la.html,https://cdn.nguyenkimmall.com/images/thumbnails/600/336/detailed/804/10051424-dien-thoai-samsung-galaxy-s22-ultra-5g-128gb-xanh-la-1.jpg,Nguyen_Kim
Điện thoại Samsung Galaxy S22 Ultra 5G 256GB Xanh lá,,33.990.000đ,6.8,12GB,256GB,Vi xử lý 4nm,5000mAh,,Bluetooth v5.2,40MP,"802.11 a/b/g/n/ac/ax 2.4G+5GHz+6GHz, HE160, MIMO, 1024-QAM","Android 12, One UI 4.1",Quad HD+ (3088 x 1440) pixels,,,,,,https://www.nguyenkim.com/dien-thoai-samsung-galaxy-s22-ultra-5g-256gb-xanh-la.html,https://cdn.nguyenkimmall.com/images/thumbnails/600/336/detailed/804/10051425-dien-thoai-samsung-galaxy-s22-ultra-5g-256gb-xanh-la-1.jpg,Nguyen_Kim
Điện thoại Samsung Galaxy A52s 5G 8GB/128GB Tím,,10.990.000đ,6.5,8GB,128GB,Qualcomm Snapdragon 778G 5G (6 nm),4500mAh,,,32MP,,Android 11,,,,,,,https://www.nguyenkim.com/dien-thoai-samsung-galaxy-a52s-5g-8gb-128gb-tim.html,https://cdn.nguyenkimmall.com/images/thumbnails/600/336/detailed/748/10049943-dien-thoai-samsung-galaxy-a52s-5g-8gb-128gb-tim-1.jpg,Nguyen_Kim
Điện thoại iPhone 13 256GB Xanh Dương,,23.690.000đ,6.1,4GB,256GB,Apple A15 Bionic,,147 x 72 x 8 mm,,12MP,,iOS 15,1170 x 2532 pixels,,,,,,https://www.nguyenkim.com/iphone-13-256gb-xanh-duong.html,https://cdn.nguyenkimmall.com/images/thumbnails/600/336/detailed/756/dien-thoai-iphone-13-256gb-xanh-duong-1.jpg,Nguyen_Kim
Điện thoại Oppo A95 8GB/128GB Đen,,5.990.000đ,6.43,8GB,128GB,"Qualcomm Snapdragon 662, tối đa 2.0GHz",5000mAh,160.3 x 73.8 x 7.95 mm,5.0,16MP,"2.4G/5G, 802.11 a/b/g/n/ac","ColorOS 11.1, nền tảng Android 11",1080 x 2400 (FHD+) pixels,,,,,,https://www.nguyenkim.com/dien-thoai-oppo-a95-den.html,https://cdn.nguyenkimmall.com/images/thumbnails/600/336/detailed/770/10050753-dien-thoai-oppo-a95-8gb-128gb-den-1.jpg,Nguyen_Kim
Điện thoại iPhone 13 Pro Max 1TB Xanh Dương,,44.490.000đ,6.7,6GB,1TB,Apple A15 Bionic,,,,12MP,,iOS 15,1284 x 2778 pixels,,,,,,https://www.nguyenkim.com/iphone-13-pro-max-1tb-xanh-duong.html,https://cdn.nguyenkimmall.com/images/thumbnails/600/336/detailed/757/dien-thoai-iphone-13-pro-max-1tb-xanh-duong-1.jpg,Nguyen_Kim
Điện thoại Samsung Galaxy A13 4GB/128GB Cam,,3.890.000đ,6.6,4GB,128GB,Exynos850 (8 nhân),5000mAh,,,8MP,,,,,,,,,https://www.nguyenkim.com/dien-thoai-samsung-galaxy-a13-4gb-128gb-cam.html,https://cdn.nguyenkimmall.com/images/thumbnails/600/336/detailed/790/10051527-dien-thoai-samsung-galaxy-a13-4gb-128gb-cam-1.jpg,Nguyen_Kim
Điện thoại Samsung S22 Plus 8GB/128GB Trắng,,21.790.000đ,6.6,8GB,128GB,Qualcomm Snapdragon 8 Gen 1,4500mAh,,,,,,,,,,,,https://www.nguyenkim.com/dien-thoai-samsung-s22-plus-8gb-128gb-trang.html,https://cdn.nguyenkimmall.com/images/detailed/786/10051331-dien-thoai-samsung-s22-plus-8gb-128gb-trang-1.jpg,Nguyen_Kim
Điện thoại Vivo Y33s 8GB/128GB Xanh Hồng,,4.890.000đ,6.58,8GB,128GB,MediaTek Helio G80,5000mAh,164.26x76.08x8.00 mm,Bluetooth 5.0,16MP,2.4GHz /5GHz,Funtouch OS 11.1 (Tuỳ biến trên Android 11),FHD+ (2408×1080) pixels,,,,,,https://www.nguyenkim.com/dien-thoai-vivo-y33s-8gb-128gb-xanh-hong.html,https://cdn.nguyenkimmall.com/images/thumbnails/600/336/detailed/776/10051054-dien-thoai-vivo-y33s-8gb-128gb-xanh-hong-1.jpg,Nguyen_Kim
Điện thoại iPhone 13 Pro Max 256GB Bạc,,32.990.000đ,6.7,6GB,256GB,Apple A15 Bionic,,,,12MP,,iOS 15,1284 x 2778 pixels,,,,,,https://www.nguyenkim.com/iphone-13-pro-max-256gb-bac.html,https://cdn.nguyenkimmall.com/images/thumbnails/600/336/detailed/756/dien-thoai-iphone-13-pro-max-256gb-bac-1.jpg,Nguyen_Kim
Điện thoại Vivo V23e 8GB/128GB Đen,,6.490.000đ,6.44,8GB,128GB,MediaTek Helio G96,4050mAh,160.87 x 74.28 x 7.36 mm,Bluetooth 5.2,50MP,"2.4GHz, 5GHz",Funtouch OS 12 (Tùy biến trên Android 11),FHD+ 2400×1080 pixels,,,,,,https://www.nguyenkim.com/dien-thoai-vivo-v23e-8gb-128gb-den.html,https://cdn.nguyenkimmall.com/images/thumbnails/600/336/detailed/766/10050700-dien-thoai-vivo-v23e-8gb-128gb-den-1.jpg,Nguyen_Kim
Điện thoại iPhone 13 Pro 1TB Xám,,39.990.000đ,6.1,6GB,1TB,Apple A15 Bionic,,,,12MP,,iOS 15,2532 x 1170 pixels,,,,,,https://www.nguyenkim.com/iphone-13-pro-1tb-xam.html,https://cdn.nguyenkimmall.com/images/thumbnails/600/336/detailed/756/dien-thoai-iphone-13-pro-1tb-xam-1.jpg,Nguyen_Kim
Điện thoại iPhone 13 Pro Max 512GB Xám,,38.490.000đ,6.7,6GB,512GB,Apple A15 Bionic,,,,12MP,,iOS 15,1284 x 2778 pixels,,,,,,https://www.nguyenkim.com/iphone-13-pro-max-512gb-xam.html,https://cdn.nguyenkimmall.com/images/thumbnails/600/336/detailed/756/dien-thoai-iphone-13-pro-max-512gb-xam-1.jpg,Nguyen_Kim
Điện thoại OPPO A76 6GB/128GB Đen,,5.490.000đ,6.56,6GB,128GB,"Qualcomm Snapdragon 680, tối đa 2.4GHz",5000mAh,164.4 x 75.7 x 8.4 mm,5.0,8MP,"2.4G/5G, 802.11 a/b/g/n/ac","ColorOS 11.1, nền tảng Android 11",(HD+) 720 x 1612 pixels,,,,,,https://www.nguyenkim.com/dien-thoai-oppo-a76-6gb-128gb-den.html,https://cdn.nguyenkimmall.com/images/thumbnails/600/336/detailed/785/10051456-dien-thoai-oppo-a76-6gb-128gb-den-1.jpg,Nguyen_Kim
Điện thoại Vivo Y21s 4GB/128GB Trắng,,4.150.000đ,6.51,4GB,128GB,Mediatek Helio G80,5000mAh,164.26 x 76.08 x 8.00 mm,Bluetooth 5.0,8MP,2.4GHz / 5GHz,Funtouch OS 11.1 (Tuỳ biến trên Android 11),HD+ (1600*720)  pixels,,,,,,https://www.nguyenkim.com/dien-thoai-vivo-y21s-4gb-128gb-trang.html,https://cdn.nguyenkimmall.com/images/detailed/751/10049935-dien-thoai-vivo-y21s-4gb-128gb-trắng-1.jpg,Nguyen_Kim
Điện thoại Samsung S22 Plus 8GB/128GB Hồng,,21.790.000đ,6.6,8GB,128GB,Qualcomm Snapdragon 8 Gen 1,4500mAh,,,,,,,,,,,,https://www.nguyenkim.com/dien-thoai-samsung-s22-plus-8gb-128gb-hong.html,https://cdn.nguyenkimmall.com/images/detailed/787/10051333-dien-thoai-samsung-s22-plus-8gb-256gb-hong-1.jpg,Nguyen_Kim
Điện thoại Samsung S21 FE 5G 8GB/128GB Trắng,,16.990.000đ,6.4,8GB,128GB,Exynos 2100,4500mAh,155.7 x 74.5 x 7.9 mm,,32MP,,,Full HD+ (1080 x 2340) pixels,,,,,,https://www.nguyenkim.com/dien-thoai-samsung-s21-fe-5g-8gb-128gb-trang.html,https://cdn.nguyenkimmall.com/images/thumbnails/600/336/detailed/779/10050966-dien-thoai-samsung-s21-fe-5g-8gb-128gb-trang-1.jpg,Nguyen_Kim
Điện thoại Samsung A33 5G 6GB/128GB Cam,,8.090.000đ,6.4,6GB,128GB,,,"Cao 159,7 x Rộng 74,0 x Dày 8,1 mm",Bluetooth v5.1,13MP,"802.11 a / b / g / n / ac 2.4G + 5GHz, VHT80",Android,FHD +(1080 x 2400 ) pixels,,,UHD 4K (3840 x 2160) @ 30 khung hình / giây,,,https://www.nguyenkim.com/dien-thoai-samsung-a33-5g-6gb-128gb-cam.html,https://cdn.nguyenkimmall.com/images/thumbnails/600/336/detailed/796/10051581-dien-thoai-samsung-a33-5g-6gb-128gb-cam-1.jpg,Nguyen_Kim
Điện thoại iPhone 13 Pro Max 512GB Bạc,,38.490.000đ,6.7,6GB,512GB,Apple A15 Bionic,,,,12MP,,iOS 15,1284 x 2778 pixels,,,,,,https://www.nguyenkim.com/iphone-13-pro-max-512gb-bac.html,https://cdn.nguyenkimmall.com/images/detailed/756/dien-thoai-iphone-13-pro-max-512gb-bac-1.jpg,Nguyen_Kim
Điện thoại Samsung Galaxy Z Fold 3 5G 256GB Xanh Lá,,31.990.000đ,,12GB,256GB,Qualcomm SM8350 Snapdragon 888 (5 nm),4400mAh,"Khi mở: 158.2 x 128.1 x 6.4 mm, Khi gập: 158.2 x 67.1 x 16.0 mm",,4MP 10MP,,Android 11,,,,"4K@60fps, 1080p@60/240fps (gyro-EIS), 720p@960fps (gyro-EIS), HDR10+",,,https://www.nguyenkim.com/dien-thoai-samsung-galaxy-z-fold-3-5g-256gb-xanh-la.html,https://cdn.nguyenkimmall.com/images/thumbnails/600/336/detailed/749/10049831-dien-thoai-samsung-galaxy-z-fold-3-256gb-xanh-la-1.jpg,Nguyen_Kim
Điện thoại Samsung S22 Ultra 12GB/512GB Đen,,32.490.000đ,6.8,12GB,512GB,Qualcomm Snapdragon 8 Gen 1,5000mAh,,,40MP,,,,,,,,,https://www.nguyenkim.com/dien-thoai-samsung-s22-ultra-12gb-512gb-den.html,https://cdn.nguyenkimmall.com/images/thumbnails/600/336/detailed/787/10051345-dien-thoai-samsung-s22-ultra-12gb-512gb-den-1.jpg,Nguyen_Kim
Điện thoại iPhone 13 mini 128GB Đỏ,,18.490.000đ,5.4,4GB,128GB,Apple A15 Bionic,,132 x 64 x8 mm,,12MP,,iOS 15,Full HD+ (1080 x 2340) pixels,,,,,,https://www.nguyenkim.com/iphone-13-mini-128gb-do.html,https://cdn.nguyenkimmall.com/images/detailed/755/dien-thoai-iphone-13-mini-128gb-do-1.jpg,Nguyen_Kim
Điện thoại Samsung A53 5G 128GB Trắng,,8.990.000đ,6.5,8GB,128GB,Exynos 1280 (8 nhân),5000mAh,,,32MP,,,,,,,,,https://www.nguyenkim.com/dien-thoai-samsung-a53-5g-128gb-trang.html,https://cdn.nguyenkimmall.com/images/detailed/788/10051586-dien-thoai-samsung-a53-5g-128gb-trang-1.jpg,Nguyen_Kim
Điện thoại Vivo V23e 8GB/128GB Xanh Hồng,,6.490.000đ,6.44,8GB,128GB,MediaTek Helio G96,4050mAh,160.87 x 74.28 x 7.41 mm,Bluetooth 5.2,50MP,"2.4GHz, 5GHz",Funtouch OS 12 (Tùy biến trên Android 11),FHD+ 2400×1080 pixels,,,,,,https://www.nguyenkim.com/dien-thoai-vivo-v23e-8gb-128gb-xanh-hong.html,https://cdn.nguyenkimmall.com/images/detailed/766/10050701-dien-thoai-vivo-v23e-8gb-128gb-xanh-hong-1.jpg,Nguyen_Kim
Điện thoại OPPO Reno7 Z 5G Đen,,9.490.000đ,6.43,8GB,128GB,"Qualcomm Snapdragon 695 5G, tối đa 2.2GHz",4500mAh,159.9 x 73.2 x 7.49 mm,5.1,16MP,"Wifi 2.4G/5G, 802.11 a/b/g/n/ac","ColorOS 12, nền tảng Android 11",(FHD+) 1080 x 2400 pixels,,,,,,https://www.nguyenkim.com/dien-thoai-oppo-reno7-z-5g-den.html,https://cdn.nguyenkimmall.com/images/thumbnails/600/336/detailed/788/10051588-dien-thoai-oppo-reno7-z-5g-den-1.jpg,Nguyen_Kim
Điện thoại iPhone 13 Pro 512GB Xanh Dương,,35.990.000đ,6.1,6GB,512GB,Apple A15 Bionic,,,,12MP,,iOS 15,2532 x 1170 pixels,,,,,,https://www.nguyenkim.com/iphone-13-pro-512gb-xanh-duong.html,https://cdn.nguyenkimmall.com/images/detailed/756/dien-thoai-iphone-13-pro-512gb-xanh-duong-1.jpg,Nguyen_Kim
Điện thoại OPPO Reno7 Z 5G Bạc,,9.490.000đ,6.43,8GB,128GB,"Qualcomm Snapdragon 695 5G, tối đa 2.2GHz",4500mAh,159.9 x 73.2 x 7.49 mm,5.1,16MP,"Wifi 2.4G/5G, 802.11 a/b/g/n/ac","ColorOS 12, nền tảng Android 11",(FHD+) 1080 x 2400 pixels,,,,,,https://www.nguyenkim.com/dien-thoai-oppo-reno7-z-5g-bac.html,https://cdn.nguyenkimmall.com/images/thumbnails/600/336/detailed/788/10051589-dien-thoai-oppo-reno7-z-5g-bac-1.jpg,Nguyen_Kim
Điện thoại Vivo Y21 4GB/64GB Trắng,,3.690.000đ,6.51,4GB,64GB,Mediatek Helio P35,5000mAh,164.26 x 76.08 x 8.00  mm,Bluetooth 5.0,8MP,2.4GHz / 5GHz,,1600*720 (HD+) pixels,,,,,,https://www.nguyenkim.com/dien-thoai-vivo-y21-4gb-64gb-trang.html,https://cdn.nguyenkimmall.com/images/thumbnails/600/336/detailed/770/10050029-dien-thoai-vivo-y21-4gb-64gb-trang-1.jpg,Nguyen_Kim
Điện thoại Xiaomi Redmi 9A 2GB/32GB Xanh lá,,2.290.000đ,6.53,2GB,32GB,MediaTek Helio G25 8 nhân,5000mAh,Dài 164.9 mm - Ngang 77.07 mm - Dày 9 mm,"LE, A2DP",5MP,"Wi-Fi hotspot, Wi-Fi 802.11 a/b/g/n, Wi-Fi Direct",Android 10,HD+ (700 x 1600) pixels,,,"HD 720p@30fps, FullHD 1080p@30fps",,,https://www.nguyenkim.com/dien-thoai-xiaomi-redmi-9a-2gb-32gb-xanh-la.html,https://cdn.nguyenkimmall.com/images/detailed/691/10047356-dien-thoai-xiaomi-redmi-9a-2gb-32gb-xanh-la-1.jpg,Nguyen_Kim
Điện thoại iPhone 13 Pro Max 128GB Vàng Đồng,,29.990.000đ,6.7,6GB,128GB,Apple A15 Bionic,,,,12MP,,iOS 15,1284 x 2778 pixels,,,,,,https://www.nguyenkim.com/dien-thoai-iphone-13-pro-max-128gb-vang-dong-vi.html,https://cdn.nguyenkimmall.com/images/thumbnails/600/336/detailed/760/dien-thoai-iphone-13-pro-max-128gb-vang-dong-1.jpg,Nguyen_Kim
Điện thoại Nokia C20 2GB/32GB Vàng,,2.040.000đ,6.5,2GB,32GB,SC9863A 8 nhân | 1.6GHz,2950mAh,169.9 x 77.9 X 8.8 mm,,5MP,802.11 b/g/n,Android 11 (phiên bản Go),,,,,,,https://www.nguyenkim.com/dien-thoai-nokia-c20-2gb-32gb-vang.html,https://cdn.nguyenkimmall.com/images/thumbnails/600/336/detailed/728/10049231-dien-thoai-nokia-c20-2gb-32gb-vang-1.jpg,Nguyen_Kim
Điện thoại Vivo Y72 5G 8GB/128GB Đen,,5.590.000đ,6.58,8GB,128GB,Mediatek Dimensity 700,5000mAh,163.95 x 75.30 x 8.50 mm,Bluetooth 5.1,16MP,2.4GHz /5GHz,Funtouch OS 11.1,FHD+ 2408 x 1080 pixels,,,,,,https://www.nguyenkim.com/dien-thoai-vivo-y72-5g-8gb-128gb-den.html,https://cdn.nguyenkimmall.com/images/thumbnails/600/336/detailed/726/10049201-dien-thoai-vivo-y72-5g-8gb-128gb-den-1.jpg,Nguyen_Kim
Điện thoại Samsung A33 5G 6GB/128GB Trắng,,8.090.000đ,6.4,6GB,128GB,,,"Cao 159,7 x Rộng 74,0 x Dày 8,1 mm",Bluetooth v5.1,13MP,"802.11 a / b / g / n / ac 2.4G + 5GHz, VHT80",Android,FHD +(1080 x 2400 ) pixels,,,UHD 4K (3840 x 2160) @ 30 khung hình / giây,,,https://www.nguyenkim.com/dien-thoai-samsung-a33-5g-6gb-128gb-trang.html,https://cdn.nguyenkimmall.com/images/detailed/796/10051582-dien-thoai-samsung-a33-5g-6gb-128gb-trang-1.jpg,Nguyen_Kim
Điện thoại Samsung S22 Plus 8GB/256GB Trắng,,23.290.000đ,6.6,8GB,256GB,Qualcomm Snapdragon 8 Gen 1,4500mAh,,,,,,,,,,,,https://www.nguyenkim.com/dien-thoai-samsung-s22-plus-8gb-256gb-trang.html,https://cdn.nguyenkimmall.com/images/thumbnails/600/336/detailed/787/10051336-dien-thoai-samsung-s22-plus-8gb-256gb-trang-1.jpg,Nguyen_Kim
Điện thoại Xiaomi Redmi 9C 3GB/64GB Xanh dương,,2.790.000đ,6.53,3GB,64GB,MediaTek Helio G35 8 nhân,5000mAh,Dài 164.9 mm - Ngang 77.07 mm - Dày 9.0 mm,"LE v4.2, A2DP",5MP,"Wi-Fi Direct, Wi-Fi 802.11 a/b/g/n, Wi-Fi hotspot",Android 10,HD+ (720 x 1600) pixels,,,"FullHD 1080p@30fps, HD 720p@30fps",,,https://www.nguyenkim.com/dien-thoai-xiaomi-redmi-9c-3gb-64gb-xanh-duong.html,https://cdn.nguyenkimmall.com/images/thumbnails/600/336/detailed/691/10047321-dien-thoai-xiaomi-redmi-9c-3gb-64gb-xanh-duong-1.jpg,Nguyen_Kim
Điện thoại OPPO A16K 3GB/32GB Xanh,,3.150.000đ,6.52,3GB,32GB,"Helio G35 8 nhân, tối đa 2.3GHz",4230mAh,164 x 75.4 x 7.85 mm,5.0,5MP,"2.4G/5G, 802.11 a/b/g/n/ac","ColorOS 11, nền tảng Android 11",(HD+) 720 x 1600 pixels,,,,,,https://www.nguyenkim.com/dien-thoai-oppo-a16k-xanh.html,https://cdn.nguyenkimmall.com/images/detailed/771/10050851-dien-thoai-oppo-a16k-3gb-32gb-xanh-1.jpg,Nguyen_Kim
Điện thoại Xiaomi Redmi Note 11 4GB/64GB Xanh Dương Đậm,,3.990.000đ,6.43,4GB,64GB,Snapdragon 680 8 nhân,5000mAh,Dài 159.8 mm - Ngang 73.87 mm - Dày 8.09 mm,v5.0,13MP,Wi-Fi 802.11 a/b/g/n/ac; Wi-Fi Direct,Android 11,Full HD+ 1080 x 2400 pixels,,,FullHD 1080p@30fps,,,https://www.nguyenkim.com/dien-thoai-xiaomi-redmi-note-11-4gb-64gb-xanh-duong-dam.html,https://cdn.nguyenkimmall.com/images/thumbnails/600/336/detailed/794/10051505-dien-thoai-xiaomi-remi-note-11-4-gb-64-gb-xanh-duong-dam.jpg,Nguyen_Kim
Điện thoại Samsung S21 FE 5G 8GB/256GB Tím,,13.490.000đ,6.4,8GB,256GB,Exynos 2100,4500mAh,155.7 x 74.5 x 7.9 mm,,32MP,,,Full HD+ (1080 x 2340) pixels,,,,,,https://www.nguyenkim.com/dien-thoai-samsung-s21-fe-5g-8gb-256gb-tim.html,https://cdn.nguyenkimmall.com/images/thumbnails/600/336/detailed/779/10050972-dien-thoai-samsung-s21-fe-5g-8gb-256gb-tim-1.jpg,Nguyen_Kim
Điện thoại iPhone 12 Pro 256GB Xám,,24.990.000đ,6.1,6GB,256GB,Apple A14 Bionic,,,,12MP,,iOS 14.1,,,,,,,https://www.nguyenkim.com/dien-thoai-iphone-12-pro-256gb-xam.html,https://cdn.nguyenkimmall.com/images/thumbnails/600/336/detailed/698/10047717-dien-thoai-iphone-12-pro-256gb-xam-1.jpg,Nguyen_Kim
Điện thoại iPhone 12 64GB Xanh lá,,16.990.000đ,6.1,4GB,64GB,Apple A14 Bionic,,146.7 x 71.5 x 7.4mm mm,Bluetooth 5.0,12MP,Wi-Fi 6 (802.11ax),iOS 14.1,2532 x 1170 pixels,,,4K,,,https://www.nguyenkim.com/dien-thoai-iphone-12-64gb-xanh-la.html,https://cdn.nguyenkimmall.com/images/thumbnails/600/336/detailed/698/10047702-dien-thoai-iphone-12-64gb-xanh-la-1.jpg,Nguyen_Kim
Điện thoại Samsung S22 Ultra 12GB/512GB Trắng,,32.490.000đ,6.8,12GB,512GB,Qualcomm Snapdragon 8 Gen 1,5000mAh,,,40MP,,,,,,,,,https://www.nguyenkim.com/dien-thoai-samsung-s22-ultra-12gb-512gb-trang.html,https://cdn.nguyenkimmall.com/images/thumbnails/600/336/detailed/787/10051346-dien-thoai-samsung-s22-ultra-12gb-512gb-trang-1.jpg,Nguyen_Kim
Điện thoại Samsung Galaxy S21 Ultra 5G 12GB/128GB Đen,,19.990.000đ,6.8,12GB,128GB,Vi xử lý Exynos 2100 (5nm),5000mAh,,,40MP,,,,,,,,,https://www.nguyenkim.com/dien-thoai-samsung-galaxy-s21-ultra-5g-12gb-128gb-den.html,https://cdn.nguyenkimmall.com/images/detailed/711/10048377-dien-thoai-samsung-galaxy-s21-ultra-12gb-128gb-den-1.jpg,Nguyen_Kim
Điện thoại Samsung Galaxy A22 6GB/128GB Tím,,4.790.000đ,6.4,6GB,128GB,"Bộ vi xử lí tám nhân, xung nhịp tối đa 2GHz",5000mAh,,,13MP,,,,,,,,,https://www.nguyenkim.com/dien-thoai-samsung-galaxy-a22-6gb-128gb-tim.html,https://cdn.nguyenkimmall.com/images/thumbnails/600/336/detailed/738/10049548-dien-thoai-samsung-galaxy-a22-6gb-128gb-tim-1.jpg,Nguyen_Kim
Điện thoại Nokia C21 Plus 3GB/32GB Xám Ánh Kim,,3.190.000đ,6.5,3GB,32GB,,5050mAh,164.8 x 75.9 X 8.55 mm,Bluetooth® 4.2,5MP,Wifi 802.11 b/g/n,Android 11 (Go Edition),(HD+) 720 x 1600 pixels,,,,,,https://www.nguyenkim.com/dien-thoai-nokia-c21-plus-3gb-32gb-xam-anh-kim.html,https://cdn.nguyenkimmall.com/images/detailed/803/10052243-dien-thoai-nokia-c21-plus-3gb-32gb-xam-anh-kim-1.jpg,Nguyen_Kim
Điện thoại iPhone 11 128GB Đen,,13.490.000đ,6.1,4GB,128GB,Apple A13 Bionic 6 nhân,3110mAh,,5.0,12MP,"802.11ax Wi‑Fi 6, 2x2 MIMO",iOS 13,1792x828 pixels,,,"4K tốc độ 24 fps, 30 fps, hoặc 60 fps",,,https://www.nguyenkim.com/iphone-11-128gb-den.html,https://cdn.nguyenkimmall.com/images/thumbnails/640/177/detailed/804/10052273-1.jpg,Nguyen_Kim
Điện thoại Vivo Y72 5G 8GB/128GB Xanh Hồng,,5.590.000đ,6.58,8GB,128GB,Mediatek Dimensity 700,5000mAh,163.95 x 75.30 x 8.50 mm,Bluetooth 5.1,16MP,2.4GHz /5GHz,Funtouch OS 11.1,FHD+ 2408 x 1080 pixels,,,,,,https://www.nguyenkim.com/dien-thoai-vivo-y72-5g-8gb-128gb-xanh-hong.html,https://cdn.nguyenkimmall.com/images/thumbnails/600/336/detailed/726/10049202-dien-thoai-vivo-y72-5g-8gb-128gb-xanh-hong-1.jpg,Nguyen_Kim
Điện thoại OPPO Reno7 4G 8GB/128GB Đen,,7.690.000đ,6.4,8GB,128GB,"Qualcomm Snapdragon 680, tối đa 2.4GHz",4500mAh,,Bluetooth v5.1,32MP,Wi-Fi 5 (802.11ac),"Android 12, ColorOS 12.1",FHD+ (2400x1080) pixels,,,,,,https://www.nguyenkim.com/dien-thoai-oppo-reno7-4g-8gb-128gb-den.html,https://cdn.nguyenkimmall.com/images/thumbnails/600/336/detailed/803/10052320-dien-thoai-oppo-reno7-4g-8gb-128gb-den-1.jpg,Nguyen_Kim
