,Name,Price,priceValidUntil,Công nghệ màn hình,Độ phân giải,Màn hình rộng,Độ sáng tối đa,Mặt kính cảm ứng,Quay phim,Đèn Flash,Tính năng,Hệ điều hành,Chip xử lý (CPU),Tốc độ CPU,Chip đồ họa (GPU),RAM,Bộ nhớ trong,Bộ nhớ còn lại (khả dụng) khoảng,Danh bạ,Mạng di động,SIM,Wifi,GPS,Bluetooth,Cổng kết nối/sạc,Jack tai nghe,Kết nối khác,Dung lượng pin,Loại pin,Hỗ trợ sạc tối đa,Công nghệ pin,Bảo mật nâng cao,Tính năng đặc biệt,"Kháng nước, bụi",Ghi âm,Xem phim,Nghe nhạc,Thiết kế,Chất liệu,"Kích thước, khối lượng",Thời điểm ra mắt,Thẻ nhớ,Sạc kèm theo máy,Radio,Hãng
0,Điện thoại iPhone 11 64GB,13790000.0,02/10/2019,IPS LCD,12 MP,"6.1"" - Tần số quét 60 Hz",625 nits,Kính cường lực Oleophobic (ion cường lực),4K 2160p@24fps,3 đèn LED 2 tông màu,HDR,iOS 15,Apple A13 Bionic,2 nhân 2.65 GHz & 4 nhân 1.8 GHz,Apple GPU 4 nhân,4 GB,64 GB,59 GB,Không giới hạn,Hỗ trợ 4G,1 Nano SIM & 1 eSIM,Dual-band (2.4 GHz/5 GHz),BEIDOU,A2DP,Lightning,Lightning,NFC,3110 mAh,Li-Ion,18 W,Sạc không dây,Mở khoá khuôn mặt Face ID,Apple Pay,IP68,Ghi âm có microphone chuyên dụng chống ồn,H.264(MPEG4-AVC),AAC,Nguyên khối,Khung nhôm & Mặt lưng kính cường lực,Dài 150.9 mm - Ngang 75.7 mm - Dày 8.3 mm - Nặng 194 g,11/2019,,,,
1,Điện thoại iPhone 13 Pro Max 128GB,31990000.0,10/18/2022,OLED,12 MP,"6.7"" - Tần số quét 120 Hz",1200 nits,Kính cường lực Ceramic Shield,4K 2160p@24fps,Có,HDR,iOS 15,Apple A15 Bionic,3.22 GHz,Apple GPU 5 nhân,6 GB,128 GB,113 GB,Không giới hạn,Hỗ trợ 5G,1 Nano SIM & 1 eSIM,Dual-band (2.4 GHz/5 GHz),BEIDOU,A2DP,Lightning,Lightning,NFC,4352 mAh,Li-Ion,20 W,Siêu tiết kiệm pin,Mở khoá khuôn mặt Face ID,,IP68,Ghi âm có microphone chuyên dụng chống ồn,H.264(MPEG4-AVC),AAC,Nguyên khối,Khung thép không gỉ & Mặt lưng kính cường lực,Dài 160.8 mm - Ngang 78.1 mm - Dày 7.65 mm - Nặng 240 g,09/2021,,,,
2,Điện thoại iPhone 12 Pro Max 512GB,0.0,09/14/2021,OLED,12 MP,"6.7"" - Tần số quét 60 Hz",1200 nits,Kính cường lực Ceramic Shield,4K 2160p@24fps,Đèn LED kép,HDR,iOS 15,Apple A14 Bionic,2 nhân 3.1 GHz & 4 nhân 1.8 GHz,Apple GPU 4 nhân,6 GB,512 GB,497 GB,Không giới hạn,Hỗ trợ 5G,1 Nano SIM & 1 eSIM,Dual-band (2.4 GHz/5 GHz),GLONASS,A2DP,Lightning,Lightning,NFC,3687 mAh,Li-Ion,20 W,Sạc không dây,Mở khoá khuôn mặt Face ID,,IP68,Ghi âm có microphone chuyên dụng chống ồn,H.264(MPEG4-AVC),AAC,Nguyên khối,Khung thép không gỉ & Mặt lưng kính cường lực,Dài 160.8 mm - Ngang 78.1 mm - Dày 7.4 mm - Nặng 228 g,10/2020,,,,
3,Điện thoại iPhone 13 Pro 128GB,28790000.0,10/18/2022,OLED,12 MP,"6.1"" - Tần số quét 120 Hz",1200 nits,Kính cường lực Ceramic Shield,4K 2160p@24fps,Có,HDR,iOS 15,Apple A15 Bionic,3.22 GHz,Apple GPU 5 nhân,6 GB,128 GB,113 GB,Không giới hạn,Hỗ trợ 5G,1 Nano SIM & 1 eSIM,Dual-band (2.4 GHz/5 GHz),GPS,A2DP,Lightning,Lightning,NFC,3095 mAh,Li-Ion,20 W,Sạc không dây,Mở khoá khuôn mặt Face ID,,IP68,Ghi âm có microphone chuyên dụng chống ồn,H.264(MPEG4-AVC),AAC,Nguyên khối,Khung thép không gỉ & Mặt lưng kính cường lực,Dài 146.7 mm - Ngang 71.5 mm - Dày 7.65 mm - Nặng 204 g,09/2021,,,,
4,Điện thoại iPhone 12 Pro 256GB,26290000.0,09/14/2021,OLED,12 MP,"6.1"" - Tần số quét 60 Hz",1200 nits,Kính cường lực Ceramic Shield,4K 2160p@24fps,Đèn LED kép,HDR,iOS 15,Apple A14 Bionic,2 nhân 3.1 GHz & 4 nhân 1.8 GHz,Apple GPU 4 nhân,6 GB,256 GB,241 GB,Không giới hạn,Hỗ trợ 5G,1 Nano SIM & 1 eSIM,Dual-band (2.4 GHz/5 GHz),GPS,A2DP,Lightning,Lightning,NFC,2815 mAh,Li-Ion,20 W,Sạc không dây,Mở khoá khuôn mặt Face ID,,IP68,Ghi âm có microphone chuyên dụng chống ồn,H.264(MPEG4-AVC),AAC,Nguyên khối,Khung thép không gỉ & Mặt lưng kính cường lực,Dài 146.7 mm - Ngang 71.5 mm - Dày 7.4 mm - Nặng 189 g,10/2020,,,,
5,Điện thoại iPhone 13 128GB,22590000.0,10/18/2022,OLED,12 MP,"6.1"" - Tần số quét 60 Hz",1200 nits,Kính cường lực Ceramic Shield,4K 2160p@24fps,Có,HDR,iOS 15,Apple A15 Bionic,3.22 GHz,Apple GPU 4 nhân,4 GB,128 GB,113 GB,Không giới hạn,Hỗ trợ 5G,1 Nano SIM & 1 eSIM,Dual-band (2.4 GHz/5 GHz),iBeacon,A2DP,Lightning,Lightning,NFC,3240 mAh,Li-Ion,20 W,Sạc không dây,Mở khoá khuôn mặt Face ID,,IP68,Ghi âm có microphone chuyên dụng chống ồn,H.264(MPEG4-AVC),AAC,Nguyên khối,Khung nhôm & Mặt lưng kính cường lực,Dài 146.7 mm - Ngang 71.5 mm - Dày 7.65 mm - Nặng 174 g,09/2021,,,,
6,Điện thoại iPhone 13 mini 128GB,20090000.0,10/18/2022,OLED,12 MP,"5.4"" - Tần số quét 60 Hz",1200 nits,Kính cường lực Ceramic Shield,4K 2160p@24fps,Có,HDR,iOS 15,Apple A15 Bionic,3.22 GHz,Apple GPU 4 nhân,4 GB,128 GB,113 GB,Không giới hạn,Hỗ trợ 5G,1 Nano SIM & 1 eSIM,Dual-band (2.4 GHz/5 GHz),GALILEO,A2DP,Lightning,Lightning,NFC,2438 mAh,Li-Ion,20 W,Sạc không dây,Mở khoá khuôn mặt Face ID,,IP68,Ghi âm có microphone chuyên dụng chống ồn,H.264(MPEG4-AVC),AAC,Nguyên khối,Khung nhôm & Mặt lưng kính cường lực,Dài 131.5 mm - Ngang 64.2 mm - Dày 7.65 mm - Nặng 141 g,09/2021,,,,
7,Điện thoại iPhone 12 mini 64GB,18390000.0,06/30/2021,OLED,12 MP,"5.4"" - Tần số quét 60 Hz",1200 nits,Kính cường lực Ceramic Shield,4K 2160p@24fps,Đèn LED kép,HDR,iOS 15,Apple A14 Bionic,2 nhân 3.1 GHz & 4 nhân 1.8 GHz,Apple GPU 4 nhân,4 GB,64 GB,49 GB,Không giới hạn,Hỗ trợ 5G,1 Nano SIM & 1 eSIM,Dual-band (2.4 GHz/5 GHz),iBeacon,A2DP,Lightning,Lightning,NFC,2227 mAh,Li-Ion,20 W,Sạc không dây,Mở khoá khuôn mặt Face ID,,IP68,Ghi âm có microphone chuyên dụng chống ồn,H.264(MPEG4-AVC),AAC,Nguyên khối,Khung nhôm & Mặt lưng kính cường lực,Dài 131.5 mm - Ngang 64.2 mm - Dày 7.4 mm - Nặng 135 g,10/2020,,,,
8,Điện thoại iPhone 12 64GB,18290000.0,10/23/2020,OLED,12 MP,"6.1"" - Tần số quét 60 Hz",1200 nits,Kính cường lực Ceramic Shield,4K 2160p@24fps,Đèn LED kép,HDR,iOS 15,Apple A14 Bionic,2 nhân 3.1 GHz & 4 nhân 1.8 GHz,Apple GPU 4 nhân,4 GB,64 GB,49 GB,Không giới hạn,Hỗ trợ 5G,1 Nano SIM & 1 eSIM,Dual-band (2.4 GHz/5 GHz),BEIDOU,A2DP,Lightning,Lightning,NFC,2815 mAh,Li-Ion,20 W,Sạc không dây,Mở khoá khuôn mặt Face ID,,IP68,Ghi âm có microphone chuyên dụng chống ồn,H.264(MPEG4-AVC),AAC,Nguyên khối,Khung nhôm & Mặt lưng kính cường lực,Dài 146.7 mm - Ngang 71.5 mm - Dày 7.4 mm - Nặng 164 g,10/2020,,,,
9,Điện thoại iPhone SE 64GB (2022),12790000.0,03/09/2023,IPS LCD,7 MP,"4.7"" - Tần số quét 60 Hz",625 nits,Hãng không công bố,4K 2160p@24fps,Có,Bộ lọc màu,iOS 15,Apple A15 Bionic,,Apple GPU 4 nhân,4 GB,64 GB,,Không giới hạn,Hỗ trợ 5G,1 Nano SIM & 1 eSIM,Wi-Fi 802.11 a/b/g/n/ac/ax,BEIDOU,v5.0,Lightning,Lightning,NFC,2018 mAh,Li-Ion,20 W,Sạc không dây,Mở khóa bằng vân tay,,IP67,Ghi âm mặc định,AVI,AAC,Nguyên khối,Khung kim loại & Mặt lưng kính,Dài 138.4 mm - Ngang 67.3 mm - Dày 7.3 mm - Nặng 144 g,4/2022,,,,
10,Điện thoại iPhone SE 64GB (2020) (Hộp mới),9490000.0,10/28/2021,IPS LCD,7 MP,"4.7"" - Tần số quét 60 Hz",625 nits,Kính cường lực Oleophobic (ion cường lực),4K 2160p@24fps,4 đèn LED 2 tông màu,Chống rung điện tử kỹ thuật số (EIS),iOS 15,Apple A13 Bionic,2 nhân 2.65 GHz & 4 nhân 1.8 GHz,Apple GPU 4 nhân,3 GB,64 GB,49 GB,Không giới hạn,Hỗ trợ 4G,1 Nano SIM & 1 eSIM,Dual-band (2.4 GHz/5 GHz),GLONASS,A2DP,Lightning,Lightning,OTG,1821 mAh,Li-Ion,18 W,Sạc không dây,Mở khóa bằng vân tay,,IP67,Ghi âm mặc định,3GP,AAC,Nguyên khối,Khung kim loại & Mặt lưng kính,Dài 138.4 mm - Ngang 67.3 mm - Dày 7.3 mm - Nặng 148 g,10/2020,,,,
11,Điện thoại Samsung Galaxy S22 Ultra 5G 128GB,28990000.0,03/03/2022,Dynamic AMOLED 2X,40 MP,"6.8"" - Tần số quét 120 Hz",1750 nits,Kính cường lực Corning Gorilla Glass Victus+,4K 2160p@30fps,Đèn LED kép,Bộ lọc màu,Android 12,Snapdragon 8 Gen 1 8 nhân,"1 nhân 3 GHz, 3 nhân 2.5 GHz & 4 nhân 1.79 GHz",Adreno 730,8 GB,128 GB,100 GB,Không giới hạn,Hỗ trợ 5G,2 Nano SIM hoặc 1 Nano SIM + 1 eSIM,Dual-band (2.4 GHz/5 GHz),BEIDOU,v5.2,Type-C,Type-C,NFC,5000 mAh,Li-Ion,45 W,Sạc không dây,Mở khoá khuôn mặt,Chạm 2 lần sáng màn hình,IP68,Ghi âm cuộc gọi,3GP,AAC,Nguyên khối,Khung kim loại & Mặt lưng kính,Dài 163.3 mm - Ngang 77.9 mm - Dày 8.9 mm - Nặng 228 g,02/2022,,,,
12,Điện thoại Samsung Galaxy A03 3GB,2890000.0,12/08/2022,PLS LCD,5 MP,"6.5"" - Tần số quét 60 Hz",400 nits,Mặt kính cong 2.5D,FullHD 1080p@30fps,Có,Làm đẹp,Android 11,Unisoc T606 8 nhân,8 nhân 1.6 GHz,Mali-G57,3 GB,32 GB,22 GB,Không giới hạn,Hỗ trợ 4G,2 Nano SIM,Wi-Fi 802.11 b/g/n,BEIDOU,A2DP,Micro USB,3.5 mm,OTG,5000 mAh,Li-Po,7.8 W,,Mở khoá khuôn mặt,Âm thanh Dolby Atmos,Không có,Ghi âm mặc định,AVI,FLAC,Nguyên khối,Khung & Mặt lưng nhựa,Dài 164.2 mm - Ngang 75.9 mm - Dày 9.1 mm - Nặng 196 g,01/2022,"MicroSD, hỗ trợ tối đa 1 TB",7.8 W,Có,
13,Điện thoại Samsung Galaxy A52s 5G 128GB,7990000.0,07/29/2022,Super AMOLED,32 MP,"6.5"" - Tần số quét 120 Hz",800 nits,Kính cường lực Corning Gorilla Glass 5,4K 2160p@30fps,Có,Bộ lọc màu,Android 11,Snapdragon 778G 5G 8 nhân,2 nhân 2.4 GHz & 6 nhân 1.8 GHz,Adreno 642L,8 GB,128 GB,115 GB,Không giới hạn,Hỗ trợ 5G,2 Nano SIM (SIM 2 chung khe thẻ nhớ),Dual-band (2.4 GHz/5 GHz),QZSS,A2DP,Type-C,3.5 mm,NFC,4500 mAh,Li-Po,25 W,Sạc pin nhanh,Mở khoá khuôn mặt,Chạm 2 lần tắt/sáng màn hình,IP67,Ghi âm cuộc gọi,3GP,AAC,Nguyên khối,Khung & Mặt lưng nhựa,Dài 159.9 mm - Ngang 75.1 mm - Dày 8.4 mm - Nặng 189 g,09/2021,"MicroSD, hỗ trợ tối đa 1 TB",15 W,,
14,Điện thoại Samsung Galaxy Z Fold3 5G 256GB,34990000.0,08/07/2021,Dynamic AMOLED 2X,10 MP & 4 MP,"Chính 7.6"" & Phụ 6.2"" - Tần số quét 120 Hz",Chính 1200 nits & Phụ 1500 nits,Kính cường lực Corning Gorilla Glass Victus,4K 2160p@60fps,Có,HDR,Android 11,Snapdragon 888,"1 nhân 2.84 GHz, 3 nhân 2.4 GHz & 4 nhân 1.8 GHz",Adreno 660,12 GB,256 GB,215 GB,Không giới hạn,Hỗ trợ 5G,2 Nano SIM + 1 eSIM,Dual-band (2.4 GHz/5 GHz),GPS,A2DP,Type-C,Type-C,NFC,4400 mAh,Li-Ion,25 W,Sạc không dây,Mở khoá vân tay cạnh viền,Samsung Pay,IPX8,Ghi âm mặc định,3GP,AAC,Nguyên khối,Khung nhôm & Mặt lưng kính cường lực,Dài 158.2 mm - Ngang 128.1 mm - Dày 6.4 mm - Nặng 271 g,08/2021,,,,
15,Điện thoại Samsung Galaxy S22+ 5G 128GB,23990000.0,06/14/2022,Dynamic AMOLED 2X,10 MP,"6.6"" - Tần số quét 120 Hz",1750 nits,Kính cường lực Corning Gorilla Glass Victus+,4K 2160p@30fps,Đèn LED kép,Bộ lọc màu,Android 12,Snapdragon 8 Gen 1 8 nhân,"1 nhân 3 GHz, 3 nhân 2.5 GHz & 4 nhân 1.79 GHz",Adreno 730,8 GB,128 GB,100.1 GB,Không giới hạn,Hỗ trợ 5G,2 Nano SIM hoặc 1 Nano SIM + 1 eSIM,Dual-band (2.4 GHz/5 GHz),BEIDOU,A2DP,Type-C,Type-C,NFC,4500 mAh,Li-Ion,45 W,Sạc không dây,Mở khoá khuôn mặt,Chạm 2 lần tắt/sáng màn hình,,Ghi âm cuộc gọi,3GP,AAC,Nguyên khối,Khung kim loại & Mặt lưng kính,Dài 157.4 mm - Ngang 75.8 mm - Dày 7.6 mm - Nặng 195 g,03/2022,,,,
16,Điện thoại Samsung Galaxy S22 5G 128GB,19990000.0,11/18/2021,Dynamic AMOLED 2X,10 MP,"6.1"" - Tần số quét 120 Hz",1300 nits,Kính cường lực Corning Gorilla Glass Victus+,4K 2160p@30fps,Đèn LED kép,Bộ lọc màu,Android 12,Snapdragon 8 Gen 1 8 nhân,"1 nhân 3 GHz, 3 nhân 2.5 GHz & 4 nhân 1.79 GHz",Adreno 730,8 GB,128 GB,100 GB,Không giới hạn,Hỗ trợ 5G,2 Nano SIM hoặc 1 Nano SIM + 1 eSIM,Dual-band (2.4 GHz/5 GHz),BEIDOU,v5.2,Type-C,Type-C,NFC,3700 mAh,Li-Ion,25 W,Sạc không dây,Mở khoá khuôn mặt,Chạm 2 lần sáng màn hình,,Ghi âm cuộc gọi,3GP,AAC,Nguyên khối,Khung kim loại & Mặt lưng kính,Dài 146 mm - Ngang 70.6 mm - Dày 7.6 mm - Nặng 167 g,2/2022,,,,
17,Điện thoại Samsung Galaxy Z Flip3 5G 128GB,19990000.0,10/13/2021,Dynamic AMOLED 2X,10 MP,"Chính 6.7"" & Phụ 1.9"" - Tần số quét 120 Hz",1200 nits,Kính siêu mỏng Ultra Thin Glass (UTG),4K 2160p@30fps,Có,HDR,Android 11,Snapdragon 888,"1 nhân 2.84 GHz, 3 nhân 2.4 GHz & 4 nhân 1.8 GHz",Adreno 660,8 GB,128 GB,100.5 GB,Không giới hạn,Hỗ trợ 5G,1 Nano SIM & 1 eSIM,Dual-band (2.4 GHz/5 GHz),BEIDOU,A2DP,Type-C,,NFC,3300 mAh,Li-Po,15 W,Sạc không dây,Mở khoá khuôn mặt,Ghi âm cuộc gọi,,Ghi âm cuộc gọi,3GP,AAC,Nguyên khối,Khung nhôm & Mặt lưng kính cường lực,Dài 166 mm - Ngang 72.2 mm - Dày 6.9 mm - Nặng 183 g,09/2021,,,,
18,Điện thoại Samsung Galaxy Z Flip3 5G 128GB Flex Your Way,19990000.0,05/17/2023,Dynamic AMOLED 2X,10 MP,"Chính 6.7"" & Phụ 1.9"" - Tần số quét 120 Hz",1200 nits,Kính siêu mỏng Ultra Thin Glass (UTG),4K 2160p@30fps,Có,HDR,Android 11,Snapdragon 888,"1 nhân 2.84 GHz, 3 nhân 2.4 GHz & 4 nhân 1.8 GHz",Adreno 660,8 GB,128 GB,100.5 GB,Không giới hạn,Hỗ trợ 5G,1 Nano SIM & 1 eSIM,Dual-band (2.4 GHz/5 GHz),BEIDOU,A2DP,Type-C,,NFC,3300 mAh,Li-Po,15 W,Sạc không dây,Mở khoá khuôn mặt,Ghi âm cuộc gọi,,Ghi âm cuộc gọi,3GP,AAC,Nguyên khối,Khung nhôm & Mặt lưng kính cường lực,Dài 166 mm - Ngang 72.2 mm - Dày 6.9 mm - Nặng 183 g,05/2022,,,,
19,Điện thoại Samsung Galaxy Note 20,15990000.0,01/31/2021,Super AMOLED Plus,10 MP,"6.7"" - Tần số quét 60 Hz",1050 nits,Kính cường lực Corning Gorilla Glass 5,8K 4320p@24fps,Có,Xóa phông,Android 10,Exynos 990,"2 nhân 2.73 GHz, 2 nhân 2.5 GHz & 4 nhân 2.0 Ghz",Mali-G77 MP11,8 GB,256 GB,223 GB,Không giới hạn,Hỗ trợ 4G,2 Nano SIM hoặc 1 Nano SIM + 1 eSIM,Dual-band (2.4 GHz/5 GHz),GLONASS,A2DP,2 đầu Type-C,Type-C,NFC,4300 mAh,Li-Ion,25 W,Sạc pin nhanh,Mở khoá khuôn mặt,Âm thanh AKG,IP68,Ghi âm có microphone chuyên dụng chống ồn,3GP,Midi,Nguyên khối,Khung kim loại & Mặt lưng nhựa,Dài 161.6 mm - Ngang 72.5 mm - Dày 8.3 mm - Nặng 192 g,08/2020,,18 W,,
20,Điện thoại Samsung Galaxy M53,11790000.0,04/08/2023,Super AMOLED Plus,32 MP,"6.7"" - Tần số quét 120 Hz",Hãng không công bố,Kính cường lực Corning Gorilla Glass 5,4K 2160p@30fps,Có,Bộ lọc màu,Android 12,MediaTek Dimensity 900 5G,2 nhân 2.4 GHz & 6 nhân 2 GHz,Mali-G68,8 GB,256 GB,241 GB,Không giới hạn,Hỗ trợ 5G,2 Nano SIM (SIM 2 chung khe thẻ nhớ),Dual-band (2.4 GHz/5 GHz),BEIDOU,A2DP,Type-C,Type-C,NFC,5000 mAh,Li-Po,25 W,Sạc pin nhanh,Mở khoá vân tay cạnh viền,Chế độ trẻ em (Samsung Kids),Không có,Ghi âm cuộc gọi,3GP,AAC,Nguyên khối,Khung kim loại & Mặt lưng nhựa,Dài 164.7 mm - Ngang 77 mm - Dày 7.4 mm - Nặng 176 g,04/2022,"MicroSD, hỗ trợ tối đa 1 TB",,Có,
21,Điện thoại Samsung Galaxy S21 FE 5G (6GB/128GB),10990000.0,12/28/2022,Dynamic AMOLED 2X,32 MP,"6.4"" - Tần số quét 120 Hz",1200 nits,Kính cường lực Corning Gorilla Glass Victus,4K 2160p@60fps,Có,A.I Camera,Android 12,Exynos 2100,"1 nhân 2.9 GHz, 3 nhân 2.8 GHz & 4 nhân 2.2 GHz",Mali-G78 MP14,6 GB,128 GB,115 GB,Không giới hạn,Hỗ trợ 5G,2 Nano SIM,Dual-band (2.4 GHz/5 GHz),BEIDOU,v5.0,Type-C,Type-C,NFC,4500 mAh,Li-Ion,25 W,Siêu tiết kiệm pin,Mở khoá khuôn mặt,Chạm 2 lần sáng màn hình,IP68,Ghi âm cuộc gọi,3GP,AAC,Nguyên khối,Khung kim loại & Mặt lưng nhựa,Dài 155.7 mm - Ngang 74.5 mm - Dày 7.9 mm - Nặng 177 g,1/2022,,,,
22,Điện thoại Samsung Galaxy A73 5G 128GB,10990000.0,03/18/2023,Super AMOLED Plus,32 MP,"6.7"" - Tần số quét 120 Hz",800 nits,Kính cường lực Corning Gorilla Glass 5,4K 2160p@30fps,Có,Bộ lọc màu,Android 12,Snapdragon 778G 5G 8 nhân,4 nhân 2.4 GHz & 4 nhân 1.8 GHz,Adreno 642L,8 GB,128 GB,100 GB,Không giới hạn,Hỗ trợ 5G,2 Nano SIM (SIM 2 chung khe thẻ nhớ),Dual-band (2.4 GHz/5 GHz),BEIDOU,A2DP,Type-C,Type-C,NFC,5000 mAh,Li-Po,25 W,Sạc pin nhanh,Mở khoá vân tay dưới màn hình,Chạm 2 lần tắt/sáng màn hình,IP67,Ghi âm cuộc gọi,3GP,AAC,Nguyên khối,Khung & Mặt lưng nhựa,Dài 163.7 mm - Ngang 76.1 mm - Dày 7.6 mm - Nặng 181 g,04/2022,"MicroSD, hỗ trợ tối đa 1 TB",,Có,
23,Điện thoại Samsung Galaxy S20 FE (8GB/256GB),10990000.0,04/29/2022,Super AMOLED,32 MP,"6.5"" - Tần số quét 120 Hz",Hãng không công bố,Mặt kính cong 2.5D,4K 2160p@60fps,Có,Xóa phông,Android 11,Snapdragon 865,"1 nhân 2.84 GHz, 3 nhân 2.42 GHz & 4 nhân 1.8 GHz",Adreno 650,8 GB,256 GB,221 GB,Không giới hạn,Hỗ trợ 4G,2 Nano SIM (SIM 2 chung khe thẻ nhớ),Wi-Fi 802.11 a/b/g/n/ac/ax,GLONASS,LE,Type-C,Type-C,OTG,4500 mAh,Li-Ion,25 W,Sạc pin nhanh,Mở khoá khuôn mặt,Không gian thứ hai (Thư mục bảo mật),IP68,,3GP,WMA,Nguyên khối,Khung nhôm & Mặt lưng nhựa,Dài 159.8 mm - Ngang 74.5 mm - Dày 8.4 mm - Nặng 190 g,05/2021,"MicroSD, hỗ trợ tối đa 1 TB",15 W,,
24,Điện thoại Samsung Galaxy A53 5G 128GB,8990000.0,07/16/2022,Super AMOLED,32 MP,"6.5"" - Tần số quét 120 Hz",800 nits,Kính cường lực Corning Gorilla Glass 5,4K 2160p@30fps,Có,Bộ lọc màu,Android 12,Exynos 1280 8 nhân,2 nhân 2.4 GHz & 6 nhân 2 GHz,Mali-G68,8 GB,128 GB,,Không giới hạn,Hỗ trợ 5G,2 Nano SIM (SIM 2 chung khe thẻ nhớ),Dual-band (2.4 GHz/5 GHz),GALILEO,v5.1,Type-C,Type-C,NFC,5000 mAh,Li-Ion,25 W,Sạc pin nhanh,Mở khoá khuôn mặt,Chế độ trẻ em (Samsung Kids),IP67,Ghi âm cuộc gọi,Có,Có,Nguyên khối,Khung & Mặt lưng nhựa,Dài 159.6 mm - Ngang 74.8 mm - Dày 8.1 mm - Nặng 189 g,03/2022,"MicroSD, hỗ trợ tối đa 1 TB",,,
25,Điện thoại Samsung Galaxy A33 5G 6GB,7490000.0,03/18/2023,Super AMOLED,13 MP,"6.4"" - Tần số quét 90 Hz",800 nits,Kính cường lực Corning Gorilla Glass 5,4K 2160p@30fps,Có,Bộ lọc màu,Android 12,Exynos 1280 8 nhân,2 nhân 2.4 GHz & 6 nhân 2 GHz,Mali-G68,6 GB,128 GB,102 GB,Không giới hạn,Hỗ trợ 5G,2 Nano SIM (SIM 2 chung khe thẻ nhớ),Dual-band (2.4 GHz/5 GHz),GLONASS,A2DP,Type-C,Type-C,NFC,5000 mAh,Li-Po,25 W,Sạc pin nhanh,Mở khoá vân tay dưới màn hình,Chạm 2 lần tắt/sáng màn hình,IP67,Ghi âm cuộc gọi,3GP,AAC,Nguyên khối,Khung & Mặt lưng nhựa,Dài 159.7 mm - Ngang 74 mm - Dày 8.1 mm - Nặng 186 g,04/2022,"MicroSD, hỗ trợ tối đa 1 TB",,Có,
26,Điện thoại Samsung Galaxy M33 5G,7190000.0,10/28/2022,TFT LCD,8 MP,"6.6"" - Tần số quét 120 Hz",Hãng không công bố,Kính cường lực Corning Gorilla Glass 5,4K 2160p@30fps,Có,Bộ lọc màu,Android 12,Exynos 1280 8 nhân,2 nhân 2.4 GHz & 6 nhân 2 GHz,Mali-G68,6 GB,128 GB,101 GB,Không giới hạn,Hỗ trợ 5G,2 Nano SIM,Dual-band (2.4 GHz/5 GHz),BEIDOU,A2DP,Type-C,3.5 mm,NFC,5000 mAh,Li-Po,25 W,Sạc pin nhanh,Mở khoá khuôn mặt,Chế độ trẻ em (Samsung Kids),Không có,Ghi âm cuộc gọi,3GP,AAC,Nguyên khối,Khung kim loại & Mặt lưng nhựa,Dài 165.4 mm - Ngang 76.9 mm - Dày 8.4 mm - Nặng 198 g,04/2022,"MicroSD, hỗ trợ tối đa 1 TB",,Có,
27,Điện thoại Samsung Galaxy A52 128GB,6790000.0,09/21/2021,Super AMOLED,32 MP,"6.5"" - Tần số quét 90 Hz",800 nits,Kính cường lực,4K 2160p@30fps,Có,Bộ lọc màu,Android 11,Snapdragon 720G,2 nhân 2.3 GHz & 6 nhân 1.8 GHz,Adreno 618,8 GB,128 GB,115 GB,Không giới hạn,Hỗ trợ 4G,2 Nano SIM,Dual-band (2.4 GHz/5 GHz),BEIDOU,v5.0,Type-C,3.5 mm,NFC,4500 mAh,Li-Ion,25 W,Sạc pin nhanh,Mở khoá khuôn mặt,Âm thanh Dolby Audio,IP67,Ghi âm mặc định,3GP,AAC,Nguyên khối,Khung & Mặt lưng nhựa,Dài 159.9 mm - Ngang 75.1 mm - Dày 8.4 mm - Nặng 189 g,03/2021,"MicroSD, hỗ trợ tối đa 1 TB",15 W,Có,
28,Điện thoại Samsung Galaxy M51,6290000.0,08/31/2021,Super AMOLED Plus,32 MP,"6.7"" - Tần số quét 60 Hz",420 nits,Mặt kính cong 2.5D,4K 2160p@30fps,Có,HDR,Android 10,Snapdragon 730,2 nhân 2.2 GHz & 6 nhân 1.8 GHz,Adreno 618,8 GB,128 GB,103 GB,Không giới hạn,Hỗ trợ 4G,2 Nano SIM,Dual-band (2.4 GHz/5 GHz),GPS,A2DP,Type-C,3.5 mm,OTG,7000 mAh,Li-Ion,25 W,Sạc pin nhanh,Mở khoá khuôn mặt,Chặn cuộc gọi,,Ghi âm mặc định,AVI,MP3,Nguyên khối,Khung & Mặt lưng nhựa,Dài 163.9 mm - Ngang 76.3 mm - Dày 9.5 mm - Nặng 213 g,10/2020,"MicroSD, hỗ trợ tối đa 512 GB",25 W,Có,
29,Điện thoại Samsung Galaxy A32,6090000.0,01/18/2022,Super AMOLED,20 MP,"6.4"" - Tần số quét 90 Hz",800 nits,Kính cường lực Corning Gorilla Glass 5,FullHD 1080p@30fps,Có,HDR,Android 11,MediaTek Helio G80,2 nhân 2.0 GHz & 6 nhân 1.8 GHz,Mali-G52 MC2,6 GB,128 GB,Khoảng 115 GB,Không giới hạn,Hỗ trợ 4G,2 Nano SIM,Dual-band (2.4 GHz/5 GHz),GLONASS,A2DP,Type-C,3.5 mm,OTG,5000 mAh,Li-Ion,15 W,Sạc pin nhanh,Mở khoá khuôn mặt,Chặn cuộc gọi,,Ghi âm mặc định,Có,Có,Nguyên khối,Khung & Mặt lưng nhựa,Dài 158.9 mm - Ngang 73.6 mm - Dày 8.4 mm - Nặng 184 g,03/2021,"MicroSD, hỗ trợ tối đa 1 TB",15 W,Có,
30,Điện thoại Samsung Galaxy A23 4GB,5290000.0,11/30/2022,PLS TFT LCD,8 MP,"6.6"" - Tần số quét 90 Hz",600 nits,Kính cường lực Corning Gorilla Glass 5,FullHD 1080p@30fps,Có,Bộ lọc màu,Android 12,Snapdragon 680 8 nhân,4 nhân 2.4 GHz & 4 nhân 1.9 GHz,Adreno 610,4 GB,128 GB,105.1 GB,Không giới hạn,Hỗ trợ 4G,2 Nano SIM,Dual-band (2.4 GHz/5 GHz),BEIDOU,v5.0,Type-C,3.5 mm,NFC,5000 mAh,Li-Po,25 W,Sạc pin nhanh,Mở khoá khuôn mặt,Smart Switch (ứng dụng chuyển đổi dữ liệu),Không có,Ghi âm cuộc gọi,3GP,AAC,Nguyên khối,Khung & Mặt lưng nhựa,Dài 165.4 mm - Ngang 76.9 mm - Dày 8.4 mm - Nặng 195 g,03/2022,"MicroSD, hỗ trợ tối đa 1 TB",15 W,Có,
31,Điện thoại OPPO Reno7 Z 5G,10490000.0,02/08/2023,AMOLED,16 MP,"6.43"" - Tần số quét 60 Hz",600 nits,Kính cường lực Schott Xensation UP,FullHD 1080p@30fps,Có,Bộ lọc màu,Android 11,Snapdragon 695 5G 8 nhân,2.2 GHz,Adreno 619,8 GB,128 GB,115 GB,Không giới hạn,Hỗ trợ 5G,2 Nano SIM (SIM 2 chung khe thẻ nhớ),Dual-band (2.4 GHz/5 GHz),BEIDOU,v5.1,Type-C,3.5 mm,NFC,4500 mAh,Li-Po,33 W,Siêu tiết kiệm pin,Mở khoá khuôn mặt,Chạm 2 lần tắt/sáng màn hình,Không có,Ghi âm cuộc gọi,AVI,FLAC,Nguyên khối,Khung nhựa & Mặt lưng thuỷ tinh hữu cơ,Dài 159.85 mm - Ngang 73.17 mm - Dày 7.49 mm - Nặng 173 g,03/2022,"MicroSD, hỗ trợ tối đa 1 TB",33 W,Có,
32,Điện thoại OPPO A55,4490000.0,08/31/2022,IPS LCD,16 MP,"6.5"" - Tần số quét 60 Hz",480 nits,Kính cường lực Dinorex™ Glass,FullHD 1080p@30fps,Có,Chuyên nghiệp (Pro),Android 11,MediaTek Helio G35,4 nhân 2.3 GHz & 4 nhân 1.8 GHz,IMG PowerVR GE8320,4 GB,64 GB,50 GB,Không giới hạn,Hỗ trợ 4G,2 Nano SIM,Dual-band (2.4 GHz/5 GHz),GALILEO,A2DP,Type-C,3.5 mm,OTG,5000 mAh,Li-Po,18 W,Sạc pin nhanh,Mở khoá khuôn mặt,Ứng dụng kép (Nhân bản ứng dụng),IPX4,Ghi âm mặc định,AVI,FLAC,Nguyên khối,Khung & Mặt lưng nhựa,Dài 163.6 mm - Ngang 75.7 mm - Dày 8.4 mm - Nặng 193 g,10/2021,"MicroSD, hỗ trợ tối đa 256 GB",18 W,,
33,Điện thoại OPPO Find X5 Pro 5G,30990000.0,04/18/2023,AMOLED,32 MP,"6.7"" - Tần số quét 120 Hz",1300 nits,Kính cường lực Corning Gorilla Glass Victus,4K 2160p@30fps,Có,A.I Camera,Android 12,Snapdragon 8 Gen 1 8 nhân,3 GHz,Adreno 730,12 GB,256 GB,243 GB,Không giới hạn,Hỗ trợ 5G,2 Nano SIM hoặc 1 Nano SIM + 1 eSIM,Dual-band (2.4 GHz/5 GHz),BEIDOU,A2DP,Type-C,Type-C,NFC,5000 mAh,Li-Po,80 W,Sạc không dây,Mở khoá vân tay dưới màn hình,Chạm 2 lần tắt/sáng màn hình,IP68,Ghi âm cuộc gọi,AVI,FLAC,Nguyên khối,Khung kim loại & Mặt lưng gốm,Dài 163.7 mm - Ngang 73.9 mm - Dày 8.5 mm - Nặng 218 g,05/2022,,80 W,,
34,Điện thoại OPPO Reno4 Pro,10490000.0,05/27/2021,AMOLED,32 MP,"6.5"" - Tần số quét 90 Hz",500 nits,Kính cường lực Corning Gorilla Glass 5,4K 2160p@30fps,Có,Flash màn hình,Android 10,Snapdragon 720G,2 nhân 2.3 GHz & 6 nhân 1.8 GHz,Adreno 618,8 GB,256 GB,235 GB,Không giới hạn,Hỗ trợ 4G,2 Nano SIM,Dual-band (2.4 GHz/5 GHz),GPS,A2DP,Type-C,3.5 mm,OTG,4000 mAh,Li-Po,65 W,Sạc siêu nhanh SuperVOOC,Mở khoá khuôn mặt,Chặn cuộc gọi,,Ghi âm mặc định,3GP,AAC,Nguyên khối,Khung hợp kim phủ nhựa & Mặt lưng thuỷ tinh hữu cơ,Dài 159.6 mm - Ngang 72.5 mm - Dày 7.6 mm - Nặng 161 g,07/2020,"MicroSD, hỗ trợ tối đa 256 GB",65 W,Có,
35,Điện thoại OPPO Reno6 5G,10390000.0,06/01/2022,AMOLED,32 MP,"6.43"" - Tần số quét 90 Hz",750 nits,Kính cường lực Corning Gorilla Glass 5,4K 2160p@30fps,Có,HDR,Android 11,MediaTek Dimensity 900 5G,2 nhân 2.4 GHz & 6 nhân 2 GHz,Mali-G68 MC4,8 GB,128 GB,110 GB,Không giới hạn,Hỗ trợ 5G,2 Nano SIM,Dual-band (2.4 GHz/5 GHz),GLONASS,A2DP,Type-C,Type-C,OTG,4300 mAh,Li-Po,65 W,Sạc siêu nhanh SuperVOOC,Mở khoá khuôn mặt,Chạm 2 lần sáng màn hình,Không có,Ghi âm mặc định,3GP,AAC,Nguyên khối,Khung hợp kim & Mặt lưng kính Panda,Dài 156.8 mm - Ngang 72.1 mm - Dày 7.59 mm - Nặng 182 g,07/2021,,65 W,,
36,Điện thoại OPPO Reno5 5G,8490000.0,01/08/2022,AMOLED,32 MP,"6.43"" - Tần số quét 90 Hz",750 nits,Kính cường lực Corning Gorilla Glass 3+,4K 2160p@30fps,Có,A.I Camera,Android 11,Snapdragon 765G,"1 nhân 2.4 GHz, 1 nhân 2.2 GHz & 6 nhân 1.8 GHz",Adreno 620,8 GB,128 GB,115 GB,Không giới hạn,Hỗ trợ 5G,2 Nano SIM,Dual-band (2.4 GHz/5 GHz),GPS,A2DP,Type-C,3.5 mm,NFC,4300 mAh,Li-Po,65 W,Sạc siêu nhanh SuperVOOC,Mở khoá khuôn mặt,Chặn cuộc gọi,,Ghi âm cuộc gọi,3GP,AAC,Nguyên khối,Khung kim loại & Mặt lưng nhựa,Dài 159.1 mm - Ngang 73.4 mm - Dày 7.7 mm - Nặng 180 g,02/2021,,65 W,Có,
37,Điện thoại OPPO A95,6490000.0,09/29/2022,AMOLED,16 MP,"6.43"" - Tần số quét 60 Hz",800 nits,Kính cường lực Schott Xensation UP,FullHD 1080p@30fps,Có,Chụp đêm,Android 11,Snapdragon 662,4 nhân 2.0 GHz & 4 nhân 1.8 GHz,Adreno 610,8 GB,128 GB,115 GB,Không giới hạn,Hỗ trợ 4G,2 Nano SIM,Dual-band (2.4 GHz/5 GHz),BEIDOU,A2DP,Type-C,3.5 mm,OTG,5000 mAh,Li-Po,33 W,Sạc pin nhanh,Mở khoá khuôn mặt,Mở rộng bộ nhớ RAM,Không có,Ghi âm mặc định,AVI,FLAC,Nguyên khối,Khung & Mặt lưng thủy tinh hữu cơ,Dài 160.3 mm - Ngang 73.8 mm - Dày 7.95 mm - Nặng 175 g,11/2021,"MicroSD, hỗ trợ tối đa 256 GB",33 W,Có,
38,Điện thoại OPPO A76,5990000.0,01/22/2023,IPS LCD,8 MP,"6.56"" - Tần số quét 90 Hz",600 nits,Kính cường lực AGC DT-Pro,FullHD 1080p@30fps,Có,HDR,Android 11,Snapdragon 680 8 nhân,4 nhân 2.4 GHz & 4 nhân 1.9 GHz,Adreno 610,6 GB,128 GB,115 GB,Không giới hạn,Hỗ trợ 4G,2 Nano SIM,Dual-band (2.4 GHz/5 GHz),Có,v5.0,Type-C,3.5 mm,OTG,5000 mAh,Li-Po,33 W,Sạc siêu nhanh SuperVOOC,Mở khoá khuôn mặt,Chạm 2 lần sáng màn hình,Không có,Ghi âm cuộc gọi,AVI,FLAC,Nguyên khối,Khung nhựa & Mặt lưng thuỷ tinh hữu cơ,Dài 164.4 mm - Ngang 75.7 mm - Dày 8.39 mm - Nặng 189 g,2/2022,"MicroSD, hỗ trợ tối đa 1 TB",33 W,Có,
39,Điện thoại OPPO A15s,3890000.0,01/18/2022,IPS LCD,8 MP,"6.52"" - Tần số quét 60 Hz",480 nits,Kính cường lực Corning Gorilla Glass 3,FullHD 1080p@30fps,Có,Làm đẹp,Android 10,MediaTek Helio P35,4 nhân 2.3 GHz & 4 nhân 1.8 GHz,IMG PowerVR GE8320,4 GB,64 GB,55 GB,Không giới hạn,Hỗ trợ 4G,2 Nano SIM,Wi-Fi 802.11 a/b/g/n,GPS,v5.0,Micro USB,3.5 mm,OTG,4230 mAh,Li-Ion,10 W,Tiết kiệm pin,Mở khoá khuôn mặt,Chặn cuộc gọi,,Ghi âm cuộc gọi,AVI,Lossless,Nguyên khối,Khung & Mặt lưng nhựa,Dài 164 mm - Ngang 75.4 mm - Dày 7.9 mm - Nặng 175 g,01/2021,"MicroSD, hỗ trợ tối đa 256 GB",10 W,Có,
40,Điện thoại OPPO A16,3790000.0,10/14/2022,IPS LCD,8 MP,"6.52"" - Tần số quét 60 Hz",480 nits,Kính cường lực Panda,FullHD 1080p@30fps,Có,Chuyên nghiệp (Pro),Android 11,MediaTek Helio G35,4 nhân 2.3 GHz & 4 nhân 1.8 GHz,IMG PowerVR GE8320,3 GB,32 GB,22 GB,Không giới hạn,Hỗ trợ 4G,2 Nano SIM,Wi-Fi 802.11 a/b/g/n,BEIDOU,A2DP,Type-C,3.5 mm,OTG,5000 mAh,Li-Po,10 W,Tiết kiệm pin,Mở khoá khuôn mặt,,IPX4,,AVI,FLAC,Nguyên khối,Khung & Mặt lưng nhựa,Dài 163.8 mm - Ngang 75.6 mm - Dày 8.4 mm - Nặng 190 g,10/2021,"MicroSD, hỗ trợ tối đa 256 GB",10 W,Có,
41,Điện thoại OPPO A16K,3290000.0,08/31/2022,IPS LCD,5 MP,"6.52"" - Tần số quét 60 Hz",480 nits,Kính cường lực Corning Gorilla Glass 3,FullHD 1080p@30fps,Có,Làm đẹp,Android 11,MediaTek Helio G35,4 nhân 2.3 GHz & 4 nhân 1.8 GHz,IMG PowerVR GE8320,3 GB,32 GB,22 GB,Không giới hạn,Hỗ trợ 4G,2 Nano SIM,Dual-band (2.4 GHz/5 GHz),BEIDOU,v5.0,Micro USB,3.5 mm,OTG,4230 mAh,Li-Po,10 W,,Mở khoá khuôn mặt,,Không có,Ghi âm mặc định,AVI,FLAC,Nguyên khối,Khung nhựa & Mặt lưng thuỷ tinh hữu cơ,Dài 164 mm - Ngang 75.4 mm - Dày 7.85 mm - Nặng 175 g,11/2021,"MicroSD, hỗ trợ tối đa 1 TB",10 W,Có,
42,Điện thoại Xiaomi 11T 5G 128GB,10990000.0,08/05/2022,AMOLED,16 MP,"6.67"" - Tần số quét 120 Hz",1000 nits,Kính cường lực Corning Gorilla Glass Victus,4K 2160p@30fps,Có,HDR,Android 11,MediaTek Dimensity 1200,"1 nhân 3 GHz, 3 nhân 2.6 GHz & 4 nhân 2 GHz",Mali-G77 MC9,8 GB,128 GB,115 GB,Không giới hạn,Hỗ trợ 5G,2 Nano SIM,Dual-band (2.4 GHz/5 GHz),QZSS,A2DP,Type-C,Type-C,Hồng ngoại,5000 mAh,Li-Po,67 W,Sạc pin nhanh,Mở khoá khuôn mặt,Ghi âm cuộc gọi,Không có,Ghi âm cuộc gọi,AVI,FLAC,Nguyên khối,Khung kim loại & Mặt lưng kính,Dài 164.1 mm - Ngang 76.9 mm - Dày 8.8 mm - Nặng 203 g,10/2021,,67 W,,Xiaomi. <span class='parameter__manu'>Xem thông tin hãng</span>
43,Điện thoại Xiaomi Redmi Note 11 Pro,7490000.0,01/23/2023,AMOLED,16 MP,"6.67"" - Tần số quét 120 Hz",1200 nits,Kính cường lực Corning Gorilla Glass 5,FullHD 1080p@30fps,Có,Bộ lọc màu,Android 11,MediaTek Helio G96 8 nhân,2 nhân 2.05 GHz & 6 nhân 2.0 GHz,Mali-G57 MC2,8 GB,128 GB,118 GB,Không giới hạn,Hỗ trợ 4G,2 Nano SIM (SIM 2 chung khe thẻ nhớ),Dual-band (2.4 GHz/5 GHz),GPS,A2DP,Type-C,3.5 mm,Hồng ngoại,5000 mAh,Li-Po,67 W,Sạc pin nhanh,Mở khoá khuôn mặt,Chạm 2 lần sáng màn hình,Không có,Ghi âm cuộc gọi,Có,Có,Nguyên khối,Khung nhựa & Mặt lưng kính,Dài 164.19 mm - Ngang 76.1 mm - Dày 8.12 mm - Nặng 202 g,2/2022,"MicroSD, hỗ trợ tối đa 256 GB",67 W,Có,Xiaomi. <span class='parameter__manu'>Xem thông tin hãng</span>
44,Điện thoại Xiaomi Redmi Note 11S 5G,6490000.0,02/21/2023,IPS LCD,13 MP,"6.6"" - Tần số quét 90 Hz",Hãng không công bố,Kính cường lực Corning Gorilla Glass 3,FullHD 1080p@30fps,Có,Góc rộng (Wide),Android 11,MediaTek Dimensity 810 5G 8 nhân,2 nhân 2.4 GHz & 6 nhân 2 GHz,Mali-G57,6 GB,128 GB,118 GB,Không giới hạn,Hỗ trợ 5G,2 Nano SIM (SIM 2 chung khe thẻ nhớ),Dual-band (2.4 GHz/5 GHz),GALILEO,v5.1,Type-C,3.5 mm,NFC,5000 mAh,Li-Ion,33 W,Sạc pin nhanh,Mở khoá khuôn mặt,Loa kép,Không có,,Có,Có,Nguyên khối,Khung nhựa & Mặt lưng nhựa giả kính,Dài 163.56 mm - Ngang 75.78 mm - Dày 8.75 mm - Nặng 195 g,04/2022,"MicroSD, hỗ trợ tối đa 1 TB",33 W,,Xiaomi. <span class='parameter__manu'>Xem thông tin hãng</span>
45,Điện thoại Xiaomi 12,19990000.0,12/29/2022,AMOLED,32 MP,"6.28"" - Tần số quét 120 Hz",1100 nits,Kính cường lực Corning Gorilla Glass Victus,4K 2160p@30fps,Có,Bộ lọc màu,Android 12,Snapdragon 8 Gen 1 8 nhân,"1 nhân 3 GHz, 3 nhân 2.5 GHz & 4 nhân 1.79 GHz",Adreno 730,8 GB,256 GB,229 GB,Không giới hạn,Hỗ trợ 5G,2 Nano SIM,Dual-band (2.4 GHz/5 GHz),BEIDOU,A2DP,Type-C,Type-C,Hồng ngoại,4500 mAh,Li-Ion,67 W,Sạc không dây,Mở khoá khuôn mặt,Chạm 2 lần tắt/sáng màn hình,Không có,Ghi âm cuộc gọi,AVI,FLAC,Nguyên khối,Khung kim loại & Mặt lưng kính,Dài 152.7 mm - Ngang 69.9 mm - Dày 8.2 mm - Nặng 180 g,03/2022,,67 W,,Xiaomi. <span class='parameter__manu'>Xem thông tin hãng</span>
46,Điện thoại Xiaomi 11T Pro 5G 8GB,13990000.0,11/29/2022,AMOLED,16 MP,"6.67"" - Tần số quét 120 Hz",1000 nits,Kính cường lực Corning Gorilla Glass Victus,4K 2160p@30fps,Có,HDR,Android 11,Snapdragon 888,"1 nhân 2.84 GHz, 3 nhân 2.42 GHz & 4 nhân 1.8 GHz",Adreno 660,8 GB,256 GB,230 GB,Không giới hạn,Hỗ trợ 5G,2 Nano SIM,Dual-band (2.4 GHz/5 GHz),BEIDOU,A2DP,Type-C,Type-C,Hồng ngoại,5000 mAh,Li-Po,120 W,Sạc pin nhanh,Mở khoá khuôn mặt,Ghi âm cuộc gọi,Không có,Ghi âm cuộc gọi,AVI,FLAC,Nguyên khối,Khung kim loại & Mặt lưng kính,Dài 164.1 mm - Ngang 76.9 mm - Dày 8.8 mm - Nặng 204 g,12/2021,,120 W,,Xiaomi. <span class='parameter__manu'>Xem thông tin hãng</span>
47,Điện thoại Xiaomi 11 Lite 5G NE,9490000.0,08/25/2022,AMOLED,20 MP,"6.55"" - Tần số quét 90 Hz",800 nits,Kính cường lực Corning Gorilla Glass 5,4K 2160p@30fps,Có,HDR,Android 11,Snapdragon 778G 5G 8 nhân,"1 nhân 2.4 GHz, 3 nhân 2.2 GHz & 4 nhân 1.9 GHz",Adreno 642L,8 GB,128 GB,115 GB,Không giới hạn,Hỗ trợ 5G,2 Nano SIM (SIM 2 chung khe thẻ nhớ),Dual-band (2.4 GHz/5 GHz),GLONASS,A2DP,Type-C,Type-C,Hồng ngoại,4250 mAh,Li-Po,33 W,Sạc pin nhanh,Mở khoá khuôn mặt,Ghi âm cuộc gọi,Không có,Ghi âm cuộc gọi,AVI,FLAC,Nguyên khối,Khung kim loại & Mặt lưng kính cường lực Gorilla Glass 5,Dài 160.5 mm - Ngang 75.7 mm - Dày 6.8 mm - Nặng 158 g,10/2021,"MicroSD, hỗ trợ tối đa 512 GB",33 W,,Xiaomi. <span class='parameter__manu'>Xem thông tin hãng</span>
48,Điện thoại Xiaomi Redmi Note 10 Pro (8GB/128GB),7490000.0,09/25/2021,AMOLED,16 MP,"6.67"" - Tần số quét 120 Hz",1200 nits,Kính cường lực Corning Gorilla Glass 5,4K 2160p@30fps,Có,A.I Camera,Android 11,Snapdragon 732G,2 nhân 2.3 GHz & 6 nhân 1.8 GHz,Adreno 618,8 GB,128 GB,113 GB,Không giới hạn,Hỗ trợ 4G,2 Nano SIM,Dual-band (2.4 GHz/5 GHz),BEIDOU,v5.1,Type-C,3.5 mm,NFC,5020 mAh,Li-Ion,33 W,Sạc pin nhanh,Mở khoá khuôn mặt,Chặn cuộc gọi,IP53,Ghi âm cuộc gọi,3GP,AAC,Nguyên khối,Khung kim loại & Mặt lưng kính,Dài 164 mm - Ngang 76.5 mm - Dày 8.1 mm - Nặng 193 g,03/2021,"MicroSD, hỗ trợ tối đa 512 GB",33 W,Có,Xiaomi. <span class='parameter__manu'>Xem thông tin hãng</span>
49,Điện thoại Xiaomi Redmi Note 10S 6GB,5990000.0,11/29/2022,AMOLED,13 MP,"6.43"" - Tần số quét 60 Hz",1100 nits,Kính cường lực Corning Gorilla Glass 3,4K 2160p@30fps,Có,A.I Camera,Android 11,MediaTek Helio G95,2 nhân 2.05 GHz & 6 nhân 2.0 GHz,Mali-G76 MC4,6 GB,128 GB,115 GB,Không giới hạn,Hỗ trợ 4G,2 Nano SIM,Dual-band (2.4 GHz/5 GHz),BEIDOU,A2DP,Type-C,3.5 mm,OTG,5000 mAh,Li-Po,33 W,Sạc pin nhanh,Mở khoá khuôn mặt,Ghi âm cuộc gọi,IP53,Ghi âm cuộc gọi,3GP,AAC,Nguyên khối,Khung kim loại & Mặt lưng nhựa,Dài 160.5 mm - Ngang 74.5 mm - Dày 8.3 mm - Nặng 178.8 g,12/2021,"MicroSD, hỗ trợ tối đa 1 TB",33 W,Có,Xiaomi. <span class='parameter__manu'>Xem thông tin hãng</span>
50,Điện thoại Xiaomi Redmi 10 (6GB/128GB),4690000.0,07/16/2022,IPS LCD,8 MP,"6.5"" - Tần số quét 90 Hz",400 nits,Kính cường lực Corning Gorilla Glass 3,FullHD 1080p@30fps,Có,Làm đẹp,Android 11,MediaTek Helio G88 8 nhân,2 nhân 2.0 GHz & 6 nhân 1.8 GHz,Mali-G52 MC2,6 GB,128 GB,100 GB,Không giới hạn,Hỗ trợ 4G,2 Nano SIM,Dual-band (2.4 GHz/5 GHz),BEIDOU,v5.1,Type-C,3.5 mm,Hồng ngoại,5000 mAh,Li-Po,18 W,Sạc pin nhanh,Mở khoá khuôn mặt,Loa kép,Không có,Ghi âm mặc định,AVI,FLAC,Nguyên khối,Khung & Mặt lưng nhựa,Dài 161 mm - Ngang 75.53 mm - Dày 8.92 mm - Nặng 181 g,08/2021,"MicroSD, hỗ trợ tối đa 512 GB",20 W,,Xiaomi. <span class='parameter__manu'>Xem thông tin hãng</span>
51,Điện thoại Xiaomi Redmi Note 11 (4GB/64GB),4690000.0,01/17/2023,AMOLED,13 MP,"6.43"" - Tần số quét 90 Hz",1000 nits,Kính cường lực Corning Gorilla Glass 3,FullHD 1080p@30fps,Có,Bộ lọc màu,Android 11,Snapdragon 680 8 nhân,2.4 GHz,Adreno 610,4 GB,64 GB,54 GB,Không giới hạn,Hỗ trợ 4G,2 Nano SIM,Wi-Fi 802.11 a/b/g/n/ac,BEIDOU,v5.0,Type-C,3.5 mm,,5000 mAh,Li-Ion,33 W,Sạc pin nhanh,Mở khoá khuôn mặt,Loa kép,Không có,Ghi âm mặc định,Có,Có,Nguyên khối,Khung nhựa & Mặt lưng nhựa giả kính,Dài 159.8 mm - Ngang 73.87 mm - Dày 8.09 mm - Nặng 179 g,01/2022,"MicroSD, hỗ trợ tối đa 1 TB",33 W,,Xiaomi. <span class='parameter__manu'>Xem thông tin hãng</span>
52,Điện thoại Xiaomi Redmi 9C (3GB/64GB),2990000.0,07/23/2021,IPS LCD,5 MP,"6.53"" - Tần số quét 60 Hz",400 nits,Kính cường lực Corning Gorilla Glass 3,FullHD 1080p@30fps,Có,Flash màn hình,Android 10,MediaTek Helio G35,4 nhân 2.3 GHz & 4 nhân 1.8 GHz,IMG PowerVR GE8320,3 GB,64 GB,56 GB,Không giới hạn,Hỗ trợ 4G,2 Nano SIM,Wi-Fi 802.11 a/b/g/n,GPS,A2DP,Micro USB,3.5 mm,OTG,5000 mAh,Li-Ion,10 W,Tiết kiệm pin,Mở khoá khuôn mặt,Chạm 2 lần sáng màn hình,,Ghi âm cuộc gọi,3GP,AAC,Nguyên khối,Khung & Mặt lưng nhựa,Dài 164.9 mm - Ngang 77.07 mm - Dày 9 mm - Nặng 196 g,07/2020,"MicroSD, hỗ trợ tối đa 512 GB",10 W,Có,Xiaomi. <span class='parameter__manu'>Xem thông tin hãng</span>
53,Điện thoại Xiaomi Redmi 10C 64GB,2790000.0,02/10/2023,IPS LCD,5 MP,"6.71"" - Tần số quét 60 Hz",Hãng không công bố,Kính cường lực Corning Gorilla Glass 3,FullHD 1080p@30fps,Có,Bộ lọc màu,Android 11,Snapdragon 680 8 nhân,4 nhân 2.4 GHz & 4 nhân 1.9 GHz,Adreno 610,4 GB,64 GB,55 GB,Không giới hạn,Hỗ trợ 4G,2 Nano SIM,Dual-band (2.4 GHz/5 GHz),BEIDOU,A2DP,Type-C,3.5 mm,,5000 mAh,Li-Ion,18 W,Sạc pin nhanh,Mở khoá khuôn mặt,Chạm 2 lần tắt/sáng màn hình,Không có,Ghi âm mặc định,AVI,FLAC,Nguyên khối,Khung & Mặt lưng nhựa,Dài 169 mm - Ngang 76 mm - Dày 8 mm - Nặng 180 g,03/2022,"MicroSD, hỗ trợ tối đa 1 TB",10 W,Có,Xiaomi. <span class='parameter__manu'>Xem thông tin hãng</span>
54,Điện thoại Xiaomi Redmi 9A,2390000.0,07/01/2021,IPS LCD,5 MP,"6.53"" - Tần số quét 60 Hz",400 nits,Kính cường lực Corning Gorilla Glass 3,FullHD 1080p@30fps,Có,A.I Camera,Android 10,MediaTek Helio G25,8 nhân 2.0 GHz,IMG PowerVR GE8320,2 GB,32 GB,22 GB,Không giới hạn,Hỗ trợ 4G,2 Nano SIM,Wi-Fi 802.11 a/b/g/n,GPS,A2DP,Micro USB,3.5 mm,OTG,5000 mAh,Li-Ion,10 W,Siêu tiết kiệm pin,Mở khoá khuôn mặt,Chạm 2 lần sáng màn hình,,Ghi âm mặc định,3GP,AAC,Nguyên khối,Khung & Mặt lưng nhựa,Dài 164.9 mm - Ngang 77.07 mm - Dày 9 mm - Nặng 194 g,07/2020,"MicroSD, hỗ trợ tối đa 512 GB",10 W,Có,Xiaomi. <span class='parameter__manu'>Xem thông tin hãng</span>
55,Điện thoại Vivo Y15s,3090000.0,08/27/2022,IPS LCD,8 MP,"6.51"" - Tần số quét 60 Hz",480 nits,Kính cường lực Panda,FullHD 1080p@30fps,Có,Làm đẹp,Android 11 (Go Edition),MediaTek Helio P35,2.3 GHz,IMG PowerVR GE8320,3 GB,32 GB,22 GB,Không giới hạn,Hỗ trợ 4G,2 Nano SIM,Dual-band (2.4 GHz/5 GHz),GLONASS,v5.0,Micro USB,3.5 mm,OTG,5000 mAh,Li-Po,10 W,Tiết kiệm pin,Mở khoá khuôn mặt,Chạm 2 lần sáng màn hình,Không có,Ghi âm mặc định,3GP,AAC,Nguyên khối,Khung & Mặt lưng nhựa Polymer cao cấp,Dài 163.96 mm - Ngang 75.2 mm - Dày 8.28 mm - Nặng 179 g,10/2021,"MicroSD, hỗ trợ tối đa 1 TB",10 W,Có,Vivo. <span class='parameter__manu'>Xem thông tin hãng</span>
56,Điện thoại Vivo V21 5G,7890000.0,04/28/2022,AMOLED,44 MP,"6.44"" - Tần số quét 90 Hz",800 nits,Kính cường lực Schott Xensation UP,4K 2160p@30fps,Có,Chống rung quang học (OIS),Android 11,MediaTek Dimensity 800U 5G,2 nhân 2.4 GHz & 6 nhân 2 GHz,Mali-G57 MC3,8 GB + 3 GB (Công nghệ mở rộng RAM),128 GB,115 GB,Không giới hạn,Hỗ trợ 5G,2 Nano SIM,Dual-band (2.4 GHz/5 GHz),GLONASS,A2DP,Type-C,Type-C,OTG,4000 mAh,Li-Po,33 W,Sạc pin nhanh,Mở khoá khuôn mặt,Chạm 2 lần sáng màn hình,,Ghi âm cuộc gọi,3GP,AAC,Nguyên khối,Khung nhựa & Mặt lưng kính,Dài 159.68 mm - Ngang 73.9 mm - Dày 7.3 mm - Nặng 177 g,05/2021,"MicroSD, hỗ trợ tối đa 1 TB",33 W,Có,Vivo. <span class='parameter__manu'>Xem thông tin hãng</span>
57,Điện thoại Vivo V23e,7790000.0,07/12/2022,AMOLED,50 MP,"6.44"" - Tần số quét 60 Hz",570 nits,Kính cường lực,FullHD 1080p@24fps,Có,A.I Camera,Android 11,MediaTek Helio G96 8 nhân,2 nhân 2.05 GHz & 6 nhân 2.0 GHz,Mali-G57 MC2,8 GB,128 GB,115 GB,Không giới hạn,Hỗ trợ 4G,2 Nano SIM (SIM 2 chung khe thẻ nhớ),Dual-band (2.4 GHz/5 GHz),BEIDOU,v5.2,Type-C,Type-C,OTG,4050 mAh,Li-Po,44 W,Sạc pin nhanh,Mở khoá khuôn mặt,Mở rộng bộ nhớ RAM,Không có,Ghi âm mặc định,3GP,APE,Nguyên khối,Khung nhựa & Mặt lưng kính,Dài 160.87 mm - Ngang 74.28 mm - Dày 7.41 mm - Nặng 172 g,11/2021,"MicroSD, hỗ trợ tối đa 1 TB",44 W,,Vivo. <span class='parameter__manu'>Xem thông tin hãng</span>
58,Điện thoại Vivo Y55,6790000.0,04/25/2023,AMOLED,16 MP,"6.44"" - Tần số quét 60 Hz",600 nits,Kính cường lực Schott Xensation UP,FullHD 1080p@30fps,Có,Bộ lọc màu,Android 12,Snapdragon 680 8 nhân,4 nhân 2.4 GHz & 4 nhân 1.8 GHz,Adreno 610,8 GB,128 GB,115 GB,Không giới hạn,Hỗ trợ 4G,2 Nano SIM,Dual-band (2.4 GHz/5 GHz),BEIDOU,v5.0,Type-C,3.5 mm,OTG,5000 mAh,Li-Po,44 W,Sạc pin nhanh,Mở khoá khuôn mặt,Chạm 2 lần tắt/sáng màn hình,Không có,Ghi âm cuộc gọi,3GP,AAC,Nguyên khối,Khung & Mặt lưng nhựa Polymer cao cấp,Dài 160.8 mm - Ngang 73.79 mm - Dày 8.42 mm - Nặng 182 g,5/2022,"MicroSD, hỗ trợ tối đa 1 TB",44 W,Có,Vivo. <span class='parameter__manu'>Xem thông tin hãng</span>
59,Điện thoại Vivo Y53s,5490000.0,05/25/2022,IPS LCD,16 MP,"6.58"" - Tần số quét 60 Hz",450 nits,Kính cường lực Panda,FullHD 1080p@30fps,Có,Flash màn hình,Android 11,MediaTek Helio G80,2 nhân 2.0 GHz & 6 nhân 1.8 GHz,Mali-G52,8 GB,128 GB,115 GB,Không giới hạn,Hỗ trợ 4G,2 Nano SIM,Dual-band (2.4 GHz/5 GHz),GLONASS,v5.0,Type-C,3.5 mm,OTG,5000 mAh,Li-Po,33 W,Siêu tiết kiệm pin,Mở khoá khuôn mặt,Chạm 2 lần tắt/sáng màn hình,,Ghi âm mặc định,3GP,FLAC,Nguyên khối,Khung & Mặt lưng nhựa Polymer cao cấp,Dài 164 mm - Ngang 75.46 mm - Dày 8.38 mm - Nặng 190 g,06/2021,"MicroSD, hỗ trợ tối đa 1 TB",33 W,Có,Vivo. <span class='parameter__manu'>Xem thông tin hãng</span>
60,Điện thoại Vivo Y33s,5340000.0,12/15/2022,IPS LCD,16 MP,"6.58"" - Tần số quét 60 Hz",480 nits,Kính cường lực Panda,FullHD 1080p@30fps,Có,Chụp đêm,Android 11,MediaTek Helio G80,2 nhân 2.0 GHz & 6 nhân 1.8 GHz,Mali-G52 MC2,8 GB,128 GB,115 GB,Không giới hạn,Hỗ trợ 4G,2 Nano SIM,Dual-band (2.4 GHz/5 GHz),BEIDOU,v5.0,Type-C,3.5 mm,OTG,5000 mAh,Li-Po,18 W,Sạc pin nhanh,Mở khoá khuôn mặt,Mở rộng bộ nhớ RAM,Không có,Ghi âm mặc định,3GP,APE,Nguyên khối,Khung & Mặt lưng nhựa,Dài 164.26 mm - Ngang 76.08 mm - Dày 8 mm - Nặng 182 g,12/2021,"MicroSD, hỗ trợ tối đa 1 TB",18 W,Có,Vivo. <span class='parameter__manu'>Xem thông tin hãng</span>
61,Điện thoại Vivo Y21,3890000.0,08/23/2022,IPS LCD,8 MP,"6.51"" - Tần số quét 60 Hz",Hãng không công bố,Mặt kính cong 2.5D,FullHD 1080p@30fps,Có,HDR,Android 11,MediaTek Helio P35,4 nhân 2.3 GHz & 4 nhân 1.8 GHz,IMG PowerVR GE8320,4 GB,64 GB,52 GB,Không giới hạn,Hỗ trợ 4G,2 Nano SIM,Dual-band (2.4 GHz/5 GHz),GPS,A2DP,Type-C,3.5 mm,OTG,5000 mAh,Li-Po,18 W,Sạc pin nhanh,Mở khoá khuôn mặt,Tối ưu game (Multi Turbo),Không có,Ghi âm mặc định,3GP,Midi,Nguyên khối,Khung & Mặt lưng nhựa Polycarbonate,Dài 164.26 mm - Ngang 76.08 mm - Dày 8 mm - Nặng 182 g,08/2021,"MicroSD, hỗ trợ tối đa 1 TB",18 W,Có,Vivo. <span class='parameter__manu'>Xem thông tin hãng</span>
62,Điện thoại Vivo Y01,2790000.0,03/09/2023,IPS LCD,5 MP,"6.51"" - Tần số quét 60 Hz",460 nits,Kính cường lực Panda,FullHD 1080p@30fps,Có,Làm đẹp,Android 11 (Go Edition),MediaTek Helio P35,2.3 GHz,IMG PowerVR GE8320,2 GB,32 GB,25 GB,Không giới hạn,Hỗ trợ 4G,2 Nano SIM,Dual-band (2.4 GHz/5 GHz),BEIDOU,v5.0,Micro USB,3.5 mm,OTG,5000 mAh,Li-Po,10 W,Tiết kiệm pin,Mở khoá khuôn mặt,Chạm 2 lần tắt/sáng màn hình,Không có,Ghi âm cuộc gọi,3GP,AAC,Nguyên khối,Khung & Mặt lưng nhựa Polymer cao cấp,Dài 163.96 mm - Ngang 75.2 mm - Dày 8.28 mm - Nặng 178 g,03/2022,"MicroSD, hỗ trợ tối đa 1 TB",10 W,Có,Vivo. <span class='parameter__manu'>Xem thông tin hãng</span>
63,Điện thoại Realme C35 64GB,4290000.0,02/22/2023,IPS LCD,8 MP,"6.6"" - Tần số quét 60 Hz",600 nits,Kính cường lực Panda,480p@30fps,Có,HDR,Android 11,Unisoc T616 8 nhân,2.0 GHz,Mali-G57,4 GB,64 GB,44 GB,Không giới hạn,Hỗ trợ 4G,2 Nano SIM,Dual-band (2.4 GHz/5 GHz),Có,v5.0,Type-C,3.5 mm,OTG,5000 mAh,Li-Po,18 W,Sạc ngược qua cáp,Mở khoá khuôn mặt,,Không có,Ghi âm mặc định,3GP,AAC,Nguyên khối,Khung & Mặt lưng nhựa,Dài 164.4 mm - Ngang 75.6 mm - Dày 8.1 mm - Nặng 189 g,02/2022,"MicroSD, hỗ trợ tối đa 256 GB",18 W,,
64,Điện thoại Realme 9 Pro 5G,7990000.0,02/24/2023,IPS LCD,16 MP,"6.6"" - Tần số quét 120 Hz",600 nits,Kính cường lực Panda,FullHD 1080p@30fps,Có,Bộ lọc màu,Android 12,Snapdragon 695 5G 8 nhân,2 nhân 2.2 GHz & 6 nhân 1.8 GHz,Adreno 619,8 GB,128 GB,107 GB,Không giới hạn,Hỗ trợ 5G,2 Nano SIM (SIM 2 chung khe thẻ nhớ),Dual-band (2.4 GHz/5 GHz),BEIDOU,v5.1,Type-C,3.5 mm,NFC,5000 mAh,Li-Po,33 W,Siêu tiết kiệm pin,Mở khoá khuôn mặt,Chế độ trẻ em (Không gian trẻ em),Không có,Ghi âm mặc định,3GP,AAC,Nguyên khối,"Khung nhựa, kim loại & Mặt lưng nhựa",Dài 164.3 mm - Ngang 75.6 mm - Dày 8.5 mm - Nặng 195 g,3/2022,"MicroSD, hỗ trợ tối đa 256 GB",33 W,,
65,Điện thoại Realme 8,6990000.0,03/30/2022,Super AMOLED,16 MP,"6.4"" - Tần số quét 60 Hz",1000 nits,Kính cường lực Schott Xensation UP,4K 2160p@30fps,Có,A.I Camera,Android 11,MediaTek Helio G95,2 nhân 2.05 GHz & 6 nhân 2.0 GHz,Mali-G76 MC4,8 GB,128 GB,113 GB,Không giới hạn,Hỗ trợ 4G,2 Nano SIM,Dual-band (2.4 GHz/5 GHz),GPS,A2DP,Type-C,3.5 mm,OTG,5000 mAh,Li-Po,30 W,Sạc ngược qua cáp,Mở khoá khuôn mặt,Ghi âm cuộc gọi,,Ghi âm cuộc gọi,3GP,AAC,Nguyên khối,Khung & Mặt lưng nhựa,Dài 160.6 mm - Ngang 73.9 mm - Dày 7.99 mm - Nặng 177 g,03/2021,"MicroSD, hỗ trợ tối đa 256 GB",30 W,,
66,Điện thoại Realme 9 4G,6690000.0,03/30/2023,Super AMOLED,16 MP,"6.4"" - Tần số quét 90 Hz",1000 nits,Kính cường lực Corning Gorilla Glass 5,FullHD 1080p@30fps,Có,Bộ lọc màu,Android 12,Snapdragon 680 4G,4 nhân 2.4 GHz & 4 nhân 1.9 GHz,Adreno 610,8 GB,128 GB,115.3 GB,Không giới hạn,Hỗ trợ 4G,2 Nano SIM,Dual-band (2.4 GHz/5 GHz),BEIDOU,apt-X,Type-C,3.5 mm,,5000 mAh,Li-Po,33 W,Sạc pin nhanh,Mở khoá khuôn mặt,Chạm 2 lần tắt/sáng màn hình,Không có,Ghi âm cuộc gọi,3GP,AAC,Nguyên khối,Khung & Mặt lưng nhựa,Dài 160.2 mm - Ngang 73.3 mm - Dày 7.99 mm - Nặng 178 g,05/2022,"MicroSD, hỗ trợ tối đa 256 GB",33 W,,
67,Điện thoại Realme 9i (4GB/64GB),5490000.0,03/31/2023,IPS LCD,16 MP,"6.6"" - Tần số quét 90 Hz",480 nits,Mặt kính cong 2.5D,FullHD 1080p@30fps,Có,Chụp đêm,Android 11,Snapdragon 680 8 nhân,2.4 GHz,Adreno 610,4 GB,64 GB,44 GB,Không giới hạn,Hỗ trợ 4G,2 Nano SIM,Dual-band (2.4 GHz/5 GHz),GLONASS,v5.0,Type-C,3.5 mm,OTG,5000 mAh,Li-Po,33 W,Sạc pin nhanh,Mở khoá khuôn mặt,Mở rộng bộ nhớ RAM,Không có,Ghi âm mặc định,3GP,AAC,Nguyên khối,Khung & Mặt lưng nhựa,Dài 164.4 mm - Ngang 75.7 mm - Dày 8.4 mm - Nặng 190 g,4/2022,"MicroSD, hỗ trợ tối đa 1 TB",33 W,,
68,Điện thoại Realme C21Y 4GB,3690000.0,06/02/2022,IPS LCD,5 MP,"6.5"" - Tần số quét 60 Hz",420 nits,Kính cường lực,FullHD 1080p@30fps,Có,HDR,Android 11,Spreadtrum T610 8 nhân,1.8 GHz,Mali-G52,4 GB,64 GB,44 GB,Không giới hạn,Hỗ trợ 4G,2 Nano SIM,Wi-Fi 802.11 b/g/n,GPS,v5.0,Micro USB,3.5 mm,,5000 mAh,Li-Po,10 W,Tiết kiệm pin,Mở khoá khuôn mặt,Chặn cuộc gọi,,Ghi âm mặc định,3GP,AAC,Nguyên khối,Khung & Mặt lưng nhựa,Dài 164.5 mm - Ngang 76 mm - Dày 9.1 mm - Nặng 194 g,06/2021,"MicroSD, hỗ trợ tối đa 256 GB",10 W,,
69,Điện thoại Realme C25Y 64GB,3690000.0,12/16/2022,IPS LCD,8 MP,"6.5"" - Tần số quét 60 Hz",420 nits,Kính cường lực Corning Gorilla Glass 3,FullHD 1080p@30fps,Có,HDR,Android 11,Unisoc T618 8 nhân,2.0 GHz,Mali-G52,4 GB,64 GB,44 GB,Không giới hạn,Hỗ trợ 4G,2 Nano SIM,Wi-Fi 802.11 b/g/n,BEIDOU,A2DP,Micro USB,3.5 mm,OTG,5000 mAh,Li-Po,18 W,Siêu tiết kiệm pin,Mở khoá khuôn mặt,,Không có,Ghi âm mặc định,3GP,AAC,Nguyên khối,Khung & Mặt lưng nhựa,Dài 164.5 mm - Ngang 76 mm - Dày 9.1 mm - Nặng 200 g,11/2021,"MicroSD, hỗ trợ tối đa 256 GB",18 W,,
70,Điện thoại Realme C21-Y 3GB,3490000.0,10/17/2022,IPS LCD,5 MP,"6.5"" - Tần số quét 60 Hz",420 nits,Kính cường lực,FullHD 1080p@30fps,Có,HDR,Android 11,Spreadtrum T610 8 nhân,1.8 GHz,Mali-G52,3 GB,32 GB,16 GB,Không giới hạn,Hỗ trợ 4G,2 Nano SIM,Wi-Fi 802.11 b/g/n,GPS,v5.0,Micro USB,3.5 mm,OTG,5000 mAh,Li-Po,10 W,Tiết kiệm pin,Mở khoá khuôn mặt,Chặn cuộc gọi,,Ghi âm mặc định,3GP,AAC,Nguyên khối,Khung & Mặt lưng nhựa,Dài 164.5 mm - Ngang 76 mm - Dày 9.1 mm - Nặng 194 g,06/2021,"MicroSD, hỗ trợ tối đa 256 GB",10 W,,
71,Điện thoại Realme C11 (2021),2690000.0,05/07/2022,IPS LCD,5 MP,"6.5"" - Tần số quét 60 Hz",400 nits,Kính cường lực,480p@30fps,Có,HDR,Android 11 (Go Edition),Spreadtrum SC9863A,4 nhân 1.6 GHz & 4 nhân 1.2 GHz,IMG PowerVR GE8322,2 GB,32 GB,16 GB,Không giới hạn,Hỗ trợ 4G,2 Nano SIM,Wi-Fi 802.11 a/b/g/n,GPS,A2DP,Micro USB,3.5 mm,OTG,5000 mAh,Li-Po,10 W,Tiết kiệm pin,Mở khoá khuôn mặt,,,Ghi âm mặc định,Có,Có,Nguyên khối,Khung & Mặt lưng nhựa,Dài 165.2 mm - Ngang 76.4 mm - Dày 8.9 mm - Nặng 190 g,05/2021,"MicroSD, hỗ trợ tối đa 256 GB",10 W,,
72,Điện thoại Realme C11 (2021) 2GB/32GB,2690000.0,11/24/2022,IPS LCD,5 MP,"6.5"" - Tần số quét 60 Hz",400 nits,Kính cường lực,480p@30fps,Có,HDR,Android 11 (Go Edition),Spreadtrum SC9863A,4 nhân 1.6 GHz & 4 nhân 1.2 GHz,IMG PowerVR GE8322,2 GB,32 GB,16 GB,Không giới hạn,Hỗ trợ 4G,2 Nano SIM,Wi-Fi 802.11 a/b/g/n,BEIDOU,A2DP,Micro USB,3.5 mm,OTG,5000 mAh,Li-Po,10 W,Tiết kiệm pin,Mở khoá khuôn mặt,,,Ghi âm mặc định,Có,Có,Nguyên khối,Khung & Mặt lưng nhựa,Dài 165.2 mm - Ngang 76.4 mm - Dày 8.9 mm - Nặng 190 g,11/2021,"MicroSD, hỗ trợ tối đa 256 GB",10 W,,
73,Điện thoại Nokia G21,4290000.0,03/21/2023,TFT LCD,8 MP,"6.5"" - Tần số quét 90 Hz",400 nits,Kính cường lực Panda,FullHD 1080p@30fps,Có,Chụp đêm,Android 11,Unisoc T606 8 nhân,1.6 GHz,Mali-G57,4 GB,128 GB,115 GB,Không giới hạn,Hỗ trợ 4G,2 Nano SIM,Dual-band (2.4 GHz/5 GHz),GALILEO,v5.0,Type-C,3.5 mm,NFC,5050 mAh,Li-Ion,18 W,Sạc pin nhanh,Mở khoá khuôn mặt,,IP52,Ghi âm cuộc gọi,AVI,FLAC,Nguyên khối,Khung kim loại & Mặt lưng nhựa,Dài 164.6 mm - Ngang 75.9 mm - Dày 8.5 mm - Nặng 190 g,04/2022,"MicroSD, hỗ trợ tối đa 512 GB",10 W,Có,
74,Điện thoại Nokia G11,3240000.0,02/16/2023,TFT LCD,8 MP,"6.5"" - Tần số quét 90 Hz",400 nits,Kính cường lực Panda,FullHD 1080p@30fps,Có,Chụp đêm,Android 11,Unisoc T606 8 nhân,1.6 GHz,Mali-G57,4 GB,64 GB,50 GB,Không giới hạn,Hỗ trợ 4G,2 Nano SIM,Dual-band (2.4 GHz/5 GHz),GALILEO,A2DP,Type-C,3.5 mm,NFC,5050 mAh,Li-Po,18 W,Sạc pin nhanh,Mở khoá khuôn mặt,,IP52,Ghi âm cuộc gọi,AVI,FLAC,Nguyên khối,Khung kim loại & Mặt lưng nhựa,Dài 164.6 mm - Ngang 75.9 mm - Dày 8.5 mm - Nặng 189 g,04/2022,"MicroSD, hỗ trợ tối đa 512 GB",10 W,Có,
75,Điện thoại Nokia G10,3190000.0,11/29/2022,TFT LCD,8 MP,"6.5"" - Tần số quét 60 Hz",400 nits,Kính cường lực Panda,FullHD 1080p@30fps,Có,Làm đẹp,Android 11,MediaTek Helio G25,8 nhân 2.0 GHz,IMG PowerVR GE8320,4 GB,64 GB,50 GB,Không giới hạn,Hỗ trợ 4G,2 Nano SIM,Wi-Fi 802.11 b/g/n,GPS,v5.0,Type-C,3.5 mm,OTG,5050 mAh,Li-Ion,10 W,Không có,Mở khoá khuôn mặt,Trợ lý ảo Google Assistant,IPX2,Ghi âm cuộc gọi,AVI,FLAC,Nguyên khối,Khung kim loại & Mặt lưng nhựa,Dài 164.9 mm - Ngang 76 mm - Dày 9.2 mm - Nặng 194 g,12/2021,"MicroSD, hỗ trợ tối đa 512 GB",10 W,Có,
76,Điện thoại Nokia C30,2850000.0,08/05/2022,IPS LCD,5 MP,"6.82"" - Tần số quét 60 Hz",400 nits,Mặt kính cong 2.5D,FullHD 1080p@30fps,Có,HDR,Android 11 (Go Edition),Spreadtrum SC9863A,4 nhân 1.6 GHz & 4 nhân 1.2 GHz,IMG PowerVR GE8322,3 GB,32 GB,25 GB,Không giới hạn,Hỗ trợ 4G,2 Nano SIM,Wi-Fi 802.11 a/b/g/n,GPS,A2DP,Micro USB,3.5 mm,,6000 mAh,Li-Po,10 W,Tiết kiệm pin,Mở khoá khuôn mặt,,Không có,,MP4,MP3,Pin liền,Khung & Mặt lưng nhựa Polycarbonate,Dài 177.7 mm - Ngang 79.1 mm - Dày 9.9 mm - Nặng 237 g,08/2021,"MicroSD, hỗ trợ tối đa 256 GB",10 W,Có,
77,Điện thoại Nokia C20,1990000.0,06/15/2022,IPS LCD,5 MP,"6.5"" - Tần số quét 60 Hz",Hãng không công bố,Hãng không công bố,FullHD 1080p@30fps,Có,HDR,Android 11 (Go Edition),Spreadtrum SC9863A,4 nhân 1.6 GHz & 4 nhân 1.2 GHz,Mali-G52 MC2,2 GB,32 GB,25 GB,Không giới hạn,Hỗ trợ 4G,2 Nano SIM,Wi-Fi 802.11 a/b/g/n,GPS,A2DP,Micro USB,3.5 mm,,2950 mAh,Li-Ion,5 W,Tiết kiệm pin,Mở khoá khuôn mặt,,,,AVI,MP3,Pin rời,Khung & Mặt lưng nhựa Polycarbonate,Dài 169.9 mm - Ngang 77.9 mm - Dày 8.8 mm - Nặng 191 g,06/2021,"MicroSD, hỗ trợ tối đa 256 GB",5 W,Có,
78,Điện thoại Nokia 215 4G,900000.0,11/16/2021,TFT LCD,QVGA (240 x 320 Pixels),"2.4""",,Không có cảm ứng,,,,Series 30+,,,,,,,2000 số,Hỗ trợ 4G,2 Nano SIM,,,v5.0,Micro USB,3.5 mm,,1150 mAh,Li-Ion,2.75 W,,,Ghi âm cuộc gọi,,Ghi âm cuộc gọi,,MP3,Pin rời,Khung & Mặt lưng nhựa,Dài 124.7 mm - Ngang 51 mm - Dày 13.7 mm - Nặng 90.3 g,11/2020,"MicroSD, hỗ trợ tối đa 32 GB",2.75 W,Có,
79,Điện thoại Nokia 110 4G,850000.0,06/22/2022,TFT LCD,0.08 MP,"1.8""",,Không có cảm ứng,Có quay phim,,,,,,,,,,2000 số,Hỗ trợ 4G,2 Nano SIM,,,,Micro USB,3.5 mm,,1020 mAh,Li-Ion,,,,,,Ghi âm cuộc gọi,AVI,WAV,Pin rời,Khung & Mặt lưng nhựa,Dài 121 mm - Ngang 50 mm - Dày 14.5 mm - Nặng 84.5 g,06/2021,"MicroSD, hỗ trợ tối đa 32 GB",2.75 W,FM không cần tai nghe,
80,Điện thoại Nokia 105 4G,750000.0,06/22/2022,TFT LCD,QQVGA (120 x 160 Pixels),"1.8""",,Không có cảm ứng,,Không có,,Series 30+,Unisoc T107,,,48 MB,128 MB,,2000 số,Hỗ trợ 4G,2 Nano SIM,,,,Micro USB,3.5 mm,,1020 mAh,Li-Ion,,,,Chặn cuộc gọi,,,,,Pin rời,Khung & Mặt lưng nhựa,Dài 121 mm - Ngang 50 mm - Dày 14.5 mm - Nặng 80.2 g,06/2021,,2.75 W,FM không cần tai nghe,
81,Điện thoại Nokia 105 Single SIM,480000.0,10/01/2020,TFT LCD,QQVGA (120 x 160 Pixels),"1.77""",,Không có cảm ứng,,Không có,,Không có,,,,,,,2000 số,Hỗ trợ 2G,1 SIM thường,,,,Micro USB,3.5 mm,,800 mAh,Li-Ion,2.75 W,,,Chặn cuộc gọi,,,,,Pin rời,Khung & Mặt lưng nhựa,Dài 111.9 mm - Ngang 49.2 mm - Dày 14.4 mm - Nặng 73 g,09/2019,,2.75 W,Có,
82,Điện thoại Itel L6502,2290000.0,10/01/2022,IPS LCD,5 MP,"6.5"" - Tần số quét Hãng không công bố",Hãng không công bố,Mặt kính cong 2.5D,HD 720p@24fps,Có,Chạm lấy nét,Android 10 (Go Edition),Spreadtrum SC9832E,1.4 GHz,Mali-T820 MP1,3 GB,32 GB,22 GB,Không giới hạn,Hỗ trợ 4G,2 Nano SIM,Wi-Fi 802.11 b/g/n,GPS,v4.3,Micro USB,3.5 mm,OTG,4000 mAh,Li-Ion,5 W,,Mở khoá khuôn mặt,,,Ghi âm mặc định,3GP,AAC,Pin rời,Khung nhôm & Mặt lưng nhựa,Dài 166 mm - Ngang 75.9 mm - Dày 8.55 mm - Nặng 179 g,10/2021,"MicroSD, hỗ trợ tối đa 128 GB",5 W,Có,
83,Điện thoại Itel L6006,1990000.0,10/01/2022,IPS LCD,5 MP,"6.1"" - Tần số quét Hãng không công bố",Hãng không công bố,Kính thường,HD 720p@24fps,Có,Chạm lấy nét,Android 10 (Go Edition),Spreadtrum SC9832E,1.4 GHz,Mali-T820 MP1,2 GB,32 GB,22 GB,Không giới hạn,Hỗ trợ 4G,2 Micro SIM,Wi-Fi 802.11 b/g/n,GPS,v4.3,Micro USB,3.5 mm,OTG,3000 mAh,Li-Ion,5 W,,Mở khoá khuôn mặt,,,Ghi âm mặc định,3GP,AAC,Pin rời,Khung nhôm & Mặt lưng nhựa,Dài 156 mm - Ngang 77.8 mm - Dày 9.46 mm - Nặng 178 g,10/2021,"MicroSD, hỗ trợ tối đa 128 GB",5 W,Có,
84,Điện thoại Itel it9210 4G,680000.0,11/16/2022,LCD,0.3 MP,"2.4""",,Không có cảm ứng,Có quay phim,Có,,Không có,,,,64 MB,128 MB,,2000 số,Hỗ trợ 4G,2 Micro SIM,Có,,v4.2,Micro USB,3.5 mm,,1900 mAh,Li-Po,1.75 W,,,,,Ghi âm mặc định,3GP,ADPCM,Pin rời,Khung & Mặt lưng nhựa,Dài 128.8 mm - Ngang 52.5 mm - Dày 13.75 mm - Nặng 108.5 g,11/2021,"MicroSD, hỗ trợ tối đa 64 GB",1.75 W,Có,
85,Điện thoại Itel it9010 4G,580000.0,04/28/2023,LCD,Không có,"1.77""",,Không có cảm ứng,Không có,Có,,Không có,Không có,,,48 MB,128 MB,,2000 số,Hỗ trợ 4G,2 Micro SIM,Không có,Có,v4.2,Micro USB,3.5 mm,Không có,1000 mAh,Li-Po,1.75 W,,Không có,,Không có,Ghi âm cuộc gọi,3GP,ADPCM,Pin rời,Khung & Mặt lưng nhựa,Dài 128.8 mm - Ngang 52.5 mm - Dày 13.7 mm - Nặng 95 g,05/2022,"MicroSD, hỗ trợ tối đa 64 GB",1.75 W,Có,
86,Điện thoại Masstel FAMI 60 4G,750000.0,12/06/2022,TFT LCD,Không có,"2"" - Tần số quét Không có",,Không có cảm ứng,Không có,Không có,Không có,Không có,Unisoc UIS8910,Không có,Không có,16 MB,24 MB,,500 số,Hỗ trợ 4G VoLTE,2 Nano SIM,Không có,Không có,v4.2,Type-C,Không có,Không có,2000 mAh,Li-Ion,,Không có,Không có,Không có,Không có,Ghi âm mặc định,3GP,AAC,Pin rời,Khung kim loại & Mặt lưng nhựa,Dài 125.9 mm - Ngang 57.1 mm - Dày 15.3 mm - Nặng 146.2 g,12/2021,"MicroSD, hỗ trợ tối đa 32 GB",2.5 W,FM không cần tai nghe,Masstel. <span class='parameter__manu'>Xem thông tin hãng</span>
87,Điện thoại Masstel IZI 55 4G,700000.0,12/06/2022,TFT LCD,Không có,"2.4""",,Không có cảm ứng,,,,Không có,Unisoc SCUI8910,,,16 MB,24 MB,,500 số,Hỗ trợ 4G VoLTE,2 Nano SIM,Không có,Không có,v4.2,Micro USB,,Không có,1800 mAh,Li-Ion,,Không có,Không có,Không có,Không có,Ghi âm mặc định,3GP,AAC,Pin rời,Khung kim loại & Mặt lưng nhựa,Dài 121.5 mm - Ngang 53 mm - Dày 16.7 mm - Nặng 153 g,12/2021,"MicroSD, hỗ trợ tối đa 16 GB",2.5 W,FM không cần tai nghe,Masstel. <span class='parameter__manu'>Xem thông tin hãng</span>
88,Điện thoại Masstel FAMI 12 4G,650000.0,03/07/2023,TFT LCD,0.08 MP,"1.77""",,Không có cảm ứng,,,,,Unisoc T107,,,48 MB,256 MB,,500 số,Hỗ trợ 4G VoLTE,2 Nano SIM,Không có,Không có,v5.0,Micro USB,3.5 mm,Không có,1400 mAh,Li-Ion,,Không có,,,Không có,Ghi âm cuộc gọi,3GP,AAC,Pin rời,Khung kim loại & Mặt lưng nhựa,Dài 118.3 mm - Ngang 54.5 mm - Dày 15.3 mm - Nặng 124 g,03/2022,"MicroSD, hỗ trợ tối đa 64 GB",2.5 W,FM không cần tai nghe,Masstel. <span class='parameter__manu'>Xem thông tin hãng</span>
89,Điện thoại Masstel IZI 20 4G,550000.0,12/16/2022,TFT LCD,Không có,"1.77""",,Không có cảm ứng,Có quay phim,Không có,,,Unisoc UMS9117,,,48 MB,128 MB,,500 số,Hỗ trợ 4G VoLTE,2 Nano SIM,Không có,Không có,v4.1,Micro USB,3.5 mm,,1700 mAh,Li-Ion,,,,,Không có,Ghi âm mặc định,3GP,AAC,Pin rời,Khung & Mặt lưng nhựa,Dài 117.5 mm - Ngang 49.7 mm - Dày 16.5 mm - Nặng 100 g,12/2021,"MicroSD, hỗ trợ tối đa 32 GB",2.5 W,FM không cần tai nghe,Masstel. <span class='parameter__manu'>Xem thông tin hãng</span>
90,Điện thoại Masstel IZI 10 4G,500000.0,12/16/2022,TFT LCD,Không có,"1.77""",,Không có cảm ứng,,,,Không có,Unisoc UMS9117,,,48 MB,128 MB,,2000 số,Hỗ trợ 4G VoLTE,2 Nano SIM,Không có,Không có,v4.2,Micro USB,3.5 mm,Không có,1000 mAh,Li-Ion,,Không có,,,Không có,Ghi âm mặc định,3GP,AMR,Pin rời,Khung & Mặt lưng nhựa,Dài 121 mm - Ngang 50 mm - Dày 12.8 mm - Nặng 75 g,12/2021,"MicroSD, hỗ trợ tối đa 32 GB",2.5 W,FM không cần tai nghe,Masstel. <span class='parameter__manu'>Xem thông tin hãng</span>
