Nhà sản xuất:,Dung lượng Pin:,GPS:,Bluetooth:,Địa điểm bảo hành:,Mạng 3G:,Chiều sâu:,Cảm ứng:,Kích thước sản phẩm:,Video:,Bộ nhớ trong:,Chiều rộng:,Ghi âm:,Thiết kế:,Màu sắc:,CPU:,Loại màn hình:,Độ dày:,Độ phân giải màn hình:,Chiều cao:,Loa ngoài:,Chipset:,Số khe SIM:,Model:,Camera sau:,NFC:,Thời gian bảo hành:,Camera trước:,Jack 3.5mm:,Năm ra mắt :,WIFI:,Đèn Flash:,Chiều dài:,Giá,Radio:,Xuất xứ:,Mở khóa nhanh:,Hỗ trợ thẻ nhớ ngoài:,Tiện ích khác ĐTDĐ:,Hệ điều hành:,Tên sản phẩm,RAM:,Kích thước màn hình:,Mạng 4G:,USB:,Màn hình tràn viền:,Loại SIM:,Chống nước:,Ảnh
 Samsung ," 5000 mAh, Sạc nhanh 25W ",,, Nguyễn Kim ,,,,,, 128GB ,,,, Đen ,, FHD+ Infinity-V 90Hz ,,,, Âm thành vòm Dolby Atmos , Snapdragon 680 (SM6225) (8 nhân) ,, SM-A235F/DS , 50MP với chế độ quay chụp OIS sắc nét + Chụp Góc Siêu Rộng 5MP + Xoá phông 2MP + Macro 2MP ,, 12 tháng , 8.0MP ,,,,,,5.390.000đ,, Việt Nam ,, Hỗ trợ thẻ nhớ lên đến 1TB ,,,Điện thoại Samsung Galaxy A23 4GB/128GB Đen, 4GB ," 6.6 "" ",,,,,,https://cdn.nguyenkimmall.com/images/thumbnails/600/336/detailed/790/10051573-dien-thoai-samsung-galaxy-a23-4gb-128gb-den-1.jpg
 Samsung ," 5000 mAh, Sạc nhanh 15W ",,, Nguyễn Kim ,,,,,, 128GB ,,,, XANH ,, FHD+ Infinity-V ,,,, Âm thành vòm Dolby Atmos , Exynos850 (8 nhân) ,, SM-A135F/DS , Sau 50MP + Chụp Góc Siêu Rộng 5MP + Xoá phông 2MP + Macro 2MP ,, 12 tháng , 8MP ,,,,,,4.290.000đ,, Việt Nam ,, Hỗ trợ thẻ nhớ lên đến 1TB ,,,Điện thoại Samsung Galaxy A13 4GB/128GB Xanh, 4GB ," 6.6 "" ",,,,,,https://cdn.nguyenkimmall.com/images/detailed/790/10051525-dien-thoai-samsung-galaxy-a13-4gb-128gb-xanh-1.jpg
 Samsung , 5000mAh ,,, Nguyễn Kim ,,,,,, 32GB ,,,, Đen ,, Infinity-V TFT LCD 20:9 ,, HD+ (720x1600) pixels ,,,,, A03 (SM-A035F/DS) ," 48MP F1.8 (Main), 2MP F2.4 (Depth) ",, 12 tháng , 5MP F2.2 ,,,,,,2.790.000đ,, Việt Nam ,,,,,Điện thoại Samsung Galaxy A03 32GB Đen,," 6.5 "" ",,,,,,https://cdn.nguyenkimmall.com/images/thumbnails/600/336/detailed/776/10051129-dien-thoai-samsung-galaxy-a03-32gb-den-1.jpg
 Samsung ,,, Bluetooth v5.1 , Nguyễn Kim ,,,," Cao 159,7 x Rộng 74,0 x Dày 8,1 mm ", UHD 4K (3840 x 2160) @ 30 khung hình / giây , 128GB ,,,, Đen , Octa-Core , Super AMOLED ,, FHD +(1080 x 2400 ) pixels ,,,, SIM 1 + Kết hợp (SIM hoặc MicroSD) , SM-A336E/DS , 48.0 MP + 8.0 MP + 5.0 MP + 2.0 MP , Có , 12 Tháng , 13.0 MP ,,," 802.11 a / b / g / n / ac 2.4G + 5GHz, VHT80 ", Không ,,8.090.000đ,, Việt Nam ,, MicroSD ,, 	Android ,Điện thoại Samsung A33 5G 6GB/128GB Đen, 6GB ," 6,4"" "" ", 	Hỗ trợ 5G , USB 2.0 ,, 2 sim ,,https://cdn.nguyenkimmall.com/images/thumbnails/600/336/detailed/796/10051580-dien-thoai-samsung-a33-5g-6gb-128gb-den-1.jpg
 Samsung , 5000 mAh ,,, Nguyễn Kim ,,,, 164.2 x 75.9 x 9.1 mm ,, 64GB ,,,, Đen ," 8 nhân, 2.3GHz, 1.8GHz ", PLS TFT LCD ,, HD+ pixels ,,, MediaTek MT6765 ,, A03s (SM-A037F/DS) , 13 MP + 2 MP + 2 MP ,, 12 tháng , 5 MP ,,,,,,3.440.000đ,, Việt Nam , Mở khoá vân tay cạnh viền ,,, Android ,Điện thoại Samsung Galaxy A03s 64GB Đen, 4GB ," 6.5 "" ",,,,,,https://cdn.nguyenkimmall.com/images/thumbnails/600/336/detailed/745/10049870-dien-thoai-samsung-galaxy-a03s-64gb-den-1.jpg
 Apple ,,, Bluetooth 5.0 , Nguyễn Kim , Có ,, Có , 146.7 x 71.5 x 7.4mm mm , 4K , 128 GB ,,,, Đỏ ,, Super Retina XDR ,, 2532 x 1170 pixels ,,, Apple A14 Bionic ,, iPhone 12 128GB , 12 MP (kép) ,, 12 Tháng , 12 MP ,, 2020 , Wi-Fi 6 (802.11ax) , Có ,,18.990.000đ,, Trung Quốc , 	Mở khóa bằng khuôn mặt ,,, iOS 14.1 ,Điện thoại iPhone 12 128GB Đỏ, 4 GB ," 6.1 inch "" ", Có , Type C ,,," Có, IP68 ",https://cdn.nguyenkimmall.com/images/detailed/698/10047705-dien-thoai-iphone-12-128gb-do-1.jpg
 Samsung , 5000mAh ,,, Nguyễn Kim ,,,,,, 32GB ,,,, XANH ,, Infinity-V TFT LCD 20:9 ,, HD+ (720x1600) pixels ,,,,, A03 (SM-A035F/DS) ," 48MP F1.8 (Main), 2MP F2.4 (Depth) ",, 12 tháng , 5MP F2.2 ,,,,,,2.790.000đ,, Việt Nam ,,,,,Điện thoại Samsung Galaxy A03 32GB Xanh,," 6.5 "" ",,,,,,https://cdn.nguyenkimmall.com/images/thumbnails/600/336/detailed/776/10051128-dien-thoai-samsung-galaxy-a03-32gb-xanh-1.jpg
 OPPO ," 4310mAh (Typ), Sạc nhanh VOOC 4.0 30W ", Có , 5.1 , Nguyễn Kim ,,,, 160.2 x 73.38 x 7.97 mm ,, 128GB ,,,, Bạc ,," Màn hình đục lỗ, AMOLED, Gorilla Glass 5, 16 triệu màu ",, (FHD+) 1080 x 2400 pixels ,,," MTK Dimensity 800U 5G, tối đa 2.4GHz ", Dual nano-SIM + 1 thẻ nhớ , RENO6Z5G (CPH2237) , 64MP (Chính) + 8MP (Góc rộng) + 2MP (Marco) ,, 12 tháng , 32MP ,,," 2.4G/5G, 802.11 a/b/g/n/ac ", Đèn flash sau ,,7.592.000đ,, Trung Quốc , Cảm biến vân tay (dưới màn hình) , Hỗ trợ thẻ nhớ tối đa 256GB ,," ColorOS 11.1, nền tảng Android 11 ",Điện thoại OPPO Reno6 Z 5G 8GB/128GB Bạc, 8GB ," 6.43 "" ",,,,,,https://cdn.nguyenkimmall.com/images/thumbnails/600/336/detailed/741/10049727-dien-thoai-oppo-reno6-z-5g-8gb-128gb-bac-1.jpg
 Apple ,,, Bluetooth 5.0  , Nguyễn Kim , Có ,, Có , 146.7 x 71.5 x 7.4mm mm , 4K , 64 GB ,,," Nguyên khối, mặt kính cường lực ", Đen ,, Super Retina XDR ,, 2532 x 1170 pixels ,,, Apple A14 Bionic ,, iPhone 12 64GB , 12 MP (kép) ,, 12 Tháng , 12MP ,, 2020 , Wi-Fi 6 (802.11ax) , Có ,,16.990.000đ,, Trung Quốc , 	Mở khóa bằng khuôn mặt ,,, iOS 14.1 ,Điện thoại iPhone 12 64GB Đen, 4 GB ," 6.1 inch "" ", Có , Type C ,,," Có, IP68 ",https://cdn.nguyenkimmall.com/images/thumbnails/600/336/detailed/698/10047698-dien-thoai-iphone-12-64gb-den-1.jpg
 Xiaomi , 5000 mAh ," BDS, A-GPS, GLONASS "," LE, A2DP ", Nguyễn Kim ,,, Có , Dài 164.9 mm - Ngang 77.07 mm - Dày 9 mm ," HD 720p@30fps, FullHD 1080p@30fps ", 32 GB ,, Có , Nguyên khối , Xanh dương ,, IPS LCD ,, HD+ (700 x 1600) pixels ,,, MediaTek Helio G25 8 nhân ,, REDMI 9A , 13 MP ,, 18 tháng , 5 MP , Có , 2020 ," Wi-Fi hotspot, Wi-Fi 802.11 a/b/g/n, Wi-Fi Direct ", Có ,,2.290.000đ, Có , Trung Quốc , Mở khoá khuôn mặt ," MicroSD, hỗ trợ tối đa 512 GB "," Chạm 2 lần tắt màn hình, Chạm 2 lần sáng màn hình, Đèn pin, Chặn tin nhắn, Chặn cuộc gọi ", Android 10 ,Điện thoại Xiaomi Redmi 9A 2GB/32GB Xanh dương, 2 GB ," 6.53 "" ", Có , Micro USB , Có , 2 Nano SIM ,,https://cdn.nguyenkimmall.com/images/thumbnails/600/336/detailed/691/10046547-dien-thoai-xiaomi-redmi-9a-2gb-32gb-xanh-duong-1.webp
 Samsung , 5000 mAh ,,, Nguyễn Kim ,,,, 164.2 x 75.9 x 9.1 mm ,, 64GB ,,,, XANH ," 8 nhân, 2.3GHz, 1.8GHz ", PLS TFT LCD ,, HD+ 720 x 1600 pixels ,,, MediaTek MT6765 ,, A03s (SM-A037F/DS) , 13 MP + 2 MP + 2 MP ,, 12 tháng , 5 MP ,,,,,,3.440.000đ,, Việt Nam , Mở khoá vân tay cạnh viền ,,,,Điện thoại Samsung Galaxy A03s 64GB Xanh, 4GB ," 6.5 "" ",,,,,,https://cdn.nguyenkimmall.com/images/thumbnails/600/336/detailed/745/10049869-dien-thoai-samsung-galaxy-a03s-64gb-xanh-1.jpg
 Vivo , 4000mAh ," GPS, BeiDou, Galileo, GLONASS	 ", Bluetooth 5.1 , Nguyễn Kim , Có ,, Có , 161.30 x 74.20 x 7.38 mm , Có , 128GB ,,,, Xanh Hồng ,, AMOLED ,, 2400 × 1080 (FHD+)	 pixels ,, Có , Qualcomm® Snapdragon™ 720G	 , 3 ( SIM và Thẻ nhớ) , V20 , 64MP; 8MP; 2MP ,, 12 Tháng , 44MP ,,, 2.4GHz /5GHz , Có ,,5.094.000đ,, Trung Quốc , Cảm biến vân tay dưới màn hình ,, Sạc nhanh 33W , Funtouch OS 11 (dựa trên Android 11)	 ,Điện thoại Vivo V20 (8GB/128GB) Xanh hồng, 8GB ," 6.44 "" ", Có , Type C ,,,,https://cdn.nguyenkimmall.com/images/thumbnails/600/336/detailed/687/10047465-dien-thoai-vivo-v20-8gb-128gb-xanh-hong-1_hp8m-xs.webp
 Samsung ," 4500mAh, Công nghệ Sạc nhanh siêu tốc 25W ",,, Nguyễn Kim ,,,,,, 128GB ,,,, XANH ,," Màn hình tràn viền vô cực Super AMOLED Full HD+, độ sáng màn hình đến 800nit ",,,,, Vi xử lý 8 nhân Snapdragon 720G ,, SM-A525F/DS , 4 camera: 64MP+12MP + 5MP + 5MP ,, 12 tháng , 32MP ,,,,,,6.290.000đ,, Việt Nam ,,,,,Điện thoại Samsung Galaxy A52 4G 8GB/128GB Xanh, 8GB ," 6.5 "" ",,,,, Kháng nước và kháng bụi chuẩn iP67 ,https://cdn.nguyenkimmall.com/images/thumbnails/600/336/detailed/716/10048676-dien-thoai-samsung-galaxy-a52-4g-128gb-xanh-1.jpg
 Apple ,,,, Nguyễn Kim ,,, Có ,,, 256 GB ,,,, XANH ,,,,,,, Apple A14 Bionic ,, IPHONE 12 PRO 256GB (MGMT3VN/A) ," 12 MP, 12 MP, 12 MP ",, 12 tháng , 12 MP ,, 2020 ,,,,28.990.000đ,, Trung Quốc ,,,, iOS 14.1 ,Điện thoại iPhone 12 Pro 256GB Xanh, 6 GB ," 6.1 "" ",,,,,,https://cdn.nguyenkimmall.com/images/thumbnails/600/336/detailed/698/10047721-dien-thoai-iphone-12-pro-256gb-xanh-1.jpg
 OPPO , 4230mAh (Typ) , Có , 5.0 , Nguyễn Kim ,,,, 164 x 75.4 x 7.85 mm ,, 32GB ,,,, Đen ,," LCD, Corning Gorilla Glass 3, màn hình giọt nước, 16 triệu màu ",, (HD+) 720 x 1600 pixels ,,," Helio G35 8 nhân, tối đa 2.3GHz ",, A16K (CPH2349) , 13 MP ,, 12 tháng , 5 MP ,, 2021 ," 2.4G/5G, 802.11 a/b/g/n/ac ", Đèn flash sau ,,3.150.000đ,, Trung Quốc ,, Hỗ trợ thẻ nhớ tối đa 1TB ,," ColorOS 11, nền tảng Android 11 ",Điện thoại OPPO A16K 3GB/32GB Đen, 3GB ," 6.52 "" ",,,, Dual nano-SIM + 1 khe thẻ nhớ ,,https://cdn.nguyenkimmall.com/images/thumbnails/600/336/detailed/771/10050850-dien-thoai-oppo-a16k-3gb-32gb-den-1.jpg
 Samsung ," 5,000 mAh Sạc nhanh 25W ",,, Nguyễn Kim ,,,,,, 128GB ,,,, Cam ,, FHD+ Infinity-O Super AMOLED 120Hz ,,,, Âm thanh vòm Dolby Atmos , Exynos 1280 (8 nhân) ,, SM-A536E/DS , 64MP với chế độ quay chụp OIS sắc nét + Chụp Góc Siêu Rộng 12MP + Xoá phông 5MP + Macro 5MP ,, 12 tháng , 32.0MP ,,,,,,8.990.000đ,, Việt Nam , Mở khóa vân tay trên màn hình , Hỗ trợ thẻ nhớ lên đến 1TB ,,,Điện thoại Samsung A53 5G 128GB Cam, 8GB ," 6.5 "" ", Kết nối 5G ,,,, Kháng nước và bụi chuẩn IP67 ,https://cdn.nguyenkimmall.com/images/detailed/790/10051585-dien-thoai-samsung-a53-5g-128gb-cam-1.jpg
 OPPO , 4500 mAh ," GPS, A-GPS, BeiDou, GLONASS, GALILEO, hệ thống định vị QZSS có hỗ trợ ", Bluetooth v5.1 , Nguyễn Kim ,,,,,, 	128GB , 73.2 mm ,," 	Thiết kế da sợi thủy tinh, thiết kế cổ điển siêu mỏng ", Cam ,, AMOLED , 7.49 mm , 	FHD+ (2400x1080) pixels ,,," Qualcomm Snapdragon 680, tối đa 2.4GHz ", 2 SIM , RENO74G , 64MP(Chính) + 2MP(Marco) + 2MP(Bokeh) , HCE và NFC-SIM , 12 Tháng , 32MP , Có , 2022 , Wi-Fi 5 (802.11ac) , Có , 159.9 mm ,7.690.000đ,, Trung Quốc ," 	Cảm ứng vân tay dưới màn hình, nhận diện khuôn mặt ",,," Android 12, ColorOS 12.1 ",Điện thoại OPPO Reno7 4G 8GB/128GB Cam, 	8GB ," 6.4 "" ",, USB Type-C ,," Nano-SIM CARD, Nano-USIM CARD ",,https://cdn.nguyenkimmall.com/images/thumbnails/600/336/detailed/803/10052322-dien-thoai-oppo-reno7-4g-8gb-128gb-cam-1.jpg
 Xiaomi , 5000 mAh ,,, Nguyễn Kim ,,,,,, 128GB , 76.1 mm ,,, Xanh dương ,, Super AMOLED ,,, 8.1 mm ,,,, REDMINOTE11PRO5G , 108MP+ 8MP+ 2MP+ 2MP ,, 18 tháng , 16MP ,,,,, 164.2 mm ,6.990.000đ,, Trung Quốc ,,, sạc nhanh 67W , Android 11 ,Điện thoại Xiaomi Redmi Note 11 Pro 8GB/128GB Xanh Dương, 8GB ," 6.67"" "" ",,,,,,https://cdn.nguyenkimmall.com/images/thumbnails/600/336/detailed/794/10051874-dien-thoai-xiaomi-redmi-note-11pro-8gb-128gb-xanh-duong.jpg
 Apple ,,, 5.0 , Nguyễn Kim ,,, Có ,," 	4K tốc độ 24 fps, 30 fps, hoặc 60 fps ", 64 GB ,,,, Trắng ,, Liquid Retina HD display ,, 1792 x 828 pixels ,,, Apple A13 Bionic 6 nhân ,, IPHONE1164GB , Dual 12MP Ultra Wide và Wide cameras ,, 12 tháng ," 12 MP, ƒ/2.2 aperture ",, 2019 , 802.11ax Wi‑Fi 6 vói 2x2 MIMO , Có ,,11.690.000đ,, Trung Quốc ,,,, iOS 13 ,Điện thoại iPhone 11 64GB Trắng, 4 GB ," 6.1 "" ",,,, Nano-SIM + eSIM ,,https://cdn.nguyenkimmall.com/images/thumbnails/600/336/detailed/776/10050986-dien-thoai-iphone-11-64gb-trang-1.jpg
 OPPO ," 4310mAh (Typ), Sạc nhanh VOOC 4.0 - 30W ", Có , 5.1 , Nguyễn Kim ,,,, 160.1 x 73.2 x 7.8 mm ,, 128GB ,,,, Đen ,, AMOLED ,, FHD+ (1080 x 2400) pixels ,,," Helio P95, tối đa 2.2GHz ",, CPH2203 , 48 MP + 8 MP + 2 MP + 2 MP ,, 12 tháng , 32 MP ,,," 2.4G/5G, 802.11 a/b/g/n/ac ", Có ,,6.152.000đ,, Trung Quốc , Cảm biến vân tay (dưới màn hình) , Hỗ trợ thẻ nhớ tối đa 256GB ,," ColorOS 11.1, nền tảng Android 11 ",Điện thoại OPPO A94 8GB/128GB Đen, 8GB ," 6.43 "" ",,,, Dual nano-SIM + 1 thẻ nhớ ,,https://cdn.nguyenkimmall.com/images/detailed/724/10049029-dien-thoai-oppo-a94-8gb-128gb-den-1.jpg
 Samsung ," 5000mAh, Công Nghệ Sạc Nhanh Siêu Tốc 15W ",,, Nguyễn Kim ,,,,,, 128GB ,,,, XANH ,," Infinity-U, Super AMOLED 90Hz, Tỉ lệ 20:9 ", 8.4 mm , FHD+ (1080x2400) pixels ,,," Vi xử lý Helio G80 (12nm), Octa-core 2.0GHz ",, SM-A325F/DS ," Siêu rộng: 8MP, Rộng: 64MP, Xóa phông: 5MP, Cận cảnh: 5MP ",, 12 tháng , 20MP ,,,,,,6.090.000đ,, Việt Nam ,,,,,Điện thoại Samsung Galaxy A32 4G 6GB/128GB Xanh, 6GB ," 6.4 "" ",,,,,,https://cdn.nguyenkimmall.com/images/thumbnails/600/336/detailed/717/10048673-dien-thoai-samsung-galaxy-a32-4g-128gb-xanh-1_7t44-z0.jpg
 Samsung ," 4500mAh, Công nghệ Sạc nhanh siêu tốc 25W ",,, Nguyễn Kim ,,,,,, 128GB ,,,, Đen ,," Màn hình tràn viền vô cực Super AMOLED Full HD+, độ sáng màn hình đến 800nit ",,,,, Vi xử lý 8 nhân Snapdragon 720G ,, SM-A525F/DS , 4 camera: 64MP+12MP + 5MP + 5MP ,, 12 tháng , 32MP ,,,,,,6.290.000đ,, Việt Nam ,,,,,Điện thoại Samsung Galaxy A52 4G 8GB/128GB Đen, 8GB ," 6.5 "" ",,,,, Kháng nước và kháng bụi chuẩn iP67 ,https://cdn.nguyenkimmall.com/images/thumbnails/600/336/detailed/716/10048677-dien-thoai-samsung-galaxy-a52-4g-128gb-den-1.jpg
 Samsung ," 5000 mAh, Sạc nhanh 25W ",,, Nguyễn Kim ,,,,,, 128GB ,,,, XANH ,, FHD+ Infinity-V 90Hz ,,,, Âm thành vòm Dolby Atmos , Snapdragon 680 (SM6225) (8 nhân) ,, SM-A235F/DS , 50MP với chế độ quay chụp OIS sắc nét + Chụp Góc Siêu Rộng 5MP + Xoá phông 2MP + Macro 2MP ,, 12 tháng , 8.0MP ,,,,,,5.390.000đ,, Việt Nam ,, Hỗ trợ thẻ nhớ lên đến 1TB ,,,Điện thoại Samsung Galaxy A23 4GB/128GB Xanh, 4GB ," 6.6 "" ",,,,,,https://cdn.nguyenkimmall.com/images/thumbnails/600/336/detailed/790/10051572-dien-thoai-samsung-galaxy-a23-4gb-128gb-xanh-1.jpg
 Samsung , 5000 mAh ," BDS, A-GPS, GLONASS ", Bluetooth 5.0 , Nguyễn Kim , Có ,, Có ,,, 128 GB ,," Có, microphone chuyên dụng chống ồn ", Nguyên khối , Xám ,, Dynamic AMOLED 2x ,,,,, Exynos 990 ,, SM-G988B/DS , 108 MP + 48 MP + 12 MP , Có , 12 Tháng , 40 MP ,, 2020 , Có ,,,29.990.000đ, Không , Việt Nam ,,,," Android 10, One UI 2.1 ",Điện thoại Samsung Galaxy S20 Ultra Xám, 12 GB ," 6.9 "" ", Có , USB Type-C , Có , 2 Nano SIM ,,https://cdn.nguyenkimmall.com/images/thumbnails/640/177/detailed/631/10044955-1.jpg
 Vivo ," 5000mAh (TYP), Sạc Siêu Tốc 18W ", Hỗ trợ  , Bluetooth 5.0  , Nguyễn Kim ,,, LCD	 , 164.26 x 76.08 x 8.00  mm ,, 64GB  ,,,, Xanh Tím ,, Cảm ứng điện dung đa điểm  ,, 1600*720 (HD+) pixels ,,, Mediatek Helio P35  ,, Y21 (V2111) , 13MP + 2MP , Không có  , 12 tháng , 8MP ,,, 2.4GHz / 5GHz  , Đèn Flash camera sau  ,,3.690.000đ,, Trung Quốc ,,,,,Điện thoại Vivo Y21 4GB/64GB Xanh Tím, 4GB  ," 6.51 "" ",, Type-C  ,,,,https://cdn.nguyenkimmall.com/images/thumbnails/600/336/detailed/770/10050030-dien-thoai-vivo-y21-4gb-64gb-xanh-tim-1.jpg
 Vivo , 5000mAh (TYP)  , Hỗ trợ , Bluetooth 5.0 , Nguyễn Kim ,,, Cảm ứng điện dung đa điểm  , 163.96 x 75.2 x 8.28 mm ,, 32GB  ,,,, Xanh đen ,, LCD (IPS) ,, HD+ 1600*720 pixels ,,, MediaTek Helio P35  , Hai SIM hai sóng (DSDS)  , Y15s (V2120) , f/2.2 (13MP) + f/2.4 (2MP) , Không có  , 12 tháng , f/2.0 (8MP) ,,, 2.4GHz /5GHz  , Đèn Flash camera sau ,,3.090.000đ,, Trung Quốc ,,,, Funtouch OS 11.1 (Tùy biến trên Android 11 (Go Edition) ,Điện thoại Vivo Y15s 3GB/32GB Xanh Đen, 3GB	 ," 6.51 "" ",, Micro USB (USB 2.0)	 ,,,,https://cdn.nguyenkimmall.com/images/thumbnails/600/336/detailed/755/10050442-dien-thoai-vivo-y15s-3gb-32gb-xanh-den-1.jpg
 Samsung , 4500 mAh ," BDS, A-GPS, GLONASS "," 2DP, LE, apt-X, v5.0 ", Nguyễn Kim , Có ,, Có ,,, 128 GB ,," Có, microphone chuyên dụng chống ồn ", Nguyên khối , Đen ,, Dynamic AMOLED 2x ,,,,, Exynos 990 ,, SM-G985F/DS , 4 MP + 12 MP+ 12 MP , Có , 12 tháng , 10 MP ,, 2020 ," Wi-Fi 802.11 a/b/g/n/ac, Dual-band, Wi-Fi Direct, Wi-Fi hotspot ",,,23.990.000đ, Không , Việt Nam ," Mở khoá khuôn mặt, Mở khoá vân tay dưới màn hình ",,," Android 10, One UI 2.1 ",Samsung Galaxy S20+ Đen, 8 GB ," 6.7 "" ", Có , USB Type-C , Có , 2 Nano SIM , Có ,https://cdn.nguyenkimmall.com/images/thumbnails/600/336/detailed/631/10044970-dien-thoai-samsung-galaxy-sm-g985f-ds-s20-plus-den-1_shm6-82.jpg
 Samsung ," 5,000 mAh Sạc nhanh 25W ",,, Nguyễn Kim ,,,,,, 128GB ,,,, XANH ,, FHD+ Infinity-O Super AMOLED 120Hz ,,,, Âm thanh vòm Dolby Atmos , Exynos 1280 (8 nhân) ,, SM-A536E/DS , 64MP với chế độ quay chụp OIS sắc nét + Chụp Góc Siêu Rộng 12MP + Xoá phông 5MP + Macro 5MP ,, 12 tháng , 32.0MP ,,,,,,8.990.000đ,, Việt Nam , Mở khóa vân tay trên màn hình , Hỗ trợ thẻ nhớ lên đến 1TB ,,,Điện thoại Samsung A53 5G 128GB Xanh, 8GB ," 6.5 "" ", Kết nối 5G ,,,, Kháng nước và bụi chuẩn IP67 ,https://cdn.nguyenkimmall.com/images/thumbnails/600/336/detailed/790/10051583-dien-thoai-samsung-a53-5g-128gb-xanh-1.jpg
 Samsung ," 4500 mAh, Sạc pin nhanh 25W ",,, Nguyễn Kim ,,,,,, 256 GB ,,,, XANH , Qualcomm SM8250 Snapdragon 865 5G (7 nm+) , Infinity-O Super AMOLED ,,,,,,, GALAXYS20F (SM-G780F/DS) ," Chính 12 MP, 8 MP, 12 MP ",, 12 tháng , 32 MP ,,,,,,10.290.000đ,, Việt Nam ,,,,,Điện thoại Samsung Galaxy S20 FE 8GB/256GB Xanh, 8 GB ," 6.5 "" ", Hỗ trợ 4G ,,, Nano SIM ,,https://cdn.nguyenkimmall.com/images/thumbnails/600/336/detailed/728/10049352-dien-thoai-samsung-galaxy-s20-fe-8gb-256gb-xanh.jpg
 Vivo ," 5000mAh (TYP), Sạc Siêu Tốc 18W ", Hỗ trợ , Bluetooth 5.0	 , Nguyễn Kim ,,, Cảm ứng điện dung đa điểm  , 164.26 x 76.08 x 8.00 mm ,, 128GB ,,,, Trắng ,, LCD  ,, HD+ (1600*720)  pixels ,,, Mediatek Helio G80  , Hai SIM hai sóng (DSDS) , Y21s (V2110) , 50MP + 2MP + 2MP , Không có , 12 tháng , 8MP ,,, 2.4GHz / 5GHz  , Đèn Flash camera sau ,,4.990.000đ,, Trung Quốc , Mở khóa vân tay ,,, Funtouch OS 11.1 (Tuỳ biến trên Android 11) ,Điện thoại Vivo Y21s 6GB/128GB Trắng, 6GB ," 6.51 "" ",, Type-C  ,,,,https://cdn.nguyenkimmall.com/images/detailed/751/10049937-dien-thoai-vivo-y21s-6gb-128gb-trắng-1.jpg
 Samsung ," 5000mAh, Công Nghệ Sạc Nhanh Siêu Tốc 15W ",,, Nguyễn Kim ,,,,,, 128GB ,,,, Tím ,," Infinity-U, Super AMOLED 90Hz, Tỉ lệ 20:9 ", 8.4 mm , FHD+ (1080x2400) pixels ,,," Vi xử lý Helio G80 (12nm), Octa-core 2.0GHz ",, SM-A325F/DS ," Siêu rộng: 8MP, Rộng: 64MP, Xóa phông: 5MP, Cận cảnh: 5MP ",, 12 tháng , 20MP ,, 2021 ,,,,6.090.000đ,, Việt Nam ,,,, 	Android ,Điện thoại Samsung Galaxy A32 4G 6GB/128GB Tím, 6GB ," 6.4 "" ",,,,,,https://cdn.nguyenkimmall.com/images/thumbnails/600/336/detailed/717/10048672-dien-thoai-samsung-galaxy-a32-4g-128gb-tim-1.jpg
 Samsung ," 5,000 mAh ",,, Nguyễn Kim ,,,, 7.6 x 163.7 x 76.1 mm ,, 128GB ,,,, XANH ,, Infinity-O Display ,, 	FHD+ (2400x1080) pixels ,,, Snapdragon 778G (8 nhân) ,, A336 A736 , 108 MP + 12 MP + 5 MP + 5 MP ,, 12 Tháng , 32 MP ,,,,,,11.190.000đ,, Việt Nam , On-Screen Fingerprint ,, Sạc nhanh 25W , Android 12 ,Điện thoại Samsung A73 8GB/128GB Xanh, 8GB ," 6.7” "" ",,,, Nano SIM ,,https://cdn.nguyenkimmall.com/images/thumbnails/600/336/detailed/796/10051820-dien-thoai-samsung-a73-6gb-128gb-xanh-1.jpg
 Samsung ," 5000mAh, Công nghệ Sạc nhanh siêu tốc 25W ",,, Nguyễn Kim ,,,,,, 256GB ,,,, Đen ,," Màn hình tràn viền vô cực Super AMOLED, độ sáng màn hình 800nit, Full HD+ ",,,,, Vi xử lý 8 nhân Snapdragon 720G ,, SM-A725F/DS ,,, 12 tháng , 32MP ,,,,,,11.490.000đ,, Việt Nam ,,,,,Điện thoại Samsung Galaxy A72 4G 8GB/256GB Đen, 8GB ," 6.7 "" ",,,,, Kháng nước và kháng bụi chuẩn iP67 ,https://cdn.nguyenkimmall.com/images/detailed/716/10048740-dien-thoai-samsung-galaxy-a72-4g-256gb-den-1.jpg
 Samsung ," 5,000 mAh ",,, Nguyễn Kim ,,,,,, 128 GB , 76.1 mm ,,, Trắng ,, Infinity-O Display ,, 	FHD+ (2400x1080) pixels , 7.6 mm ,, Snapdragon 778G (8 nhân) ,, A336 A736 , 108 MP + 12 MP + 5 MP + 5 MP ,, 12 Tháng , 32 MP ,,,,, 163.7 mm ,11.190.000đ,, Việt Nam , On-Screen Fingerprint ,, Sạc nhanh 25W , Android 12 ,Điện thoại Samsung A73 8GB/128GB Trắng, 8 GB ," 6.7"" "" ",,,, Nano SIM ,,https://cdn.nguyenkimmall.com/images/thumbnails/600/336/detailed/796/10051822-dien-thoai-samsung-a73-6gb-128gb-trang-1.jpg
 Samsung , 5.000 mAh ,,, Nguyễn Kim ,,,,,, 256GB ,,,, Đen ,,,,,,, Qualcomm Snapdragon 8 Gen 1 ,, G908 , Camera chính 108MP; Camera góc siêu rộng 12MP; Camera tele 10MP; Camera tele 10MP ,, 12 tháng , 40MP ,,,,,,29.490.000đ,, Việt Nam ,,,,,Điện thoại Samsung S22 Ultra 12GB/256GB Đen, 12GB ," 6.8 "" ",,,,,,https://cdn.nguyenkimmall.com/images/thumbnails/600/336/detailed/787/10051342-dien-thoai-samsung-s22-ultra-12gb-256gb-den-1.jpg
 Samsung ," 5000mAh, Công Nghệ Sạc Nhanh Siêu Tốc 15W ",,, Nguyễn Kim ,,,,,, 128GB ,,,, Đen ,," Infinity-U, Super AMOLED 90Hz, Tỉ lệ 20:9 ", 8.4 mm , FHD+ (1080x2400) pixels ,,," Vi xử lý Helio G80 (12nm), Octa-core 2.0GHz ",, SM-A325F/DS ," Siêu rộng: 8MP, Rộng: 64MP, Xóa phông: 5MP, Cận cảnh: 5MP ",, 12 tháng , 20MP ,,,,,,6.090.000đ,, Việt Nam ,,,,,Điện thoại Samsung Galaxy A32 4G 6GB/128GB Đen, 6GB ," 6.4 "" ",,,,,,https://cdn.nguyenkimmall.com/images/thumbnails/600/336/detailed/716/10048674-dien-thoai-samsung-galaxy-a32-4g-128gb-den-1.jpg
 Samsung , 4500 mAh ," BDS, A-GPS, GLONASS "," A2DP, LE, apt-X, v5.0 ", Nguyễn Kim , Có ,, Có ,,, 128 GB ,," Có, microphone chuyên dụng chống ồn ", Nguyên khối , XANH ,, Dynamic AMOLED 2x ,,,,, Exynos 990 ,, SM-G985F/DS , 4 MP + 12 MP+ 12 MP , Có , 12 Tháng , 10 MP ,, 2020 ," Wi-Fi 802.11 a/b/g/n/ac, Dual-band, Wi-Fi Direct, Wi-Fi hotspot ",,,19.192.000đ, Không , Việt Nam ," Mở khoá khuôn mặt, Mở khoá vân tay dưới màn hình ",,," Android 10, One UI 2.1 ",Samsung Galaxy S20+ Xanh, 8 GB ," 6.7 "" ", Có , USB Type-C , Có , 2 Nano SIM , Có ,https://cdn.nguyenkimmall.com/images/thumbnails/600/336/detailed/631/10044956-dien-thoai-samsung-sm-g985f-ds-128gb-xanh-1.jpg
 Samsung ," 5000mAh, Công nghệ Sạc nhanh siêu tốc 25W ",,, Nguyễn Kim ,,,,,, 256GB ,,,, Tím ,," Màn hình tràn viền vô cực Super AMOLED, độ sáng màn hình 800nit, Full HD+ ",,,,, Vi xử lý 8 nhân Snapdragon 720G ,, SM-A725F/DS ,,, 12 tháng , 32MP ,,,,,,11.490.000đ,, Việt Nam ,,,,,Điện thoại Samsung Galaxy A72 4G 8GB/256GB Tím, 8GB ," 6.7 "" ",,,,, Kháng nước và kháng bụi chuẩn iP67 ,https://cdn.nguyenkimmall.com/images/thumbnails/600/336/detailed/716/10048738-dien-thoai-samsung-galaxy-a72-4g-256gb-tim-1.jpg
 Samsung ," 5,000 mAh ",,, Nguyễn Kim ,,,,,, 128 GB , 76.1 mm ,,, Xám ,, Infinity-O Display ,, 	FHD+ (2400x1080) pixels , 7.6 mm ,,,, A336 A736 , 108 MP + 12 MP+ 5 MP+ 5 MP ,, 12 Tháng , 32 MP ,,,,, 163.7 mm ,11.190.000đ,, Việt Nam , On-Screen Fingerprint ,, Sạc nhanh 25W , Android 12 ,Điện thoại Samsung A73 8GB/128GB Xám, 8 GB ," 6.7” "" ",,,, Nano SIM ,,https://cdn.nguyenkimmall.com/images/thumbnails/600/336/detailed/796/10051821-dien-thoai-samsung-a73-6gb-128gb-xam-1.jpg
 Vivo ," 5000mAh (TYP), Sạc Siêu Tốc 18W ", Hỗ trợ , Bluetooth 5.0	 , Nguyễn Kim ,,, Cảm ứng điện dung đa điểm  , 164.26 x 76.08 x 8.00 mm ,, 128GB ,,,, XANH ,, LCD  ,, HD+ (1600*720)  pixels ,,, Mediatek Helio G80  , Hai SIM hai sóng (DSDS) , Y21s (V2110) , 50MP + 2MP + 2MP , Không có , 12 tháng , 8MP ,,, 2.4GHz / 5GHz  , Đèn Flash camera sau ,,4.490.000đ,, Trung Quốc , Mở khóa vân tay ,,, Funtouch OS 11.1 (Tuỳ biến trên Android 11) ,Điện thoại Vivo Y21s 4GB/128GB Xanh, 4GB ," 6.51 "" ",, Type-C  ,,,,https://cdn.nguyenkimmall.com/images/detailed/751/10049936-dien-thoai-vivo-y21s-4gb-128gb-xanh-1.jpg
 Nokia , 5050 mAh | Pin liền , GPS/AGPS , Bluetooth® 4.2 , Nguyễn Kim ,,,, 164.8 x 75.9 X 8.55 mm ,, 64 GB ,,,, Xanh Thiên Thạch ,,,, 	HD+ (720 x 1560) pixels ,,,,, NOKIAC21PLUS2/64 , 13 MP + 2 MP ,, 12 Tháng , 5 MP , Có ,, Wifi 802.11 b/g/n , Có ,,2.490.000đ,, Trung Quốc ," 	Mở khóa bằng vân tay, Mở khóa bằng khuôn mặt ",,, Android 11 (Go Edition) ,Điện thoại Nokia C21 Plus 2GB/64GB Xanh Thiên Thạch, 2 GB ," 6.5 "" ",, USB Micro (USB 2.0) ,, 2 Nano SIM + 1 Micro SD , IP52 ,https://cdn.nguyenkimmall.com/images/thumbnails/600/336/detailed/803/10052242-dien-thoai-nokia-c21-plus-2gb-64gb-xanh-thien-thach-1.jpg
 Samsung ," 4500mAh, Công nghệ Sạc nhanh siêu tốc 25W ",,, Nguyễn Kim ,,,,,, 128GB ,,,, Tím ,," Màn hình tràn viền vô cực Super AMOLED Full HD+, độ sáng màn hình đến 800nit ",,,,, Vi xử lý 8 nhân Snapdragon 720G ,, SM-A525F/DS , 4 camera: 64MP+12MP + 5MP + 5MP ,, 12 tháng , 32MP ,,,,,,9.290.000đ,, Việt Nam ,,,,,Điện thoại Samsung Galaxy A52 4G 8GB/128GB Tím, 8GB ," 6.5 "" ",,,,, Kháng nước và kháng bụi chuẩn iP67 ,https://cdn.nguyenkimmall.com/images/thumbnails/600/336/detailed/716/10048675-dien-thoai-samsung-galaxy-a52-4g-128gb-tim-1.jpg
 Samsung ," 5,000 mAh Sạc nhanh 25W ",,, Nguyễn Kim ,,,,,, 128GB ,,,, Đen ,, FHD+ Infinity-O Super AMOLED 120Hz ,,,, Âm thanh vòm Dolby Atmos , Exynos 1280 (8 nhân) ,, SM-A536E/DS , 64MP với chế độ quay chụp OIS sắc nét + Chụp Góc Siêu Rộng 12MP + Xoá phông 5MP + Macro 5MP ,, 12 tháng , 32.0MP ,,,,,,8.990.000đ,, Việt Nam , Mở khóa vân tay trên màn hình , Hỗ trợ thẻ nhớ lên đến 1TB ,,,Điện thoại Samsung A53 5G 128GB Đen, 8GB ," 6.5 "" ", Kết nối 5G ,,,, Kháng nước và bụi chuẩn IP67 ,https://cdn.nguyenkimmall.com/images/detailed/788/10051584-dien-thoai-samsung-a53-5g-128gb-den-1.jpg
 Xiaomi , 5000 mAh ," GLONASS, A-GPS "," LE v4.2, A2DP ", Nguyễn Kim ,,, Có , Dài 164.9 mm - Ngang 77.07 mm - Dày 9.0 mm ," FullHD 1080p@30fps, HD 720p@30fps ", 64 GB ,, Có , Nguyên khối , Xám ,, IPS LCD ,, HD+ (720 x 1600) pixels ,,, MediaTek Helio G35 8 nhân ,, REDMI 9C ," 13 MP, 2 MP, 2 MP ", Không , 18 tháng , 5 MP , Có , 2020 ," Wi-Fi Direct, Wi-Fi 802.11 a/b/g/n, Wi-Fi hotspot ", Có ,,2.790.000đ, Có , Trung Quốc , Mở khóa bằng vân tay ," MicroSD, hỗ trợ tối đa 512 GB "," Chạm 2 lần sáng màn hình, Đèn pin, Thu nhỏ màn hình sử dụng một tay, Chặn tin nhắn, Nhân bản ứng dụng, Chạm 2 lần tắt màn hình, Chặn cuộc gọi, Khoá ứng dụng ", Android 10 ,Điện thoại Xiaomi Redmi 9C 3GB/64GB Xám, 3 GB ," 6.53 "" ", Có , Micro USB , Có , 2 Nano SIM ,,https://cdn.nguyenkimmall.com/images/thumbnails/600/336/detailed/691/10047323-dien-thoai-xiaomi-redmi-9c-3gb-64gb-xam-1.jpg
 Nokia , 5050 mAh | Pin liền , GPS/AGPS , Bluetooth® 4.2 , Nguyễn Kim ,,,, 164.8 x 75.9 X 8.55 mm ,, 64 GB ,,,, Xám Ánh Kim ,,,, 	HD+ (720 x 1560) pixels ,,,,, NOKIAC21PLUS2/64 , 13 MP + 2 MP ,, 12 Tháng , 5 MP , Có ,, Wifi 802.11 b/g/n , Có ,,2.490.000đ,, Trung Quốc ," 	Mở khóa bằng vân tay, Mở khóa bằng khuôn mặt ",,, Android 11 (Go Edition) ,Điện thoại Nokia C21 Plus 2GB/64GB Xám Ánh Kim, 2 GB ," 6.5 "" ",, USB Micro (USB 2.0) ,, 2 Nano SIM + 1 Micro SD , IP52 ,https://cdn.nguyenkimmall.com/images/thumbnails/600/336/detailed/803/10052223-dien-thoai-nokia-c21-plus-2gb-64gb-xam-anh-kim-1.jpg
 Samsung , 5000mAh sạc siêu nhanh 25W / Sạc không dây ,,, Nguyễn Kim ,,,,,, 128GB ,,,, Bạc ,," Vô cực Infinity-O, WQHD+, Dynamic AMOLED 2X ",,,,, Vi xử lý Exynos 2100 (5nm) ,, SM-G998B/DS ," Ống kính góc siêu rộng 12MP (2PD) AF f2.2, Ống kính góc rộng 108MP F1.8 OIS, Ống kính Zoom quang học 1 10MP (3x, 2PD) OIS F2.4, Ống kính Zoom quang học 2 10MP (10x, 2PD) OIS F4.9, ToF Laser AF, Quay phim 8K ",, 12 tháng , Ống kính 40MP AF F2.2 ,,,,,,19.990.000đ,, Việt Nam ,,,,,Điện thoại Samsung Galaxy S21 Ultra 5G 12GB/128GB Bạc, 12GB ," 6.8 "" ",,,,,,https://cdn.nguyenkimmall.com/images/detailed/711/10048468-dien-thoai-samsung-galaxy-s21-ultra-12gb-128gb-bac-1.jpg
 Apple , 3110 mAh ," A-GPS, GLONASS, BDS "," LE, A2DP ", Nguyễn Kim ,,,, Dài 150.9 mm - Ngang 75.7 mm - Dày 8.3 mm ," 4K 2160p@60fps, 4K 2160p@30fps, 4K 2160p@24fps, FullHD 1080p@30fps, FullHD 1080p@60fps, HD 720p@30fps, FullHD 1080p@240fps, FullHD 1080p@120fps ", 64GB ,,," Nguyên khối, Khung nhôm & Mặt lưng kính cường lực ", Xanh lá ,," Liquid Retina, IPS LCD ",, 828 x 1792 pixels ,,, Apple A13 Bionic , 1 Nano SIM & 1 eSIM , IPHONE1164GB , 12 MP + 12 MP ,, 12 tháng , 12 MP ,,," Dual-band (2.4 GHz/5 GHz), Wi-Fi 802.11 a/b/g/n/ac/ax, Wi-Fi hotspot ",,,11.690.000đ,, Trung Quốc , Mở khoá khuôn mặt Face ID ,,,,Điện thoại iPhone 11 64GB Xanh Lá, 4GB ," 6.1 "" ", Hỗ trợ 4G ,,,,,https://cdn.nguyenkimmall.com/images/thumbnails/600/336/detailed/774/10050984-dien-thoai-iphone-11-64gb-xanh-la-1.jpg
 Samsung ," 5000 mAh, Sạc nhanh 25W ",,, Nguyễn Kim ,,,,,, 128GB ,,,, Cam ,, FHD+ Infinity-V 90Hz ,,,, Âm thành vòm Dolby Atmos , Snapdragon 680 (SM6225) (8 nhân) ,, SM-A235F/DS , 50MP với chế độ quay chụp OIS sắc nét + Chụp Góc Siêu Rộng 5MP + Xoá phông 2MP + Macro 2MP ,, 12 tháng , 8.0MP ,,,,,,5.390.000đ,, Việt Nam ,, Hỗ trợ thẻ nhớ lên đến 1TB ,,,Điện thoại Samsung Galaxy A23 4GB/128GB Cam, 4GB ," 6.6 "" ",,,,,,https://cdn.nguyenkimmall.com/images/detailed/790/10051574-dien-thoai-samsung-galaxy-a23-4gb-128gb-cam-1.jpg
 Apple ,,, 5.0 , Nguyễn Kim ,,, Có ,," 	4K tốc độ 24 fps, 30 fps, hoặc 60 fps ", 64 GB ,,,, Đen ,, Liquid Retina HD display ,, 1792 x 828 pixels ,, Có , Apple A13 Bionic 6 nhân ,, IPHONE1164GB , 	Dual 12MP Ultra Wide và Wide cameras ,, 12 Tháng ," 12 MP, ƒ/2.2 aperture ",, 2019 , 802.11ax Wi-Fi 6 với 2x2 MIMO , Có ,,11.690.000đ,, Trung Quốc , 	Mở khóa bằng khuôn mặt ,,, iOS 13 ,Điện thoại iPhone 11 64GB Đen, 4 GB ," 6.1 "" ",,,, eSIM và NanoSIM ,,https://cdn.nguyenkimmall.com/images/thumbnails/600/336/detailed/776/10050983-dien-thoai-iphone-11-64gb-den-1.jpg
 Xiaomi , 5000 mAh ," BDS, A-GPS, GLONASS "," LE, A2DP ", Nguyễn Kim ,,, Có , Dài 164.9 mm - Ngang 77.07 mm - Dày 9 mm ," HD 720p@30fps, FullHD 1080p@30fps ", 32 GB ,, Có , Nguyên khối , Xám ,, IPS LCD ,, HD+ (700 x 1600) pixels ,,, MediaTek Helio G25 8 nhân ,, REDMI 9A , 13 MP ,, 18 tháng , 5 MP , Có , 2020 ," Wi-Fi hotspot, Wi-Fi 802.11 a/b/g/n, Wi-Fi Direct ", Có ,,2.290.000đ, Có , Trung Quốc , Mở khoá khuôn mặt ," MicroSD, hỗ trợ tối đa 512 GB "," Chạm 2 lần tắt màn hình, Chạm 2 lần sáng màn hình, Đèn pin, Chặn tin nhắn, Chặn cuộc gọi ", Android 10 ,Điện thoại Xiaomi Redmi 9A 2GB/32GB Xám, 2 GB ," 6.53 "" ", Có , Micro USB , Có , 2 Nano SIM ,,https://cdn.nguyenkimmall.com/images/thumbnails/600/336/detailed/691/10046546-dien-thoai-xiaomi-redmi-9a-2gb-32-gb-xam-1.jpg
 Vivo , 5000mAh (TYP)  , Hỗ trợ , Bluetooth 5.0 , Nguyễn Kim ,,, Cảm ứng điện dung đa điểm  , 163.96 x 75.2 x 8.28 mm ,, 32GB  ,,,, Trắng Xanh ,, LCD (IPS) ,, HD+ 1600*720 pixels ,,, MediaTek Helio P35  , Hai SIM hai sóng (DSDS)  , Y15s (V2120) , f/2.2 (13MP) + f/2.4 (2MP) , Không có  , 12 tháng , f/2.0 (8MP) ,,, 2.4GHz /5GHz  , Đèn Flash camera sau ,,3.090.000đ,, Trung Quốc ,,,, Funtouch OS 11.1 (Tùy biến trên Android 11 (Go Edition) ,Điện thoại Vivo Y15s 3GB/32GB Trắng Xanh, 3GB	 ," 6.51 "" ",, Micro USB (USB 2.0)	 ,,,,https://cdn.nguyenkimmall.com/images/thumbnails/600/336/detailed/755/10050441-dien-thoai-vivo-y15s-3gb-32gb-trang-xanh-1.jpg
 Xiaomi , 5000 mAh ,,, Nguyễn Kim ,,,,,, 128GB , 73.9 mm ,,, Trắng ,, AMOLED LCD ,,, 8.1 mm ,, Mediatek Helio G96 (12 nm) ,, REDMINOTE11S , 108MP + 8MP + 2MP + 2MP ,, 18 tháng , 16MP ,,,,, 159.9 mm ,5.990.000đ,, Trung Quốc ,,, có sạc nhanh 33W , Android 11 ,Điện thoại Xiaomi Redmi Note 11S 8GB/128GB Trắng, 8GB ," 6.43 "" ",,,,,,https://cdn.nguyenkimmall.com/images/thumbnails/600/336/detailed/794/10051859-dien-thoai-xiaomi-redmi-note-11s-8gb-128gb-trang.jpg
 Samsung ," 5000mAh, Công nghệ Sạc nhanh siêu tốc 25W ",,, Nguyễn Kim ,,,,,, 256GB ,,,, XANH ,," Màn hình tràn viền vô cực Super AMOLED, độ sáng màn hình 800nit, Full HD+ ",,,,, Vi xử lý 8 nhân Snapdragon 720G ,, SM-A725F/DS ,,, 12 tháng , 32MP ,,,,,,9.192.000đ,, Việt Nam ,,,,,Điện thoại Samsung Galaxy A72 4G 8GB/256GB Xanh, 8GB ," 6.7 "" ",,,,, Kháng nước và kháng bụi chuẩn iP67 ,https://cdn.nguyenkimmall.com/images/detailed/716/10048739-dien-thoai-samsung-galaxy-a72-4g-256gb-xanh-1.jpg
 Samsung , 5000 mAh ," BDS, A-GPS, GLONASS ", Bluetooth 5.0 , Nguyễn Kim , Có ,, Có ,,, 128 GB ,," Có, microphone chuyên dụng chống ồn ", Nguyên khối , Xám ,, Dynamic AMOLED 2x ,,,,, Exynos 990 ,, SM-G988B/DS , 108 MP + 48 MP + 12 MP , Có , 12 Tháng , 40 MP ,, 2020 , Có ,,,29.990.000đ, Không , Việt Nam ,,,," Android 10, One UI 2.1 ",Điện thoại Samsung Galaxy S20 Ultra Xám, 12 GB ," 6.9 "" ", Có , USB Type-C , Có , 2 Nano SIM ,,https://cdn.nguyenkimmall.com/images/thumbnails/640/177/detailed/631/10044955-1.jpg
 OPPO ," 5000mAh (Typ), Sạc 18W ", Có , 5.0 , Nguyễn Kim ,,,, 163.6 x 75.7 x 8.4 mm ,, 64GB ,,,, Đen ,," LCD, màn hình chấm ""O"", Kính cường lực NEG T2X-1, 16 triệu màu ",, HD+ 720 x 1600 pixels ,,," Helio G35, tối đa 2.3GHz ", Dual nano-SIM + 1 thẻ nhớ , A55 (CPH2325) , 50 MP (chính) + 2 MP (marco) + 2 MP (xóa phông) ,, 12 tháng , 16 MP ,,," 2.4G/5G, 802.11 a/b/g/n/ac ", Đèn flash sau ,,4.190.000đ,, Trung Quốc , Cảm biến vân tay (cạnh bên) , Hỗ trợ thẻ nhớ tối đa 256GB ,," ColorOS 11.1, nền tảng Android 11 ",Điện thoại OPPO A55 4GB/64GB Đen, 4GB ," 6.5 "" ",,,,,,https://cdn.nguyenkimmall.com/images/thumbnails/600/336/detailed/755/10050417-dien-thoai-oppo-a55-4gb-64gb-den-1.jpg
 Nokia , 6000 mAh ,,, Nguyễn Kim ,,, Mặt kính cong 2.5D , Dài 177.7 mm - Ngang 79.1 mm - Dày 9.9 mm mm ,, 32 GB ,,,, XANH ,,,, HD+ (720 x 1600) pixels ,,,,, NOKIAC30 , Chính 13 MP & Phụ 2 MP ,, 12 Tháng , 5 MP ,,,,,,2.650.000đ,, Trung Quốc ,,,, Android 11 (Go Edition) ,Điện thoại Nokia C30 3GB/32GB Xanh Lục, 3GB ," 6.82 "" ",,,,,,https://cdn.nguyenkimmall.com/images/thumbnails/600/336/detailed/782/10051279-dien-thoai-nokia-c30-3gb-32gb-xanh-luc-1.jpg
 OPPO , 4015mAH , Có , Bluetooth 5.1 , Nguyễn Kim ,,, Có , 160.3 x 73.9 x 7.7 mm , Có , 128 GB ,,,, Xanh Thiên Hà ,, AMOLED ,, FHD+ (1080 x 2400) pixels ,, Có , Qualcomm Snapdragon 720G , 2 , CPH2113 , 4 camera sau: 48MP; 8MP; 2MP; 2MP ,, 12 Tháng , 32 MP , Có , 2020 , 802.11 a/b/g/n/ac/ , Có ,,6.792.000đ, Có , Trung Quốc ,, Hỗ trợ thẻ nhớ tối đa 256GB ,," ColorOS 7.2, nền tảng Android 10 ",Điện thoại OPPO Reno4 Xanh thiên hà, 8 GB ," 6.4 "" ",, Type-C ,, Dual nano-SIM ,,https://cdn.nguyenkimmall.com/images/thumbnails/600/336/detailed/672/10046909-dien-thoai-oppo-reno4-xanh-thien-ha-1.jpg
 Xiaomi , 5000 mAh ,,, Nguyễn Kim ,,,,,, 128GB , 73.9 mm ,,, Xanh dương ,, AMOLED LCD ,,, 8.1 mm ,, Mediatek Helio G96 (12 nm) ,, REDMINOTE11S , 108MP + 8MP + 2MP + 2MP ,, 18 tháng , 16MP ,,,,, 159.9 mm ,5.990.000đ,, Trung Quốc ,,, có sạc nhanh 33W , Android 11 ,Điện thoại Xiaomi Redmi Note 11S 8GB/128GB Xanh Dương, 8GB ," 6.43 "" ",,,,,,https://cdn.nguyenkimmall.com/images/thumbnails/600/336/detailed/794/10051862-dien-thoai-xiaomi-redmi-note-11s-8gb-128gb-xanh-duong.jpg
 Samsung , 5.000 mAh ,,, Nguyễn Kim ,,,,,, 128GB ,,,, Đen ,,,,,,, Qualcomm Snapdragon 8 Gen 1 ,, G908 , Camera chính 108MP; Camera góc siêu rộng 12MP; Camera tele 10MP; Camera tele 10MP ,, 12 tháng , 40MP ,,,,,,26.490.000đ,, Việt Nam ,,,,,Điện thoại Samsung S22 Ultra 8GB/128GB Đen, 8GB ," 6.8 "" ",,,,,,https://cdn.nguyenkimmall.com/images/thumbnails/600/336/detailed/787/10051338-dien-thoai-samsung-s22-ultra-8gb-128gb-den-1.jpg
 Vivo ," 5000mAh (TYP), Sạc Siêu Tốc 18W ", Hỗ trợ , Bluetooth 5.0	 , Nguyễn Kim ,,, Cảm ứng điện dung đa điểm  , 164.26 x 76.08 x 8.00 mm ,, 128GB ,,,, XANH ,, LCD  ,, HD+ (1600*720)  pixels ,,, Mediatek Helio G80  , Hai SIM hai sóng (DSDS) , Y21s (V2110) , 50MP + 2MP + 2MP , Không có , 12 tháng , 8MP ,,, 2.4GHz / 5GHz  , Đèn Flash camera sau ,,4.990.000đ,, Trung Quốc , Mở khóa vân tay ,,, Funtouch OS 11.1 (Tuỳ biến trên Android 11) ,Điện thoại Vivo Y21s 6GB/128GB Xanh, 6GB ," 6.51 "" ",, Type-C  ,,,,https://cdn.nguyenkimmall.com/images/detailed/751/10050018-dien-thoai-vivo-y21s-6gb-128gb-xanh-1.jpg
 Samsung ," 5000 mAh, Công nghệ sạc nhanh siêu tốc 15W ",,, Nguyễn Kim ,,,,,, 128GB ,,,, XANH ,," Tràn viền vô cực Infinity-U, Super AMOLED HD+, Tần số quét 90Hz, độ sáng lên đến 600 nit ",,,,," Bộ vi xử lí tám nhân, xung nhịp tối đa 2GHz ",, A22 (SM-A225F/DS) , 4 Camera: 48 MP + 8 MP + 2 MP + 2 MP ,, 12 tháng , 13 MP ,,,,,,4.790.000đ,, Việt Nam ,,,,,Điện thoại Samsung Galaxy A22 6GB/128GB Xanh, 6GB ," 6.4 "" ",,,,,,https://cdn.nguyenkimmall.com/images/thumbnails/600/336/detailed/738/10049549-dien-thoai-samsung-galaxy-a22-6gb-128gb-xanh-1.jpg
 OPPO ," 5000mAh (Typ), Sạc 18W ", Có , 5.0 , Nguyễn Kim ,,,, 163.6 x 75.7 x 8.4 mm ,, 64GB ,,,, XANH ,," LCD, màn hình chấm ""O"", Kính cường lực NEG T2X-1, 16 triệu màu ",, HD+ 720 x 1600 pixels ,,," Helio G35, tối đa 2.3GHz ", Dual nano-SIM + 1 thẻ nhớ , A55 (CPH2325) , 50 MP (chính) + 2 MP (marco) + 2 MP (xóa phông) ,, 12 tháng , 16 MP ,,," 2.4G/5G, 802.11 a/b/g/n/ac ", Đèn flash sau ,,4.190.000đ,, Trung Quốc , Cảm biến vân tay (cạnh bên) , Hỗ trợ thẻ nhớ tối đa 256GB ,," ColorOS 11.1, nền tảng Android 11 ",Điện thoại OPPO A55 4GB/64GB Xanh, 4GB ," 6.5 "" ",,,,,,https://cdn.nguyenkimmall.com/images/detailed/755/10050438-dien-thoai-oppo-a55-4gb-64gb-xanh-1.jpg
 Xiaomi , 5000 mAh ,,, Nguyễn Kim ,,,,,, 128GB , 73.9 mm ,,, Xám ,, AMOLED LCD ,,, 8.1 mm ,, Mediatek Helio G96 (12 nm) ,, REDMINOTE11S , 108MP + 8MP + 2MP + 2MP ,, 18 tháng , 16MP ,,,,, 159.9 mm ,5.990.000đ,, Trung Quốc ,,, có sạc nhanh 33W , Android 11 ,Điện thoại Xiaomi Redmi Note 11S 8GB/128GB Xám, 8GB ," 6.43 "" ",,,,,,https://cdn.nguyenkimmall.com/images/detailed/794/10051863-dien-thoai-xiaomi-redmi-note-11s-8gb-128gb-xam.jpg
 Samsung ," 4,500mAh; Hỗ trợ sạc siêu nhanh 25W ",,, Nguyễn Kim ,,,, 155.7 x 74.5 x 7.9 mm ,, 128GB ,,, Nguyên khối , Tím ,," Dynamic AMOLED 2X, Tần số quét 120 Hz ",, Full HD+ (1080 x 2340) pixels ,,, Exynos 2100 ,, SM-G990E/DS ," Góc siêu rộng 12MP, Góc rộng 12MP, Tele 8MP ",, 12 tháng , 32 MP ,,,,,,12.490.000đ,, Việt Nam ,,,,,Điện thoại Samsung S21 FE 5G 8GB/128GB Tím, 8GB ," 6.4 "" ", Kết nối 5G ,,,," Kháng nước, kháng bụi IP68 ",https://cdn.nguyenkimmall.com/images/thumbnails/600/336/detailed/779/10050968-dien-thoai-samsung-s21-fe-5g-8gb-128gb-tim-1.jpg
 Apple ,,, 5 , Nguyễn Kim ,,, Có ,,, 64 GB ,,,, Tím ,, Liquid Retina HD display ,, 1792x828 pixels ,,, Apple A13 Bionic 6 nhân ,, IPHONE1164GB , Dual 12MP Ultra Wide và Wide cameras ,, 12 tháng ," 12 MP, ƒ/2.2 aperture ",, 2019 ," 802.11ax Wi‑Fi 6, 2x2 MIMO ", Có ,,11.690.000đ,, Trung Quốc ,,," Face ID, Đèn pin, Apple Pay, Dolby Audio™, Sạc pin cho thiết bị khác, Chuẩn Kháng nước, Chuẩn kháng bụi, Sạc pin nhanh, Sạc pin không dây ", iOS 13 ,Điện thoại iPhone 11 64GB Tím, 4 GB ," 6.1 "" ",,,, Nano-SIM + eSIM ,,https://cdn.nguyenkimmall.com/images/thumbnails/600/336/detailed/776/10050985-dien-thoai-iphone-11-64gb-tim-1.jpg
 Apple ,,,, Nguyễn Kim ,,,,,, 128GB ,,,, Bạc ,, OLED ,, 2532 x 1170 pixels ,,, Apple A15 Bionic ,, iPhone 13 Pro 128GB , 12MP-12MP-12MP ,, 12 tháng , 12MP ,,,,,,27.490.000đ,, Trung Quốc , Face ID ,,, iOS 15 ,Điện thoại iPhone 13 Pro 128GB Bạc, 6GB ," 6.1 "" ",,,,, IP68 ,https://cdn.nguyenkimmall.com/images/thumbnails/600/336/detailed/756/dien-thoai-iphone-13-pro-128gb-bac-1.jpg
 Samsung , 5.000 mAh ,,, Nguyễn Kim ,,,,,, 256GB ,,,, Trắng ,,,,,,, Qualcomm Snapdragon 8 Gen 1 ,, G908 , Camera chính 108MP; Camera góc siêu rộng 12MP; Camera tele 10MP; Camera tele 10MP ,, 12 tháng , 40MP ,,,,,,29.490.000đ,, Việt Nam ,,,,,Điện thoại Samsung S22 Ultra 12GB/256GB Trắng, 12GB ," 6.8 "" ",,,,,,https://cdn.nguyenkimmall.com/images/thumbnails/600/336/detailed/787/10051343-dien-thoai-samsung-s22-ultra-12gb-256gb-trang-1.jpg
 Xiaomi , 5000 mAh ," GLONASS, A-GPS "," LE v4.2, A2DP ", Nguyễn Kim ,,, Có , Dài 164.9 mm - Ngang 77.07 mm - Dày 9.0 mm ," FullHD 1080p@30fps, HD 720p@30fps ", 64 GB ,, Có , Nguyên khối , Cam ,, IPS LCD ,, HD+ (720 x 1600) pixels ,,, MediaTek Helio G35 8 nhân ,, REDMI 9C ," 13 MP, 2 MP, 2 MP ", Không , 18 tháng , 5 MP , Có , 2020 ," Wi-Fi Direct, Wi-Fi 802.11 a/b/g/n, Wi-Fi hotspot ", Có ,,2.790.000đ, Có , Trung Quốc , Mở khóa bằng vân tay ," MicroSD, hỗ trợ tối đa 512 GB "," Chạm 2 lần sáng màn hình, Đèn pin, Thu nhỏ màn hình sử dụng một tay, Chặn tin nhắn, Nhân bản ứng dụng, Chạm 2 lần tắt màn hình, Chặn cuộc gọi, Khoá ứng dụng ", Android 10 ,Điện thoại Xiaomi Redmi 9C 3GB/64GB Cam, 3 GB ," 6.53 "" ", Có , Micro USB , Có , 2 Nano SIM ,,https://cdn.nguyenkimmall.com/images/thumbnails/600/336/detailed/691/10047322-dien-thoai-xiaomi-redmi-9c-3gb-64gb-cam-1.jpg
 OPPO ," 5000mAh (Typ), Sạc 33W ", Có , 5.0 , Nguyễn Kim ,,,, 160.3 x 73.8 x 7.95 mm ,, 128GB ,,,, Bạc ,," màn hình chấm O, AMOLED, Kính cường lực Schott X-UP, 16 triệu màu ",, 1080 x 2400 (FHD+) pixels ,,," Qualcomm Snapdragon 662, tối đa 2.0GHz ", Dual nano-SIM + 1 thẻ nhớ , A95 (CPH2365) , 48 MP (chính) + 2 MP (chiều sâu) + 2 MP (marco) ,, 12 tháng , 16 MP ,,," 2.4G/5G, 802.11 a/b/g/n/ac ", Đèn flash sau ,,5.990.000đ,, Trung Quốc , Cảm biến vân tay trong màn hình , Hỗ trợ thẻ nhớ tối đa 256GB ,," ColorOS 11.1, nền tảng Android 11 ",Điện thoại Oppo A95 8GB/128GB Bạc, 8GB ," 6.43 "" ",,,,,,https://cdn.nguyenkimmall.com/images/detailed/770/10050754-dien-thoai-oppo-a95-8gb-128gb-bac-1.jpg
 Samsung ," 5000mAh, Công nghệ Sạc nhanh siêu tốc 25W ",,, Nguyễn Kim ,,,,,, 256GB ,,,, Trắng ,," Màn hình tràn viền vô cực Super AMOLED, độ sáng màn hình 800nit, Full HD+ ",,,,, Vi xử lý 8 nhân Snapdragon 720G ,, SM-A725F/DS ,,, 12 tháng , 32MP ,,,,,,11.490.000đ,, Việt Nam ,,,,,Điện thoại Samsung Galaxy A72 4G 8GB/256GB Trắng, 8GB ," 6.7 "" ",,,,, Kháng nước và kháng bụi chuẩn iP67 ,https://cdn.nguyenkimmall.com/images/thumbnails/600/336/detailed/723/10048938-dien-thoai-samsung-galaxy-a72-4g-8gb-256gb-trang-1.jpg
 Samsung ," 5000 mAh, Sạc nhanh 15W ",,, Nguyễn Kim ,,,,,, 128GB ,,,, Đen ,, FHD+ Infinity-V ,,,, Âm thành vòm Dolby Atmos , Exynos850 (8 nhân) ,, SM-A135F/DS , Sau 50MP + Chụp Góc Siêu Rộng 5MP + Xoá phông 2MP + Macro 2MP ,, 12 tháng , 8MP ,,,,,,4.290.000đ,, Việt Nam ,, Hỗ trợ thẻ nhớ lên đến 1TB ,,,Điện thoại Samsung Galaxy A13 4GB/128GB Đen, 4GB ," 6.6 "" ",,,,,,https://cdn.nguyenkimmall.com/images/thumbnails/600/336/detailed/789/10051526-dien-thoai-samsung-galaxy-a13-4gb-128gb-den-1.jpg
 Xiaomi , 5000 mAh ,,, Nguyễn Kim ,,,,,, 128GB , 76.1 mm ,,, Trắng ,, Super AMOLED ,,, 8.1 mm ,,,, REDMINOTE11PRO5G , 108MP+ 8MP+ 2MP+ 2MP ,, 18 tháng , 16MP ,,,,, 164.2 mm ,6.990.000đ,, Trung Quốc ,,, sạc nhanh 67W , Android 11 ,Điện thoại Xiaomi Redmi Note 11 Pro 8GB/128GB Trắng, 8GB ," 6.67"" "" ",,,,,,https://cdn.nguyenkimmall.com/images/detailed/794/10051870-dien-thoai-xiaomi-redmi-note-11pro-8gb-128gb-trang-1.jpg
 Samsung ,,, Bluetooth v5.1 , Nguyễn Kim ,,,," Cao 159,7 x Rộng 74,0 x Dày 8,1 mm ", UHD 4K (3840 x 2160) @ 30 khung hình / giây , 128GB ,,,, XANH , Octa-Core , Super AMOLED ,, FHD +(1080 x 2400 ) pixels ,,,, SIM 1 + Kết hợp (SIM hoặc MicroSD) , SM-A336E/DS , 48.0 MP + 8.0 MP + 5.0 MP + 2.0 MP , Có , 12 Tháng , 13.0 MP ,,," 802.11 a / b / g / n / ac 2.4G + 5GHz, VHT80 ", Không ,,8.090.000đ,, Việt Nam ,, MicroSD ,, 	Android ,Điện thoại Samsung A33 5G 6GB/128GB Xanh, 6GB ," 6,4"" "" ", 	Hỗ trợ 5G , USB 2.0 ,, 2 sim ,,https://cdn.nguyenkimmall.com/images/detailed/796/10051579-dien-thoai-samsung-a33-5g-6gb-128gb-xanh-1.jpg
 Nokia ," 2950 mAh, pin rời ", GPS/AGPS ,, Nguyễn Kim ,,,, 169.9 x 77.9 X 8.8 mm ,," 32 GB e-MMC 5.1, hỗ trợ thẻ nhớ ngoài 64GB ",,,, XANH ,," chuẩn HD+ giọt nước, tỉ lệ 20:9 ",,,,, SC9863A 8 nhân | 1.6GHz ,, NOKIAC20 ," 5MP, f2.2 với đèn Flash ",, 12 tháng ," 5MP, f2.2 với đèn Flash ", Có ,, 802.11 b/g/n ,,,1.990.000đ,, Trung Quốc , Mở khóa khuôn mặt ,,, Android 11 (phiên bản Go) ,Điện thoại Nokia C20 2GB/32GB Xanh, 2 GB DDR3 DRAM ," 6.5 "" ",, Micro USB (USB 2.0) ,,,,https://cdn.nguyenkimmall.com/images/thumbnails/600/336/detailed/728/10049232-dien-thoai-nokia-c20-2gb-32gb-xanh-1.jpg
 Samsung , 5.000 mAh ,,, Nguyễn Kim ,,,,,, 128GB ,,,, Trắng ,,,,,,, Qualcomm Snapdragon 8 Gen 1 ,, G908 , Camera chính 108MP; Camera góc siêu rộng 12MP; Camera tele 10MP; Camera tele 10MP ,, 12 tháng , 40MP ,,,,,,26.490.000đ,, Việt Nam ,,,,,Điện thoại Samsung S22 Ultra 8GB/128GB Trắng, 8GB ," 6.8 "" ",,,,,,https://cdn.nguyenkimmall.com/images/thumbnails/600/336/detailed/787/10051339-dien-thoai-samsung-s22-ultra-8gb-128gb-trang-1.jpg
 Samsung ," 5000 mAh, Công nghệ sạc nhanh siêu tốc 15W ",,, Nguyễn Kim ,,,,,, 128GB ,,,, Đen ,," Tràn viền vô cực Infinity-U, Super AMOLED HD+, Tần số quét 90Hz, độ sáng lên đến 600 nit ",,,,," Bộ vi xử lí tám nhân, xung nhịp tối đa 2GHz ",, A22 (SM-A225F/DS) , 4 Camera: 48 MP + 8 MP + 2 MP + 2 MP ,, 12 tháng , 13 MP ,,,,,,4.790.000đ,, Việt Nam ,,,,,Điện thoại Samsung Galaxy A22 6GB/128GB Đen, 6GB ," 6.4 "" ",,,,,,https://cdn.nguyenkimmall.com/images/thumbnails/600/336/detailed/738/10049550-dien-thoai-samsung-galaxy-a22-6gb-128gb-den-1.jpg
 Samsung , 5.000 mAh ,,, Nguyễn Kim ,,,,,, 128GB ,,,, Đỏ ,,,,,,, Qualcomm Snapdragon 8 Gen 1 ,, G908 , Camera chính 108MP; Camera góc siêu rộng 12MP; Camera tele 10MP; Camera tele 10MP ,, 12 tháng , 40MP ,,,,,,26.490.000đ,, Việt Nam ,,,,,Điện thoại Samsung S22 Ultra 8GB/128GB Đỏ, 8GB ," 6.8 "" ",,,,,,https://cdn.nguyenkimmall.com/images/thumbnails/600/336/detailed/787/10051337-dien-thoai-samsung-s22-ultra-8gb-128gb-do-1.jpg
 Samsung ," 4500 mAh, 25W sạc nhanh ",,, Nguyễn Kim ,,,,,, 128GB ,,,, XANH ,, Infinity-O Display ,,,,, Qualcomm Snapdragon 778G 5G (6 nm) ,, SM-A528B/DS , Chính 64 MP 12MP 5MP 5MP ,, 12 tháng , 32 MP ,,,,,,7.990.000đ,, Việt Nam ,,,, Android 11 ,Điện thoại Samsung Galaxy A52s 5G 8GB/128GB Xanh, 8GB ," 6.5 "" ",,,, Nano SIM ,,https://cdn.nguyenkimmall.com/images/detailed/748/10049942-dien-thoai-samsung-galaxy-a52s-5g-8gb-128gb-xanh-1.jpg
 Samsung ," 4,500mAh; Hỗ trợ sạc siêu nhanh 25W ",,, Nguyễn Kim ,,,, 155.7 x 74.5 x 7.9 mm ,, 128GB ,,, Nguyên khối , Tím ,," Dynamic AMOLED 2X, Tần số quét 120 Hz ",, Full HD+ (1080 x 2340) pixels ,,, Exynos 2100 ,, SM-G990E/DS ," Góc siêu rộng 12MP, Góc rộng 12MP, Tele 8MP ",, 12 tháng , 32 MP ,,,,,,10.990.000đ,, Việt Nam ,,,,,Điện thoại Samsung S21 FE 5G 6GB/128GB Tím, 6GB ," 6.4 "" ", Kết nối 5G ,,,," Kháng nước, kháng bụi IP68 ",https://cdn.nguyenkimmall.com/images/thumbnails/600/336/detailed/779/10050964-dien-thoai-samsung-s21-fe-5g-6gb-128gb-tim-1.jpg
 Samsung , 3.700 mAh ,,, Nguyễn Kim ,,,,,, 	128GB ,,,, Đen ,,,, 1080 x 2340 pixels ,,, Qualcomm Snapdragon 8 Gen 1 ,, G901 ,,, 12 tháng ,,,,,,,17.990.000đ,, Việt Nam ,,,,,Điện thoại Samsung S22 8GB/128GB Đen, 	8GB ," 6.1 inch "" ",,,,,,https://cdn.nguyenkimmall.com/images/thumbnails/600/336/detailed/786/10051321-dien-thoai-samsung-s22-8gb-128gb-den-1.jpg
 Samsung ," 4,500mAh; Hỗ trợ sạc siêu nhanh 25W ",,, Nguyễn Kim ,,,, 155.7 x 74.5 x 7.9 mm ,, 128GB ,,, Nguyên khối , Xanh lá ,," Dynamic AMOLED 2X, Tần số quét 120 Hz ",, Full HD+ (1080 x 2340) pixels ,,, Exynos 2100 ,, SM-G990E/DS ," Góc siêu rộng 12MP, Góc rộng 12MP, Tele 8MP ",, 12 tháng , 32 MP ,,,,,,10.990.000đ,, Việt Nam ,,,,,Điện thoại Samsung S21 FE 5G 6GB/128GB Xanh Lá, 6GB ," 6.4 "" ", Kết nối 5G ,,,," Kháng nước, kháng bụi IP68 ",https://cdn.nguyenkimmall.com/images/thumbnails/600/336/detailed/779/10050965-dien-thoai-samsung-s21-fe-5g-6gb-128gb-xanh-la-1.jpg
 Samsung ," 4,500mAh; Hỗ trợ sạc siêu nhanh 25W ",,, Nguyễn Kim ,,,, 155.7 x 74.5 x 7.9 mm ,, 128GB ,,, Nguyên khối , Xám ,," Dynamic AMOLED 2X, Tần số quét 120 Hz ",, Full HD+ (1080 x 2340) pixels ,,, Exynos 2100 ,, SM-G990E/DS ," Góc siêu rộng 12MP, Góc rộng 12MP, Tele 8MP ",, 12 tháng , 32 MP ,,,,,,12.490.000đ,, Việt Nam ,,,,,Điện thoại Samsung S21 FE 5G 8GB/128GB Xám, 8GB ," 6.4 "" ", Kết nối 5G ,,,," Kháng nước, kháng bụi IP68 ",https://cdn.nguyenkimmall.com/images/thumbnails/600/336/detailed/779/10050967-dien-thoai-samsung-s21-fe-5g-8gb-128gb-xam-1.jpg
 Samsung , 5.000 mAh ,,, Nguyễn Kim ,,,,,, 512GB ,,,, Xanh lá ,,,,,,, Qualcomm Snapdragon 8 Gen 1 ,, G908 , Camera chính 108MP; Camera góc siêu rộng 12MP; Camera tele 10MP; Camera tele 10MP ,, 12 tháng , 40MP ,,,,,,32.490.000đ,, Việt Nam ,,,,,Điện thoại Samsung S22 Ultra 12GB/512GB Xanh Lá, 12GB ," 6.8 "" ",,,,,,https://cdn.nguyenkimmall.com/images/thumbnails/600/336/detailed/787/10051347-dien-thoai-samsung-s22-ultra-12gb-512gb-xanh-la-1.jpg
 Samsung , 5000mAh ," GPS, Glonass, Beidou, Galileo, QZSS ", Bluetooth v5.2 , Nguyễn Kim ,, 8.9 mm , Có ,,, 	128GB , 77.9 mm ,,, Xanh lá ," 8 nhân (2.99GHz, 2.4GHz, 1.7GHz) ", Màn hình Dynamic AMOLED 2X ,, Quad HD+ (3088 x 1440) pixels ,,, Vi xử lý 4nm , 2 SIM , SAMSUNGS22ULTRA(8+128GB) ," Chính 108MP, Phụ 12MP, 10MP và 10MP ",, 12 Tháng , 40MP ,, 2022 ," 802.11 a/b/g/n/ac/ax 2.4G+5GHz+6GHz, HE160, MIMO, 1024-QAM ",, 163.3 mm ,30.990.000đ,, Việt Nam ," 	Mở khóa bằng vân tay, Mở khóa bằng khuôn mặt ",,," Android 12, One UI 4.1 ",Điện thoại Samsung Galaxy S22 Ultra 5G 128GB Xanh lá, 	8GB ," 6.8 "" ",, USB Type-C (USB 3.2 Gen 1) ,, SIM 1 + SIM 2 or Embedded SIM , IP68 ,https://cdn.nguyenkimmall.com/images/thumbnails/600/336/detailed/804/10051424-dien-thoai-samsung-galaxy-s22-ultra-5g-128gb-xanh-la-1.jpg
 Xiaomi , 5000 mAh ,,, Nguyễn Kim ,,,,,, 128GB , 76.1 mm ,,, Xám ,, Super AMOLED ,,, 8.1 mm ,,,, REDMINOTE11PRO5G , 108MP+ 8MP+ 2MP+ 2MP ,, 18 tháng , 16MP ,,,,, 164.2 mm ,6.990.000đ,, Trung Quốc ,,, sạc nhanh 67W , Android 11 ,Điện thoại Xiaomi Redmi Note 11 Pro 8GB/128GB Xám, 8GB ," 6.67"" "" ",,,,,,https://cdn.nguyenkimmall.com/images/thumbnails/600/336/detailed/794/10051873-dien-thoai-xiaomi-redmi-note-11pro-8gb-128gb-xam-1_k43t-xp.jpg
 Samsung , 5.000 mAh ,,, Nguyễn Kim ,,,,,, 512GB ,,,, Đỏ ,,,,,,, Qualcomm Snapdragon 8 Gen 1 ,, G908 , Camera chính 108MP; Camera góc siêu rộng 12MP; Camera tele 10MP; Camera tele 10MP ,, 12 tháng , 40MP ,,,,,,32.490.000đ,, Việt Nam ,,,,,Điện thoại Samsung S22 Ultra 12GB/512GB Đỏ, 12GB ," 6.8 "" ",,,,,,https://cdn.nguyenkimmall.com/images/thumbnails/600/336/detailed/787/10051344-dien-thoai-samsung-s22-ultra-12gb-512gb-do-1.jpg
 Samsung , 5000mAh ,,, Nguyễn Kim ,,,,,, 32GB ,,,, Đỏ ,, Infinity-V TFT LCD 20:9 ,, HD+ (720x1600) pixels ,,,,, A03 (SM-A035F/DS) ," 48MP F1.8 (Main), 2MP F2.4 (Depth) ",, 12 tháng , 5MP F2.2 ,,,,,,2.790.000đ,, Việt Nam ,,,,,Điện thoại Samsung Galaxy A03 32GB Đỏ,," 6.5 "" ",,,,,,https://cdn.nguyenkimmall.com/images/thumbnails/600/336/detailed/776/10051130-dien-thoai-samsung-galaxy-a03-32gb-do-1.jpg
 Samsung , 5000 mAh ," GPS, Glonass, Beidou, Galileo, QZSS ", Bluetooth v5.2 , Nguyễn Kim ,, 8.9 mm , Có ,,, 	256GB , 77.9 mm ,,, Xanh lá ," 8 nhân (2.99GHz, 2.4GHz, 1.7GHz) ", Màn hình Dynamic AMOLED 2X ,, Quad HD+ (3088 x 1440) pixels ,,, Vi xử lý 4nm , 2 SIM , SAMSUNGS22ULTRA(12+256GB) ," Chính 108MP, Phụ 12MP, 10MP và 10MP ",, 12 Tháng , 40MP ,, 2022 ," 802.11 a/b/g/n/ac/ax 2.4G+5GHz+6GHz, HE160, MIMO, 1024-QAM ", Có , 163.3 mm ,33.990.000đ,, Việt Nam ," 	Mở khóa bằng vân tay, Mở khóa bằng khuôn mặt ",,," Android 12, One UI 4.1 ",Điện thoại Samsung Galaxy S22 Ultra 5G 256GB Xanh lá, 	12GB ," 6.8 "" ",, USB Type-C (USB 3.2 Gen 1) ,, SIM 1 + SIM 2 or Embedded SIM , IP68 ,https://cdn.nguyenkimmall.com/images/thumbnails/600/336/detailed/804/10051425-dien-thoai-samsung-galaxy-s22-ultra-5g-256gb-xanh-la-1.jpg
 Samsung ," 5000 mAh, Sạc nhanh 15W ",,, Nguyễn Kim ,,,,,, 128GB ,,,, Cam ,, FHD+ Infinity-V ,,,, Âm thành vòm Dolby Atmos , Exynos850 (8 nhân) ,, SM-A135F/DS , Sau 50MP + Chụp Góc Siêu Rộng 5MP + Xoá phông 2MP + Macro 2MP ,, 12 tháng , 8MP ,,,,,,4.290.000đ,, Việt Nam ,, Hỗ trợ thẻ nhớ lên đến 1TB ,,,Điện thoại Samsung Galaxy A13 4GB/128GB Cam, 4GB ," 6.6 "" ",,,,,,https://cdn.nguyenkimmall.com/images/thumbnails/600/336/detailed/790/10051527-dien-thoai-samsung-galaxy-a13-4gb-128gb-cam-1.jpg
 Apple ,,,, Nguyễn Kim ,,,,,, 128GB ,,," Nguyên khối, Khung thép không gỉ & Mặt lưng kính cường lực ", Bạc ,, OLED ,, 1284 x 2778 pixels ,,, Apple A15 Bionic ,, iPhone 13 Pro Max 128GB , 12MP-12MP-12MP ,, 12 tháng , 12MP ,, 2021 ,,,,29.990.000đ,, Trung Quốc , Face ID ,,, iOS 15 ,Điện thoại iPhone 13 Pro Max 128GB Bạc, 6GB ," 6.7 "" ",,,,, IP68 ,https://cdn.nguyenkimmall.com/images/detailed/756/dien-thoai-iphone-13-pro-max-128gb-bac-1.jpg
 OPPO , 5000mAh (Typ) , Có , 5.0 , Nguyễn Kim ,,,, 164.4 x 75.7 x 8.4 mm ,, 128GB ,,,, XANH ,," Màn hình chấm O, LCD, 90Hz, Kính cường lực AGC DT-Pro, 16 triệu màu ",, (HD+) 720 x 1612 pixels ,,," Qualcomm Snapdragon 680, tối đa 2.4GHz ", Dual nano-SIM + 1 thẻ nhớ , CPH2375 - A76 , 13 MP (chính) + 2 MP (đơn sắc) ,, 12 tháng , 8 MP , Có ,," 2.4G/5G, 802.11 a/b/g/n/ac ", Đèn flash sau ,,5.490.000đ,, Trung Quốc , Cảm biến vân tay cạnh bên , Hỗ trợ thẻ nhớ tối đa 1TB ,," ColorOS 11.1, nền tảng Android 11 ",Điện thoại OPPO A76 6GB/128GB Xanh, 6GB ," 6.56 "" ",,,,,,https://cdn.nguyenkimmall.com/images/thumbnails/600/336/detailed/785/10051457-dien-thoai-oppo-a76-6gb-128gb-xanh-1.jpg
 Samsung , 5.000 mAh ,,, Nguyễn Kim ,,,,,, 512GB ,,,, Đen ,,,,,,, Qualcomm Snapdragon 8 Gen 1 ,, G908 , Camera chính 108MP; Camera góc siêu rộng 12MP; Camera tele 10MP; Camera tele 10MP ,, 12 tháng , 40MP ,,,,,,32.490.000đ,, Việt Nam ,,,,,Điện thoại Samsung S22 Ultra 12GB/512GB Đen, 12GB ," 6.8 "" ",,,,,,https://cdn.nguyenkimmall.com/images/detailed/787/10051345-dien-thoai-samsung-s22-ultra-12gb-512gb-den-1.jpg
 Samsung , 5.000 mAh ,,, Nguyễn Kim ,,,,,, 256GB ,,,, Đỏ ,,,,,,, Qualcomm Snapdragon 8 Gen 1 ,, G908 , Camera chính 108MP; Camera góc siêu rộng 12MP; Camera tele 10MP; Camera tele 10MP ,, 12 tháng , 40MP ,,,,,,29.490.000đ,, Việt Nam ,,,,,Điện thoại Samsung S22 Ultra 12GB/256GB Đỏ, 12GB ," 6.8 "" ",,,,,,https://cdn.nguyenkimmall.com/images/thumbnails/600/336/detailed/787/10051341-dien-thoai-samsung-s22-ultra-12gb-256gb-do-1.jpg
 Samsung ," 4,500mAh; Hỗ trợ sạc siêu nhanh 25W ",,, Nguyễn Kim ,,,, 155.7 x 74.5 x 7.9 mm ,, 256GB ,,, Nguyên khối , Tím ,," Dynamic AMOLED 2X, Tần số quét 120 Hz ",, Full HD+ (1080 x 2340) pixels ,,, Exynos 2100 ,, SM-G990E/DS ," Góc siêu rộng 12MP, Góc rộng 12MP, Tele 8MP ",, 12 tháng , 32 MP ,,,,,,13.490.000đ,, Việt Nam ,,,,,Điện thoại Samsung S21 FE 5G 8GB/256GB Tím, 8GB ," 6.4 "" ", Kết nối 5G ,,,," Kháng nước, kháng bụi IP68 ",https://cdn.nguyenkimmall.com/images/thumbnails/600/336/detailed/779/10050972-dien-thoai-samsung-s21-fe-5g-8gb-256gb-tim-1.jpg
 Apple ,,,, Nguyễn Kim ,,,,,, 256GB ,,,, Xanh dương ,, OLED ,, 2532 x 1170 pixels ,,, Apple A15 Bionic ,, iPhone 13 Pro 256GB , 12MP-12MP-12MP ,, 12 tháng , 12MP ,, 2021 ,,,,29.790.000đ,, Trung Quốc , Face ID ,,, iOS 15 ,Điện thoại iPhone 13 Pro 256GB Xanh Dương, 6GB ," 6.1 "" ",,,,, IP68 ,https://cdn.nguyenkimmall.com/images/thumbnails/600/336/detailed/756/dien-thoai-iphone-13-pro-256gb-xanh-duong-1.jpg
 Vivo ," 5000mAh (TYP), Sạc Siêu Tốc 18W ", Hỗ trợ , Bluetooth 5.0 , Nguyễn Kim ,,, Cảm ứng điện dung đa điểm , 164.26x76.08x8.00 mm ,, 128GB ,,,, Đen ,, LCD ,, FHD+ (2408×1080) pixels ,,, MediaTek Helio G80 , Hai SIM hai sóng (DSDS) , V2109 - Y33S , 50MP + 2MP + 2MP , Không hỗ trợ , 12 tháng , 16MP ,,, 2.4GHz /5GHz , Đèn Flash camera sau ,,6.290.000đ,, Trung Quốc , Mở khóa vân tay ,,, Funtouch OS 11.1 (Tuỳ biến trên Android 11) ,Điện thoại Vivo Y33s 8GB/128GB Đen, 8GB ," 6.58 "" ",, Type-C ,,,,https://cdn.nguyenkimmall.com/images/detailed/776/10051055-dien-thoai-vivo-y33s-8gb-128gb-den-1.jpg
 Samsung ," 4500 mAh, 25W sạc nhanh ",,, Nguyễn Kim ,,,,,, 128GB ,,,, Tím ,, Infinity-O Display ,,,,, Qualcomm Snapdragon 778G 5G (6 nm) ,, SM-A528B/DS , Chính 64 MP 12MP 5MP 5MP ,, 12 tháng , 32 MP ,,,,,,7.990.000đ,, Việt Nam ,,,, Android 11 ,Điện thoại Samsung Galaxy A52s 5G 8GB/128GB Tím, 8GB ," 6.5 "" ",,,, Nano SIM ,,https://cdn.nguyenkimmall.com/images/thumbnails/600/336/detailed/748/10049943-dien-thoai-samsung-galaxy-a52s-5g-8gb-128gb-tim-1.jpg
 Apple , 3.110 mAh ,, 5.0 , Nguyễn Kim ,,, Có ,," 4K tốc độ 24 fps, 30 fps, hoặc 60 fps ", 128 GB , 75.7 mm ,,, Đen ,, Liquid Retina HD display , 8.3 mm , 1792x828 pixels ,,, Apple A13 Bionic 6 nhân ,, IPHONE11128GB , Dual 12MP Ultra Wide và Wide cameras ,, 12 tháng ," 12 MP, ƒ/2.2 aperture ",, 2019 ," 802.11ax Wi‑Fi 6, 2x2 MIMO ", Có , 150.9 mm ,13.490.000đ,, Trung Quốc ,,," Face ID, Đèn pin, Apple Pay, Dolby Audio™, Sạc pin cho thiết bị khác, Chuẩn Kháng nước, Chuẩn kháng bụi, Sạc pin nhanh, Sạc pin không dây ", iOS 13 ,Điện thoại iPhone 11 128GB Đen, 4 GB ," 6.1 inch "" ",,,, Nano-SIM + eSIM ,,https://cdn.nguyenkimmall.com/images/thumbnails/640/177/detailed/804/10052273-1.jpg
 Samsung , 5.000 mAh ,,, Nguyễn Kim ,,,,,, 512GB ,,,, Trắng ,,,,,,, Qualcomm Snapdragon 8 Gen 1 ,, G908 , Camera chính 108MP; Camera góc siêu rộng 12MP; Camera tele 10MP; Camera tele 10MP ,, 12 tháng , 40MP ,,,,,,32.490.000đ,, Việt Nam ,,,,,Điện thoại Samsung S22 Ultra 12GB/512GB Trắng, 12GB ," 6.8 "" ",,,,,,https://cdn.nguyenkimmall.com/images/thumbnails/600/336/detailed/787/10051346-dien-thoai-samsung-s22-ultra-12gb-512gb-trang-1.jpg
 Samsung , 4.500 mAh ,,, Nguyễn Kim ,,,,,, 128GB ,,,, Hồng ,,,,,,, Qualcomm Snapdragon 8 Gen 1 ,, G906 ,,, 12 tháng ,,,,,,,21.790.000đ,, Việt Nam ,,,,,Điện thoại Samsung S22 Plus 8GB/128GB Hồng, 	8GB ," 6.6 "" ",,,,,,https://cdn.nguyenkimmall.com/images/thumbnails/600/336/detailed/787/10051333-dien-thoai-samsung-s22-plus-8gb-256gb-hong-1.jpg
 Apple ,,,, Nguyễn Kim ,,,,,, 1TB ,,," Nguyên khối, Khung thép không gỉ & Mặt lưng kính cường lực ", Vàng Đồng ,, OLED ,, 1284 x 2778 pixels ,,, Apple A15 Bionic ,, iPhone 13 Pro Max 1TB , 12MP-12MP-12MP ,, 12 tháng , 12MP ,, 2021 ,,,,44.490.000đ,, Trung Quốc , Face ID ,,, iOS 15 ,Điện thoại iPhone 13 Pro Max 1TB Vàng Đồng, 6GB ," 6.7 "" ",,,,, IP68 ,https://cdn.nguyenkimmall.com/images/detailed/757/dien-thoai-iphone-13-pro-max-1tb-vang-dong-1.jpg
 Apple ,,,, Nguyễn Kim ,,,, 147 x 72 x 8 mm ,, 256GB ,,," Nguyên khối, Khung nhôm & Mặt lưng kính cường lực ", Hồng ,, OLED ,, 1170 x 2532 pixels ,,, Apple A15 Bionic ,, iPhone 13 256GB , 12MP-12MP ,, 12 tháng , 12MP ,, 2021 ,,,,23.690.000đ,, Trung Quốc , Mở khoá khuôn mặt Face ID ,,, iOS 15 ,Điện thoại iPhone 13 256GB Hồng, 4GB ," 6.1 "" ",,,,, IP68 ,https://cdn.nguyenkimmall.com/images/thumbnails/600/336/detailed/756/dien-thoai-iphone-13-256gb-hong-1.jpg
 Apple ,,,, Nguyễn Kim ,,,,,, 256GB ,,,, Xám ,, OLED ,, 2532 x 1170 pixels ,,, Apple A15 Bionic ,, iPhone 13 Pro 256GB , 12MP-12MP-12MP ,, 12 tháng , 12MP ,,,,,,29.790.000đ,, Trung Quốc , Face ID ,,, iOS 15 ,Điện thoại iPhone 13 Pro 256GB Xám, 6GB ," 6.1 "" ",,,,, IP68 ,https://cdn.nguyenkimmall.com/images/thumbnails/600/336/detailed/756/dien-thoai-iphone-13-pro-256gb-xam-1.jpg
 Vivo ," 5000mAh (TYP), Sạc Siêu Tốc 18W ", Hỗ trợ , Bluetooth 5.0 , Nguyễn Kim ,,, Cảm ứng điện dung đa điểm , 164.26x76.08x8.00 mm ,, 128GB ,,,, Xanh Hồng ,, LCD ,, FHD+ (2408×1080) pixels ,,, MediaTek Helio G80 , Hai SIM hai sóng (DSDS) , V2109 - Y33S , 50MP + 2MP + 2MP , Không hỗ trợ , 12 tháng , 16MP ,,, 2.4GHz /5GHz , Đèn Flash camera sau ,,6.290.000đ,, Trung Quốc , Mở khóa vân tay ,,, Funtouch OS 11.1 (Tuỳ biến trên Android 11) ,Điện thoại Vivo Y33s 8GB/128GB Xanh Hồng, 8GB ," 6.58 "" ",, Type-C ,,,,https://cdn.nguyenkimmall.com/images/thumbnails/600/336/detailed/776/10051054-dien-thoai-vivo-y33s-8gb-128gb-xanh-hong-1.jpg
 Samsung , 4.500 mAh ,,, Nguyễn Kim ,,,,,, 128GB ,,,, Trắng ,,,,,,, Qualcomm Snapdragon 8 Gen 1 ,, G906 ,,, 12 tháng ,,,,,,,21.790.000đ,, Việt Nam ,,,,,Điện thoại Samsung S22 Plus 8GB/128GB Trắng, 	8GB ," 6.6 "" ",,,,,,https://cdn.nguyenkimmall.com/images/thumbnails/600/336/detailed/786/10051331-dien-thoai-samsung-s22-plus-8gb-128gb-trang-1.jpg
 Apple ,,,, Nguyễn Kim ,,,,,, 1TB ,,,, Xám ,, OLED ,, 2532 x 1170 pixels ,,, Apple A15 Bionic ,, iPhone 13 Pro 1TB , 12MP-12MP-12MP ,, 12 tháng , 12MP ,, 2021 ,,,,39.990.000đ,, Trung Quốc , Face ID ,,, iOS 15 ,Điện thoại iPhone 13 Pro 1TB Xám, 6GB ," 6.1 "" ",,,,, IP68 ,https://cdn.nguyenkimmall.com/images/detailed/756/dien-thoai-iphone-13-pro-1tb-xam-1.jpg
 Apple ,,,, Nguyễn Kim ,,,,,, 256GB ,,," Nguyên khối, Khung thép không gỉ & Mặt lưng kính cường lực ", Bạc ,, OLED ,, 1284 x 2778 pixels ,,, Apple A15 Bionic ,, iPhone 13 Pro Max 256GB , 12MP-12MP-12MP ,, 12 tháng , 12MP ,, 2021 ,,,,32.990.000đ,, Trung Quốc , Face ID ,,, iOS 15 ,Điện thoại iPhone 13 Pro Max 256GB Bạc, 6GB ," 6.7 "" ",,,,, IP68 ,https://cdn.nguyenkimmall.com/images/detailed/756/dien-thoai-iphone-13-pro-max-256gb-bac-1.jpg
 OPPO , 5000mAh (Typ) , Có , 5.0 , Nguyễn Kim ,,,, 164.4 x 75.7 x 8.4 mm ,, 128GB ,,,, Đen ,," Màn hình chấm O, LCD, 90Hz, Kính cường lực AGC DT-Pro, 16 triệu màu ",, (HD+) 720 x 1612 pixels ,,," Qualcomm Snapdragon 680, tối đa 2.4GHz ", Dual nano-SIM + 1 thẻ nhớ , CPH2375 - A76 , 13 MP (chính) + 2 MP (đơn sắc) ,, 12 tháng , 8 MP , Có ,," 2.4G/5G, 802.11 a/b/g/n/ac ", Đèn flash sau ,,5.490.000đ,, Trung Quốc , Cảm biến vân tay cạnh bên , Hỗ trợ thẻ nhớ tối đa 1TB ,," ColorOS 11.1, nền tảng Android 11 ",Điện thoại OPPO A76 6GB/128GB Đen, 6GB ," 6.56 "" ",,,,,,https://cdn.nguyenkimmall.com/images/detailed/785/10051456-dien-thoai-oppo-a76-6gb-128gb-den-1.jpg
 Apple ,,,, Nguyễn Kim ,,,, 147 x 72 x 8 mm ,, 256GB ,,," Nguyên khối, Khung nhôm & Mặt lưng kính cường lực ", Xanh dương ,, OLED ,, 1170 x 2532 pixels ,,, Apple A15 Bionic ,, iPhone 13 256GB , 12MP-12MP ,, 12 tháng , 12MP ,, 2021 ,,,,23.690.000đ,, Trung Quốc , Mở khoá khuôn mặt Face ID ,,, iOS 15 ,Điện thoại iPhone 13 256GB Xanh Dương, 4GB ," 6.1 "" ",,,,, IP68 ,https://cdn.nguyenkimmall.com/images/detailed/756/dien-thoai-iphone-13-256gb-xanh-duong-1.jpg
 Apple ,,,, Nguyễn Kim ,,,,,, 512GB ,,," Nguyên khối, Khung thép không gỉ & Mặt lưng kính cường lực ", Xám ,, OLED ,, 1284 x 2778 pixels ,,, Apple A15 Bionic ,, iPhone 13 Pro Max 512GB , 12MP-12MP-12MP ,, 12 tháng , 12MP ,, 2021 ,,,,38.490.000đ,, Trung Quốc , Face ID ,,, iOS 15 ,Điện thoại iPhone 13 Pro Max 512GB Xám, 6GB ," 6.7 "" ",,,,, IP68 ,https://cdn.nguyenkimmall.com/images/thumbnails/600/336/detailed/756/dien-thoai-iphone-13-pro-max-512gb-xam-1.jpg
 Apple ,,,, Nguyễn Kim ,,,,,, 1TB ,,," Nguyên khối, Khung thép không gỉ & Mặt lưng kính cường lực ", Xanh dương ,, OLED ,, 1284 x 2778 pixels ,,, Apple A15 Bionic ,, iPhone 13 Pro Max 1TB , 12MP-12MP-12MP ,, 12 tháng , 12MP ,, 2021 ,,,,44.490.000đ,, Trung Quốc , Face ID ,,, iOS 15 ,Điện thoại iPhone 13 Pro Max 1TB Xanh Dương, 6GB ," 6.7 "" ",,,,, IP68 ,https://cdn.nguyenkimmall.com/images/thumbnails/600/336/detailed/757/dien-thoai-iphone-13-pro-max-1tb-xanh-duong-1.jpg
 Vivo ," 5000mAh (TYP), Sạc Siêu Tốc 18W ", Hỗ trợ , Bluetooth 5.0	 , Nguyễn Kim ,,, Cảm ứng điện dung đa điểm  , 164.26 x 76.08 x 8.00 mm ,, 128GB ,,,, Trắng ,, LCD  ,, HD+ (1600*720)  pixels ,,, Mediatek Helio G80  , Hai SIM hai sóng (DSDS) , Y21s (V2110) , 50MP + 2MP + 2MP , Không có , 12 tháng , 8MP ,,, 2.4GHz / 5GHz  , Đèn Flash camera sau ,,4.490.000đ,, Trung Quốc , Mở khóa vân tay ,,, Funtouch OS 11.1 (Tuỳ biến trên Android 11) ,Điện thoại Vivo Y21s 4GB/128GB Trắng, 4GB ," 6.51 "" ",, Type-C  ,,,,https://cdn.nguyenkimmall.com/images/thumbnails/600/336/detailed/751/10049935-dien-thoai-vivo-y21s-4gb-128gb-trắng-1.jpg
 OPPO ," 5000mAh (Typ), Sạc 33W ", Có , 5.0 , Nguyễn Kim ,,,, 160.3 x 73.8 x 7.95 mm ,, 128GB ,,,, Đen ,," màn hình chấm O, AMOLED, Kính cường lực Schott X-UP, 16 triệu màu ",, 1080 x 2400 (FHD+) pixels ,,," Qualcomm Snapdragon 662, tối đa 2.0GHz ", Dual nano-SIM + 1 thẻ nhớ , A95 (CPH2365) , 48 MP (chính) + 2 MP (chiều sâu) + 2 MP (marco) ,, 12 tháng , 16 MP ,,," 2.4G/5G, 802.11 a/b/g/n/ac ", Đèn flash sau ,,5.990.000đ,, Trung Quốc , Cảm biến vân tay trong màn hình , Hỗ trợ thẻ nhớ tối đa 256GB ,," ColorOS 11.1, nền tảng Android 11 ",Điện thoại Oppo A95 8GB/128GB Đen, 8GB ," 6.43 "" ",,,,,,https://cdn.nguyenkimmall.com/images/thumbnails/600/336/detailed/770/10050753-dien-thoai-oppo-a95-8gb-128gb-den-1.jpg
 Samsung ," 4,500mAh; Hỗ trợ sạc siêu nhanh 25W ",,, Nguyễn Kim ,,,, 155.7 x 74.5 x 7.9 mm ,, 128GB ,,, Nguyên khối , Trắng ,," Dynamic AMOLED 2X, Tần số quét 120 Hz ",, Full HD+ (1080 x 2340) pixels ,,, Exynos 2100 ,, SM-G990E/DS ," Góc siêu rộng 12MP, Góc rộng 12MP, Tele 8MP ",, 12 tháng , 32 MP ,,,,,,12.490.000đ,, Việt Nam ,,,,,Điện thoại Samsung S21 FE 5G 8GB/128GB Trắng, 8GB ," 6.4 "" ", Kết nối 5G ,,,," Kháng nước, kháng bụi IP68 ",https://cdn.nguyenkimmall.com/images/thumbnails/600/336/detailed/779/10050966-dien-thoai-samsung-s21-fe-5g-8gb-128gb-trang-1.jpg
 Vivo , 4050mAh (TYP) , Hỗ trợ  , Bluetooth 5.2 , Nguyễn Kim ,,, Cảm ứng điện dung đa điểm , 160.87 x 74.28 x 7.36 mm ,, 128GB ,,,, Đen ,, AMOLED	 ,, FHD+ 2400×1080 pixels ,,, MediaTek Helio G96 ,, V23e (V2116) , 64MP AF + 8MP (Góc siêu rộng) + 2MP (Siêu cận) , Không hỗ trợ , 12 tháng , 50MP ,,," 2.4GHz, 5GHz ", Đèn Flash camera sau ,,7.490.000đ,, Trung Quốc , Mở Khóa Vân Tay Dưới Màn Hình	 ,,, Funtouch OS 12 (Tùy biến trên Android 11) ,Điện thoại Vivo V23e 8GB/128GB Đen, 8GB ," 6.44 "" ",, Type-C ,, 1 Nano SIM + 1 Nano SIM / 1 thẻ nhớ Micro SD ,,https://cdn.nguyenkimmall.com/images/thumbnails/600/336/detailed/766/10050700-dien-thoai-vivo-v23e-8gb-128gb-den-1.jpg
 Samsung ,,, Bluetooth v5.1 , Nguyễn Kim ,,,," Cao 159,7 x Rộng 74,0 x Dày 8,1 mm ", UHD 4K (3840 x 2160) @ 30 khung hình / giây , 128GB ,,,, Cam , Octa-Core , Super AMOLED ,, FHD +(1080 x 2400 ) pixels ,,,, SIM 1 + Kết hợp (SIM hoặc MicroSD) , SM-A336E/DS , 48.0 MP + 8.0 MP + 5.0 MP + 2.0 MP , Có , 12 Tháng , 13.0 MP ,,," 802.11 a / b / g / n / ac 2.4G + 5GHz, VHT80 ", Không ,,8.090.000đ,, Việt Nam ,, MicroSD ,, 	Android ,Điện thoại Samsung A33 5G 6GB/128GB Cam, 6GB ," 6,4"" "" ", 	Hỗ trợ 5G , USB 2.0 ,, 2 sim ,,https://cdn.nguyenkimmall.com/images/thumbnails/600/336/detailed/796/10051581-dien-thoai-samsung-a33-5g-6gb-128gb-cam-1.jpg
 Samsung , 4.500 mAh ,,, Nguyễn Kim ,,,,,, 256GB ,,,, Trắng ,,,,,,, Qualcomm Snapdragon 8 Gen 1 ,, G906 ,,, 12 tháng ,,,,,,,23.290.000đ,, Việt Nam ,,,,,Điện thoại Samsung S22 Plus 8GB/256GB Trắng, 	8GB ," 6.6 "" ",,,,,,https://cdn.nguyenkimmall.com/images/thumbnails/600/336/detailed/787/10051336-dien-thoai-samsung-s22-plus-8gb-256gb-trang-1.jpg
 Samsung ," Li-Po 4400 mAh, Fast charging 25W, Fast wireless charging 10W ",,, Nguyễn Kim ,,,," Khi mở: 158.2 x 128.1 x 6.4 mm, Khi gập: 158.2 x 67.1 x 16.0 mm "," 4K@60fps, 1080p@60/240fps (gyro-EIS), 720p@960fps (gyro-EIS), HDR10+ ", 256GB ,,," Phần khung Armor Aluminum, Kính cường lực Corning® Gorilla® Glass Victus™ ", Xanh lá ,," Màn hình chính: UDC, 7.6"" QXGA+, Dynamic AMOLED 2X, 120Hz; Màn hình phụ: 6.2"" HD+, Dynamix AMOLED 2X, 120Hz ",,,,, Qualcomm SM8350 Snapdragon 888 (5 nm) ,, SM-F926B ," Chính (góc rộng): 12MP (2PD), F1.8, OIS; Siêu rộng: 12MP, F2.2, 123°; Bokeh/ Tele: 12MP, F2.4, OIS, 2x Zoom ",, 12 tháng ," Ẩn dưới màn hình chính: UDC, 4MP, FF, F1.8; Màn hình phụ: HID, 10MP, FF, F2.2 ",,,,,,35.990.000đ,, Việt Nam ,, Không ,, Android 11 ,Điện thoại Samsung Galaxy Z Fold 3 5G 256GB Xanh Lá, 12GB ,,,,,, Chuẩn kháng nước IPx8 ,https://cdn.nguyenkimmall.com/images/thumbnails/600/336/detailed/749/10049831-dien-thoai-samsung-galaxy-z-fold-3-256gb-xanh-la-1.jpg
 Apple ,,,, Nguyễn Kim ,,,, 132 x 64 x8 mm ,, 128GB ,,," Nguyên khối, Khung nhôm & Mặt lưng kính cường lực ", Đỏ ,, OLED ,, Full HD+ (1080 x 2340) pixels ,,, Apple A15 Bionic ,, iPhone 13 Mini 128GB , 12MP-12MP ,, 12 tháng , 12MP ,,,, Có ,,18.490.000đ,, Trung Quốc , Mở khoá khuôn mặt Face ID ,,, iOS 15 ,Điện thoại iPhone 13 mini 128GB Đỏ, 4GB ," 5.4 "" ",,,,, IP68 ,https://cdn.nguyenkimmall.com/images/thumbnails/600/336/detailed/755/dien-thoai-iphone-13-mini-128gb-do-1.jpg
 Samsung ," 5,000 mAh Sạc nhanh 25W ",,, Nguyễn Kim ,,,,,, 128GB ,,,, Trắng ,, FHD+ Infinity-O Super AMOLED 120Hz ,,,, Âm thanh vòm Dolby Atmos , Exynos 1280 (8 nhân) ,, SM-A536E/DS , 64MP với chế độ quay chụp OIS sắc nét + Chụp Góc Siêu Rộng 12MP + Xoá phông 5MP + Macro 5MP ,, 12 tháng , 32.0MP ,,,,,,8.990.000đ,, Việt Nam , Mở khóa vân tay trên màn hình , Hỗ trợ thẻ nhớ lên đến 1TB ,,,Điện thoại Samsung A53 5G 128GB Trắng, 8GB ," 6.5 "" ", Kết nối 5G ,,,, Kháng nước và bụi chuẩn IP67 ,https://cdn.nguyenkimmall.com/images/thumbnails/600/336/detailed/788/10051586-dien-thoai-samsung-a53-5g-128gb-trang-1.jpg
 OPPO ," 4500mAh (Typ), Siêu sạc nhanh superVOOC 33W ", Có , 5.1 , Nguyễn Kim ,,,, 159.9 x 73.2 x 7.49 mm ,, 128GB ,,,, Đen ,," Màn hình đục lỗ, AMOLED, 60Hz, Kính cường lực Schott X-UP, 16 triệu màu ",, (FHD+) 1080 x 2400 pixels ,,," Qualcomm Snapdragon 695 5G, tối đa 2.2GHz ", Dual nano-SIM hoặc 1 nano-SIM+1 thẻ nhớ , CPH2343 - RENO7Z 5G , 64MP (Chính) + 2MP (Mono) + 2MP (Marco) ,, 12 tháng , 16MP , Có ,," Wifi 2.4G/5G, 802.11 a/b/g/n/ac ", Đèn flash sau ,,9.490.000đ,, Trung Quốc , Cảm biến vân tay (dưới màn hình) ,,," ColorOS 12, nền tảng Android 11 ",Điện thoại OPPO Reno7 Z 5G Đen, 8GB ," 6.43 "" ",,,,,,https://cdn.nguyenkimmall.com/images/thumbnails/600/336/detailed/788/10051588-dien-thoai-oppo-reno7-z-5g-den-1.jpg
 Apple ,,,, Nguyễn Kim ,,,,,, 512GB ,,," Nguyên khối, Khung thép không gỉ & Mặt lưng kính cường lực ", Bạc ,, OLED ,, 1284 x 2778 pixels ,,, Apple A15 Bionic ,, iPhone 13 Pro Max 512GB , 12MP-12MP-12MP ,, 12 tháng , 12MP ,, 2021 ,,,,38.490.000đ,, Trung Quốc , Face ID ,,, iOS 15 ,Điện thoại iPhone 13 Pro Max 512GB Bạc, 6GB ," 6.7 "" ",,,,, IP68 ,https://cdn.nguyenkimmall.com/images/detailed/756/dien-thoai-iphone-13-pro-max-512gb-bac-1.jpg
 OPPO ," 4500mAh (Typ), Siêu sạc nhanh superVOOC 33W ", Có , 5.1 , Nguyễn Kim ,,,, 159.9 x 73.2 x 7.49 mm ,, 128GB ,,,, Bạc ,," Màn hình đục lỗ, AMOLED, 60Hz, Kính cường lực Schott X-UP, 16 triệu màu ",, (FHD+) 1080 x 2400 pixels ,,," Qualcomm Snapdragon 695 5G, tối đa 2.2GHz ", Dual nano-SIM hoặc 1 nano-SIM+1 thẻ nhớ , CPH2343 - RENO7Z 5G , 64MP (Chính) + 2MP (Mono) + 2MP (Marco) ,, 12 tháng , 16MP , Có ,," Wifi 2.4G/5G, 802.11 a/b/g/n/ac ", Đèn flash sau ,,9.490.000đ,, Trung Quốc , Cảm biến vân tay (dưới màn hình) ,,," ColorOS 12, nền tảng Android 11 ",Điện thoại OPPO Reno7 Z 5G Bạc, 8GB ," 6.43 "" ",,,,,,https://cdn.nguyenkimmall.com/images/detailed/788/10051589-dien-thoai-oppo-reno7-z-5g-bac-1.jpg
 Samsung ," 5000 mAh, Công nghệ sạc nhanh siêu tốc 15W ",,, Nguyễn Kim ,,,,,, 128GB ,,,, Tím ,," Tràn viền vô cực Infinity-U, Super AMOLED HD+, Tần số quét 90Hz, độ sáng lên đến 600 nit ",,,,," Bộ vi xử lí tám nhân, xung nhịp tối đa 2GHz ",, A22 (SM-A225F/DS) , 4 Camera: 48 MP + 8 MP + 2 MP + 2 MP ,, 12 tháng , 13 MP ,,,,,,4.790.000đ,, Việt Nam ,,,,,Điện thoại Samsung Galaxy A22 6GB/128GB Tím, 6GB ," 6.4 "" ",,,,,,https://cdn.nguyenkimmall.com/images/thumbnails/600/336/detailed/738/10049548-dien-thoai-samsung-galaxy-a22-6gb-128gb-tim-1.jpg
 Xiaomi , 5000 mAh ," BDS, A-GPS, GLONASS "," LE, A2DP ", Nguyễn Kim ,,, Có , Dài 164.9 mm - Ngang 77.07 mm - Dày 9 mm ," HD 720p@30fps, FullHD 1080p@30fps ", 32 GB ,, Có , Nguyên khối , Xanh lá ,, IPS LCD ,, HD+ (700 x 1600) pixels ,,, MediaTek Helio G25 8 nhân ,, REDMI 9A , 13 MP ,, 18 tháng , 5 MP , Có , 2020 ," Wi-Fi hotspot, Wi-Fi 802.11 a/b/g/n, Wi-Fi Direct ", Có ,,2.290.000đ, Có , Trung Quốc , Mở khoá khuôn mặt ," MicroSD, hỗ trợ tối đa 512 GB "," Chạm 2 lần tắt màn hình, Chạm 2 lần sáng màn hình, Đèn pin, Chặn tin nhắn, Chặn cuộc gọi ", Android 10 ,Điện thoại Xiaomi Redmi 9A 2GB/32GB Xanh lá, 2 GB ," 6.53 "" ", Có , Micro USB , Có , 2 Nano SIM ,,https://cdn.nguyenkimmall.com/images/thumbnails/600/336/detailed/691/10047356-dien-thoai-xiaomi-redmi-9a-2gb-32gb-xanh-la-1.webp
 Nokia ," 2950 mAh, pin rời ", GPS/AGPS ,, Nguyễn Kim ,,,, 169.9 x 77.9 X 8.8 mm ,," 32 GB e-MMC 5.1, hỗ trợ thẻ nhớ ngoài 64GB ",,,, Vàng ,," chuẩn HD+ giọt nước, tỉ lệ 20:9 ",,,,, SC9863A 8 nhân | 1.6GHz ,, NOKIAC20 ," 5MP, f2.2 với đèn Flash ",, 12 tháng ," 5MP, f2.2 với đèn Flash ", Có ,, 802.11 b/g/n ,,,1.990.000đ,, Trung Quốc , Mở khóa khuôn mặt ,,, Android 11 (phiên bản Go) ,Điện thoại Nokia C20 2GB/32GB Vàng, 2 GB DDR3 DRAM ," 6.5 "" ",, Micro USB (USB 2.0) ,,,,https://cdn.nguyenkimmall.com/images/thumbnails/600/336/detailed/728/10049231-dien-thoai-nokia-c20-2gb-32gb-vang-1.jpg
 Apple ,,,, Nguyễn Kim ,,,,,, 512GB ,,,, Xanh dương ,, OLED ,, 2532 x 1170 pixels ,,, Apple A15 Bionic ,, iPhone 13 Pro 512GB , 12MP-12MP-12MP ,, 12 tháng , 12MP ,, 2021 ,,,,35.990.000đ,, Trung Quốc , Face ID ,,, iOS 15 ,Điện thoại iPhone 13 Pro 512GB Xanh Dương, 6GB ," 6.1 "" ",,,,, IP68 ,https://cdn.nguyenkimmall.com/images/thumbnails/600/336/detailed/756/dien-thoai-iphone-13-pro-512gb-xanh-duong-1.jpg
 Vivo , 4050mAh (TYP) , Hỗ trợ  , Bluetooth 5.2 , Nguyễn Kim ,,, Cảm ứng điện dung đa điểm , 160.87 x 74.28 x 7.41 mm ,, 128GB ,,,, Xanh Hồng ,, AMOLED	 ,, FHD+ 2400×1080 pixels ,,, MediaTek Helio G96 ,, V23e (V2116) , 64MP AF + 8MP (Góc siêu rộng) + 2MP (Siêu cận) , Không hỗ trợ , 12 tháng , 50MP ,,," 2.4GHz, 5GHz ", Đèn Flash camera sau ,,7.490.000đ,, Trung Quốc , Mở Khóa Vân Tay Dưới Màn Hình	 ,,, Funtouch OS 12 (Tùy biến trên Android 11) ,Điện thoại Vivo V23e 8GB/128GB Xanh Hồng, 8GB ," 6.44 "" ",, Type-C ,, 1 Nano SIM + 1 Nano SIM / 1 thẻ nhớ Micro SD ,,https://cdn.nguyenkimmall.com/images/thumbnails/600/336/detailed/766/10050701-dien-thoai-vivo-v23e-8gb-128gb-xanh-hong-1.jpg
 Nokia , 5050 mAh | Pin liền , GPS/AGPS , Bluetooth® 4.2 , Nguyễn Kim ,,,, 164.8 x 75.9 X 8.55 mm ,, 32 GB ,,,, Xám Ánh Kim ,,,, (HD+) 720 x 1600 pixels ,,,,, NOKIAC21PLUS3/32 , 13 MP + 2 MP ,, 12 Tháng , 5 MP , Có ,, Wifi 802.11 b/g/n , Có ,,3.190.000đ,, Trung Quốc ," 	Mở khóa bằng vân tay, Mở khóa bằng khuôn mặt ",,, Android 11 (Go Edition) ,Điện thoại Nokia C21 Plus 3GB/32GB Xám Ánh Kim, 3 GB ," 6.5 "" ",, USB Micro (USB 2.0) ,, 2 Nano SIM + 1 Micro SD , IP52 ,https://cdn.nguyenkimmall.com/images/detailed/803/10052243-dien-thoai-nokia-c21-plus-3gb-32gb-xam-anh-kim-1.jpg
 Vivo ," 5000mAh (TYP), Sạc Siêu Tốc 18W  ", Hỗ trợ  , Bluetooth 5.1  , Nguyễn Kim ,,, Cảm ứng điện dung đa điểm  , 163.95 x 75.30 x 8.50 mm ,, 128 GB ,,,, Đen ,, LCD (IPS)  ,, FHD+ 2408 x 1080 pixels ,,, Mediatek Dimensity 700	 ,, Y72 5G (V2041) , 64MP + 8MP + 2MP   , Không hỗ trợ  , 12 tháng , 16MP ,,, 2.4GHz /5GHz  , Đèn Flash camera sau  ,,6.790.000đ,, Trung Quốc , Mở khóa vân tay ,,, Funtouch OS 11.1	 ,Điện thoại Vivo Y72 5G 8GB/128GB Đen, 8 GB ," 6.58 "" ",, Type-C  ,, 1 Nano SIM + 1 Nano SIM / 1 thẻ nhớ SD  ,,https://cdn.nguyenkimmall.com/images/thumbnails/600/336/detailed/726/10049201-dien-thoai-vivo-y72-5g-8gb-128gb-den-1.jpg
 OPPO , 4500 mAh ," GPS, A-GPS, BeiDou, GLONASS, GALILEO, hệ thống định vị QZSS có hỗ trợ ", Bluetooth v5.1 , Nguyễn Kim ,,,,,, 	128GB , 73.2 mm ,," Thiết kế da sợi thủy tinh, Thiết kế cổ điển siêu mỏng ", Đen ,, AMOLED , 7.49 mm , 	FHD+ (2400x1080) pixels ,,," Qualcomm Snapdragon 680, tối đa 2.4GHz ", 2 SIM , RENO74G , 64MP(Chính) + 2MP(Marco) + 2MP(Bokeh) , HCE và NFC-SIM , 12 Tháng , 32MP , Có , 2022 , Wi-Fi 5 (802.11ac) , Có , 159.9 mm ,7.690.000đ,, Trung Quốc ," 	Cảm ứng vân tay dưới màn hình, nhận diện khuôn mặt ",,," Android 12, ColorOS 12.1 ",Điện thoại OPPO Reno7 4G 8GB/128GB Đen, 	8GB ," 6.4 "" ",, 	USB Type-C ,," Nano-SIM CARD, Nano-USIM CARD ",,https://cdn.nguyenkimmall.com/images/thumbnails/600/336/detailed/803/10052320-dien-thoai-oppo-reno7-4g-8gb-128gb-den-1.jpg
 Apple ,,,, Nguyễn Kim ,,,,,, 128GB ,,," Nguyên khối, Khung thép không gỉ & Mặt lưng kính cường lực ", Vàng Đồng ,, OLED ,, 1284 x 2778 pixels ,,, Apple A15 Bionic ,, iPhone 13 Pro Max 128GB , 12MP-12MP-12MP ,, 12 tháng , 12MP ,, 2021 ,,,,29.990.000đ,, Trung Quốc , Face ID ,,, iOS 15 ,Điện thoại iPhone 13 Pro Max 128GB Vàng Đồng, 6GB ," 6.7 "" ",,,,, IP68 ,https://cdn.nguyenkimmall.com/images/detailed/760/dien-thoai-iphone-13-pro-max-128gb-vang-dong-1.jpg
 Xiaomi , 5000 mAh ," GLONASS, A-GPS "," LE v4.2, A2DP ", Nguyễn Kim ,,, Có , Dài 164.9 mm - Ngang 77.07 mm - Dày 9.0 mm ," FullHD 1080p@30fps, HD 720p@30fps ", 64 GB ,, Có , Nguyên khối , Xanh dương ,, IPS LCD ,, HD+ (720 x 1600) pixels ,,, MediaTek Helio G35 8 nhân ,, REDMI 9C ," 13 MP, 2 MP, 2 MP ", Không , 18 tháng , 5 MP , Có , 2020 ," Wi-Fi Direct, Wi-Fi 802.11 a/b/g/n, Wi-Fi hotspot ", Có ,,2.790.000đ, Có , Trung Quốc , Mở khóa bằng vân tay ," MicroSD, hỗ trợ tối đa 512 GB "," Chạm 2 lần sáng màn hình, Đèn pin, Thu nhỏ màn hình sử dụng một tay, Chặn tin nhắn, Nhân bản ứng dụng, Chạm 2 lần tắt màn hình, Chặn cuộc gọi, Khoá ứng dụng ", Android 10 ,Điện thoại Xiaomi Redmi 9C 3GB/64GB Xanh dương, 3 GB ," 6.53 "" ", Có , Micro USB , Có , 2 Nano SIM ,,https://cdn.nguyenkimmall.com/images/thumbnails/600/336/detailed/691/10047321-dien-thoai-xiaomi-redmi-9c-3gb-64gb-xanh-duong-1.jpg
 Samsung ,,, Bluetooth v5.1 , Nguyễn Kim ,,,," Cao 159,7 x Rộng 74,0 x Dày 8,1 mm ", UHD 4K (3840 x 2160) @ 30 khung hình / giây , 128GB ,,,, Trắng , Octa-Core , Super AMOLED ,, FHD +(1080 x 2400 ) pixels ,,,, SIM 1 + Kết hợp (SIM hoặc MicroSD) , SM-A336E/DS , 48.0 MP + 8.0 MP + 5.0 MP + 2.0 MP , Có , 12 Tháng , 13.0 MP ,,," 802.11 a / b / g / n / ac 2.4G + 5GHz, VHT80 ", Không ,,8.090.000đ,, Việt Nam ,, MicroSD ,, 	Android ,Điện thoại Samsung A33 5G 6GB/128GB Trắng, 6GB ," 6,4"" "" ", 	Hỗ trợ 5G , USB 2.0 ,, 2 sim ,,https://cdn.nguyenkimmall.com/images/detailed/796/10051582-dien-thoai-samsung-a33-5g-6gb-128gb-trang-1.jpg
 Vivo ," 5000mAh (TYP), Sạc Siêu Tốc 18W ", Hỗ trợ  , Bluetooth 5.0  , Nguyễn Kim ,,, LCD	 , 164.26 x 76.08 x 8.00  mm ,, 64GB  ,,,, Trắng ,, Cảm ứng điện dung đa điểm  ,, 1600*720 (HD+) pixels ,,, Mediatek Helio P35  ,, Y21 (V2111) , 13MP + 2MP , Không có  , 12 tháng , 8MP ,,, 2.4GHz / 5GHz  , Đèn Flash camera sau  ,,3.690.000đ,, Trung Quốc ,,,,,Điện thoại Vivo Y21 4GB/64GB Trắng, 4GB  ," 6.51 "" ",, Type-C  ,,,,https://cdn.nguyenkimmall.com/images/thumbnails/600/336/detailed/770/10050029-dien-thoai-vivo-y21-4gb-64gb-trang-1.jpg
 Xiaomi , 5000 mAh ," BDS, GALILEO, GLONASS, GPS ", 	v5.0 , Nguyễn Kim ,,, Có , Dài 159.8 mm - Ngang 73.87 mm - Dày 8.09 mm , FullHD 1080p@30fps , 64 GB ,,, Nguyên khối , Xanh dương đậm ,, AMOLED ,, Full HD+ 1080 x 2400 pixels ,,, Snapdragon 680 8 nhân ,, Redmi Note 11 ," Camera góc rộng: 50 MP, f/1.8, PDAF; Camera góc siêu rộng: 8 MP; Camera Macro: 2MP f/2.4; Camera chân dung: 2MP ",, 18 tháng , 13 MP , Có , 2022 , 	Wi-Fi 802.11 a/b/g/n/ac; Wi-Fi Direct , Có ,,4.390.000đ,, Trung Quốc ," Mở khoá khuôn mặt, Mở khoá vân tay cạnh viền ",,, Android 11 ,Điện thoại Xiaomi Redmi Note 11 4GB/64GB Xanh Dương Đậm, 4 GB ," 6.43 "" ", Có hỗ trợ , Type-C  ,, 2 Nano SIM ,,https://cdn.nguyenkimmall.com/images/thumbnails/600/336/detailed/794/10051505-dien-thoai-xiaomi-remi-note-11-4-gb-64-gb-xanh-duong-dam.jpg
 Apple ,,,, Nguyễn Kim ,,, Có ,,, 256 GB ,,,, Xám ,,,,,,, Apple A14 Bionic ,, IPHONE 12 PRO 256GB (MGMP3VN/A) ," 12 MP, 12 MP, 12 MP ",, 12 tháng , 12 MP ,, 2020 ,,,,24.990.000đ,, Trung Quốc ,,,, iOS 14.1 ,Điện thoại iPhone 12 Pro 256GB Xám, 6 GB ," 6.1 "" ",,,,,,https://cdn.nguyenkimmall.com/images/detailed/698/10047717-dien-thoai-iphone-12-pro-256gb-xam-1.jpg
 Samsung ," 5,000mAh sạc siêu nhanh 25W / Sạc không dây ",,, Nguyễn Kim ,,,,,, 128GB ,,,, Đen ,," Vô cực Infinity-O, WQHD+, Dynamic AMOLED 2X ",,,,, Vi xử lý Exynos 2100 (5nm) ,, SM-G998B/DS ," Ống kính góc siêu rộng 12MP (2PD) AF f2.2, Ống kính góc rộng 108MP F1.8 OIS, Ống kính Zoom quang học 1 10MP (3x, 2PD) OIS F2.4, Ống kính Zoom quang học 2 10MP (10x, 2PD) OIS F4.9, ToF Laser AF, Quay phim 8K ",, 12 tháng , Ống kính 40MP AF F2.2 ,,,,,,19.990.000đ,, Việt Nam ,,,,,Điện thoại Samsung Galaxy S21 Ultra 5G 12GB/128GB Đen, 12GB ," 6.8 "" ",,,,,,https://cdn.nguyenkimmall.com/images/thumbnails/600/336/detailed/711/10048377-dien-thoai-samsung-galaxy-s21-ultra-12gb-128gb-den-1.jpg
 OPPO , 4230mAh (Typ) , Có , 5.0 , Nguyễn Kim ,,,, 164 x 75.4 x 7.85 mm ,, 32GB ,,,, XANH ,," LCD, Corning Gorilla Glass 3, màn hình giọt nước, 16 triệu màu ",, (HD+) 720 x 1600 pixels ,,," Helio G35 8 nhân, tối đa 2.3GHz ",, A16K (CPH2349) , 13 MP ,, 12 tháng , 5 MP ,, 2021 ," 2.4G/5G, 802.11 a/b/g/n/ac ", Đèn flash sau ,,3.150.000đ,, Trung Quốc ,, Hỗ trợ thẻ nhớ tối đa 1TB ,," ColorOS 11, nền tảng Android 11 ",Điện thoại OPPO A16K 3GB/32GB Xanh, 3GB ," 6.52 "" ",,,, Dual nano-SIM + 1 khe thẻ nhớ ,,https://cdn.nguyenkimmall.com/images/thumbnails/600/336/detailed/771/10050851-dien-thoai-oppo-a16k-3gb-32gb-xanh-1.jpg
 Apple ,,, Bluetooth 5.0  , Nguyễn Kim , Có ,, Có , 146.7 x 71.5 x 7.4mm mm , 4K , 64 GB ,,,, Xanh Lá ,, Super Retina XDR ,, 2532 x 1170 pixels ,,, Apple A14 Bionic ,, iPhone 12 64GB , 12 MP (kép) ,, 12 Tháng , 12MP ,, 2020 , Wi-Fi 6 (802.11ax) , Có ,,16.990.000đ,, Trung Quốc , 	Mở khóa bằng khuôn mặt ,,, iOS 14.1 ,Điện thoại iPhone 12 64GB Xanh lá, 4 GB ," 6.1 inch "" ", Có , Type C ,,," Có, IP68 ",https://cdn.nguyenkimmall.com/images/thumbnails/600/336/detailed/698/10047702-dien-thoai-iphone-12-64gb-xanh-la-1.jpg
 Vivo ," 5000mAh (TYP), Sạc Siêu Tốc 18W  ", Hỗ trợ  , Bluetooth 5.1  , Nguyễn Kim ,,, Cảm ứng điện dung đa điểm  , 163.95 x 75.30 x 8.50 mm ,, 128 GB ,,,, Xanh Hồng ,, LCD (IPS)  ,, FHD+ 2408 x 1080 pixels ,,, Mediatek Dimensity 700	 ,, Y72 5G (V2041) , 64MP + 8MP + 2MP   , Không hỗ trợ  , 12 tháng , 16MP ,,, 2.4GHz /5GHz  , Đèn Flash camera sau  ,,6.790.000đ,, Trung Quốc , Mở khóa vân tay ,,, Funtouch OS 11.1	 ,Điện thoại Vivo Y72 5G 8GB/128GB Xanh Hồng, 8 GB ," 6.58 "" ",, Type-C  ,, 1 Nano SIM + 1 Nano SIM / 1 thẻ nhớ SD  ,,https://cdn.nguyenkimmall.com/images/thumbnails/600/336/detailed/726/10049202-dien-thoai-vivo-y72-5g-8gb-128gb-xanh-hong-1.jpg
