type_id,entity_id,name,url,price,final_price,small_image,promotion_information,count_all_reviews,average_ratings,attribute_black_friday,attribute_uu_dai_tet,attribute_doc_quyen,stock_available,display_size,memory_internal,storage
configurable,28979,Samsung Galaxy A73 (5G),https://cellphones.com.vn/samsung-galaxy-a73.html,12990000,10190000,https://cdn.cellphones.com.vn/media/catalog/product/cache/7/small_image/9df78eab33525d08d6e5fb8d27136e95/s/a/samsung-galaxy-a73-1-600x600.jpg,"<div class=""promotion""><p class=""gift-cont"">Combo 02 Mã ưu đãi CGV trị giá 200.000đ</p></div>",0.0,0.0,False,False,1644,46,6.7 inches,8 GB,256 GB
configurable,16520,iPhone 11 64GB I Chính hãng VN/A ,https://cellphones.com.vn/iphone-11.html,18000000,11490000,https://cdn.cellphones.com.vn/media/catalog/product/cache/7/small_image/9df78eab33525d08d6e5fb8d27136e95/i/p/iphone_11_white_4_.png,"<div class=""promotion""><p class=""gift-cont"">[HOT] Thu cũ lên đời giá cao - Thủ tục nhanh - Trợ giá lên tới 1.000.000đ và <b>1 km</b> khác</p></div>",67.0,4.9,False,False,False,46,6.1 inches,4 GB,64 GB
configurable,33485,iPhone 13 Pro Max 128GB | Chính hãng VN/A,https://cellphones.com.vn/iphone-13-pro-max.html,34990000,34990000,https://cdn.cellphones.com.vn/media/catalog/product/cache/7/small_image/9df78eab33525d08d6e5fb8d27136e95/i/p/iphone_13-_pro-5_4.jpg,"<div class=""promotion""><p class=""gift-cont"">Thu cũ lên đời - Trợ giá 1 triệu</p></div>",0.0,0.0,False,False,False,46,6.7 inches,6 GB,128 GB
configurable,33618,Xiaomi Redmi Note 11,https://cellphones.com.vn/xiaomi-redmi-note-11.html,4690000,4490000,https://cdn.cellphones.com.vn/media/catalog/product/cache/7/small_image/9df78eab33525d08d6e5fb8d27136e95/8/0/800x800-1-640x640-5_2.png,"<div class=""promotion""><p class=""gift-cont"">Giảm 440.000đ khi thanh toán qua Moca</p></div>",0.0,0.0,False,False,False,46,6.43 inches,4 GB,64 GB
configurable,25864,iPhone 12 Pro Max 128GB I Chính hãng VN/A ,https://cellphones.com.vn/iphone-12-pro-max.html,32990000,27000000,https://cdn.cellphones.com.vn/media/catalog/product/cache/7/small_image/9df78eab33525d08d6e5fb8d27136e95/i/p/iphone_12_pro_max_white_1.png,"<div class=""promotion""><p class=""gift-cont"">[HOT] Thu cũ lên đời giá cao - Thủ tục nhanh - Trợ giá lên tới 1.000.000đ và <b>1 km</b> khác</p></div>",0.0,0.0,False,False,False,46,6.7 inches,6 GB,128 GB
configurable,32364,Samsung Galaxy S22 Ultra (8GB - 128GB),https://cellphones.com.vn/samsung-galaxy-s22-ultra.html,30990000,29190000,https://cdn.cellphones.com.vn/media/catalog/product/cache/7/small_image/9df78eab33525d08d6e5fb8d27136e95/s/m/sm-s908_galaxys22ultra_front_green_211119.jpg,"<div class=""promotion""><div class=""promo-list""><ul><li class=""pmh-title"">PMH</li> <li class=""pmh-content"">2.000.000 ₫</li></ul></div><p class=""coupon-price"">Giảm thêm 4.000.000đ khi thu cũ đổi mới và <b>2 km</b> khác</p></div>",0.0,0.0,False,False,1643,46,6.8 inches,8 GB,128 GB
configurable,43208,Nubia Red Magic 7 Obsidian 12GB 128GB,https://cellphones.com.vn/nubia-red-magic-7.html,18990000,0,https://cdn.cellphones.com.vn/media/catalog/product/cache/7/small_image/9df78eab33525d08d6e5fb8d27136e95/n/u/nubia_red_magic_7_supernova_18gb_256gb.jpg,"<div class=""promotion""><p class=""gift-cont"">Thu cũ đổi mới - Trợ giá 500.000đ và <b>1 km</b> khác</p></div>",0.0,0.0,False,False,1644,46,6.8 inches,12 GB,128 GB
configurable,39188,Xiaomi Redmi Note 11 Pro Plus 5G,https://cellphones.com.vn/xiaomi-redmi-note-11-pro-plus.html,9990000,9200000,https://cdn.cellphones.com.vn/media/catalog/product/cache/7/small_image/9df78eab33525d08d6e5fb8d27136e95/1/1/11-pro-plus-blue.jpg,"<div class=""promotion""><p class=""gift-cont"">Thu cũ lên đời trợ giá 500.000đ</p></div>",0.0,0.0,False,False,1644,46,6.67 inches,8 GB,256 GB
configurable,32366,Samsung Galaxy S22 Plus (8GB + 128GB),https://cellphones.com.vn/samsung-galaxy-s22-plus.html,25990000,24490000,https://cdn.cellphones.com.vn/media/catalog/product/cache/7/small_image/9df78eab33525d08d6e5fb8d27136e95/s/2/s22_4_1.jpg,"<div class=""promotion""><div class=""promo-list""><ul><li class=""pmh-title"">PMH</li> <li class=""pmh-content"">2.000.000 ₫</li></ul></div><p class=""coupon-price"">Giảm thêm 4.000.000đ khi thu cũ đổi mới và <b>2 km</b> khác</p></div>",0.0,0.0,False,False,1643,46,6.6 inches,8 GB,128 GB
configurable,35033, Xiaomi 11T,https://cellphones.com.vn/xiaomi-mi-11t.html,10990000,9900000,https://cdn.cellphones.com.vn/media/catalog/product/cache/7/small_image/9df78eab33525d08d6e5fb8d27136e95/x/i/xiaomi-mi-11t-1_1.jpg,"<div class=""promotion""><p class=""gift-cont"">Thu cũ đổi mới - Trợ giá đến 300.000đ</p></div>",0.0,0.0,False,False,False,46,6.67 inches,8 GB,128 GB
configurable,25217,Samsung Galaxy Note 20 Ultra 5G,https://cellphones.com.vn/samsung-galaxy-note-20-ultra-5g.html,32990000,18990000,https://cdn.cellphones.com.vn/media/catalog/product/cache/7/small_image/9df78eab33525d08d6e5fb8d27136e95/y/e/yellow_final_2.jpg,"<div class=""promotion""><p class=""gift-cont"">Thu cũ đổi mới - Trợ giá đến 300.000đ</p></div>",0.0,0.0,False,False,False,56,6.9 inches,12 GB,256 GB
configurable,36242,iPhone 13 128GB | Chính hãng VN/A,https://cellphones.com.vn/iphone-13.html,24990000,21450000,https://cdn.cellphones.com.vn/media/catalog/product/cache/7/small_image/9df78eab33525d08d6e5fb8d27136e95/i/p/ip13-pro_2.jpg,"<div class=""promotion""><p class=""gift-cont"">Thu cũ lên đời - Trợ giá 1 triệu</p></div>",0.0,0.0,False,False,False,46,6.1 inches,4 GB,128 GB
configurable,24746,iPhone 12 64GB I Chính hãng VN/A ,https://cellphones.com.vn/iphone-12.html,22990000,15990000,https://cdn.cellphones.com.vn/media/catalog/product/cache/7/small_image/9df78eab33525d08d6e5fb8d27136e95/i/p/iphone-12_2__3.jpg,"<div class=""promotion""><p class=""gift-cont"">[HOT] Thu cũ lên đời giá cao - Thủ tục nhanh - Trợ giá lên tới 1.000.000đ và <b>1 km</b> khác</p></div>",0.0,0.0,False,False,False,46,6.1 inches,4 GB,64 GB
configurable,43477,OPPO Reno7 Z (5G),https://cellphones.com.vn/oppo-reno7-z.html,10490000,9390000,https://cdn.cellphones.com.vn/media/catalog/product/cache/7/small_image/9df78eab33525d08d6e5fb8d27136e95/c/o/combo_product_-_rainbow_spectrum_-_reno7_z.png,Không KM,0.0,0.0,False,False,False,46,6.43 inches,8 GB,128 GB
configurable,46920,Tecno Pova Neo (4GB - 64GB),https://cellphones.com.vn/tecno-pova-neo.html,3199000,2649000,https://cdn.cellphones.com.vn/media/catalog/product/cache/7/small_image/9df78eab33525d08d6e5fb8d27136e95/t/e/tecno-pova-neo-geek-blue-1.png,Không KM,0.0,0.0,False,False,False,46,6.8 inches,4GB + Mở rộng 3GB,64 GB
configurable,18388,iPhone 11 128GB I Chính hãng VN/A ,https://cellphones.com.vn/iphone-11-128gb.html,19900000,13500000,https://cdn.cellphones.com.vn/media/catalog/product/cache/7/small_image/9df78eab33525d08d6e5fb8d27136e95/i/p/iphone_11_white.png,"<div class=""promotion""><p class=""gift-cont"">[HOT] Thu cũ lên đời giá cao - Thủ tục nhanh - Trợ giá lên tới 1.000.000đ và <b>1 km</b> khác</p></div>",33.0,4.9,False,False,False,46,6.1 inches,4 GB,128 GB
configurable,29796,Xiaomi Mi 11 Lite 5G,https://cellphones.com.vn/xiaomi-mi-11-lite.html,10490000,7490000,https://cdn.cellphones.com.vn/media/catalog/product/cache/7/small_image/9df78eab33525d08d6e5fb8d27136e95/x/i/xiaomi-mi-11-lite-5g-2_10.png,"<div class=""promotion""><p class=""gift-cont"">Thu cũ đổi mới - Trợ giá đến 300.000đ</p></div>",0.0,0.0,False,False,1644,46,6.55 inches,8 GB,128 GB
configurable,47015,Vivo T1X,https://cellphones.com.vn/vivo-t1x.html,4490000,4350000,https://cdn.cellphones.com.vn/media/catalog/product/cache/7/small_image/9df78eab33525d08d6e5fb8d27136e95/t/1/t1x_01.png,Không KM,0.0,0.0,False,False,False,46,6.58 inches,4GB + Mở rộng 1GB,64 GB
configurable,33626,Xiaomi Redmi Note 11 Pro,https://cellphones.com.vn/xiaomi-redmi-note-11-pro.html,7490000,7490000,https://cdn.cellphones.com.vn/media/catalog/product/cache/7/small_image/9df78eab33525d08d6e5fb8d27136e95/t/_/t_i_xu_ng_2_18.png,"<div class=""promotion""><p class=""gift-cont"">Giảm 740.000đ khi thanh toán qua Moca</p></div>",0.0,0.0,False,False,False,46,6.67 inches,8 GB,128 GB
configurable,34503,OPPO Reno6 Z 5G,https://cellphones.com.vn/oppo-reno-6z.html,9490000,6990000,https://cdn.cellphones.com.vn/media/catalog/product/cache/7/small_image/9df78eab33525d08d6e5fb8d27136e95/o/p/oppo_reno6.jpg,"<div class=""promotion""><p class=""gift-cont"">Thu cũ lên đời - Trợ giá 1 triệu</p></div>",0.0,0.0,False,False,False,46,6.43 inches,8 GB,128 GB
configurable,31075,iPhone SE 2022 | Chính hãng VN/A,https://cellphones.com.vn/iphone-se-2022.html,12990000,11390000,https://cdn.cellphones.com.vn/media/catalog/product/cache/7/small_image/9df78eab33525d08d6e5fb8d27136e95/i/p/iphone-se-red-select-20220322.jpg,"<div class=""promotion""><p class=""gift-cont"">Thu cũ lên đời - Trợ giá 500.000đ</p></div>",0.0,0.0,False,False,1643,46,4.7 inches,4 GB,64 GB
configurable,27485,Vsmart Aris 8GB 128GB,https://cellphones.com.vn/vsmart-aris-8gb.html,6690000,3990000,https://cdn.cellphones.com.vn/media/catalog/product/cache/7/small_image/9df78eab33525d08d6e5fb8d27136e95/1/1/11_3_1_1.png,Không KM,0.0,0.0,False,False,False,46,6.39 inches,8 GB,128 GB
configurable,43654,Tecno Pova 2,https://cellphones.com.vn/tecno-pova-2.html,3990000,3450000,https://cdn.cellphones.com.vn/media/catalog/product/cache/7/small_image/9df78eab33525d08d6e5fb8d27136e95/t/e/tecno-pova-2-3.jpg,Không KM,0.0,0.0,False,False,False,46,6.9 inches,4 GB,64 GB
configurable,42898,Xiaomi Redmi Note 11 128GB,https://cellphones.com.vn/xiaomi-redmi-note-11-128gb.html,4990000,4790000,https://cdn.cellphones.com.vn/media/catalog/product/cache/7/small_image/9df78eab33525d08d6e5fb8d27136e95/8/0/800x800-640x640-5.png,"<div class=""promotion""><p class=""gift-cont"">Giảm 490.000đ khi thanh toán qua Moca</p></div>",0.0,0.0,False,False,False,46,6.43 inches,4 GB,128 GB
configurable,33487,iPhone 13 Pro 128GB | Chính hãng VN/A,https://cellphones.com.vn/iphone-13-pro.html,31990000,27500000,https://cdn.cellphones.com.vn/media/catalog/product/cache/7/small_image/9df78eab33525d08d6e5fb8d27136e95/i/p/iphone_13-_pro-5.jpg,"<div class=""promotion""><p class=""gift-cont"">Thu cũ lên đời - Trợ giá 1 triệu</p></div>",0.0,0.0,False,False,False,46,6.1 inches,6 GB,128 GB
configurable,17018,OPPO Reno7 (5G),https://cellphones.com.vn/oppo-reno-7.html,12990000,11490000,https://cdn.cellphones.com.vn/media/catalog/product/cache/7/small_image/9df78eab33525d08d6e5fb8d27136e95/c/o/combo_product_-_blue_-_reno7_5g.png,Không KM,0.0,0.0,False,False,False,46,6.4 inches,8 GB,256 GB
configurable,36079,ASUS ROG Phone 5S 16GB 512GB,https://cellphones.com.vn/asus-rog-phone-5s-512gb.html,22990000,20490000,https://cdn.cellphones.com.vn/media/catalog/product/cache/7/small_image/9df78eab33525d08d6e5fb8d27136e95/h/7/h732_1.png,Không KM,0.0,0.0,False,False,False,46,6.78 inches,16 GB,512 GB
configurable,33630,Xiaomi 12,https://cellphones.com.vn/xiaomi-mi-12.html,19990000,15990000,https://cdn.cellphones.com.vn/media/catalog/product/cache/7/small_image/9df78eab33525d08d6e5fb8d27136e95/t/_/t_i_xu_ng_1__3_10.png,"<div class=""promotion""><p class=""gift-cont"">Giảm ngay 1.000.000đ khi thanh toán qua Moca</p></div>",0.0,0.0,False,False,False,46,6.28 inches,8 GB,256 GB
configurable,30004,ASUS ROG Phone 5 chính hãng,https://cellphones.com.vn/asus-rog-phone-5.html,22990000,18990000,https://cdn.cellphones.com.vn/media/catalog/product/cache/7/small_image/9df78eab33525d08d6e5fb8d27136e95/a/s/asus-rog-phone-5_0002_gsmarena_001.jpg,Không KM,0.0,0.0,False,False,1644,46,6.78 inches,16 GB,256 GB
configurable,33640,Samsung Galaxy A13 (4G),https://cellphones.com.vn/samsung-galaxy-a13.html,4690000,4190000,https://cdn.cellphones.com.vn/media/catalog/product/cache/7/small_image/9df78eab33525d08d6e5fb8d27136e95/g/a/galaxy_a13.jpg,"<div class=""promotion""><p class=""gift-cont"">Thu cũ đổi mới - Trợ giá đến 300.000đ</p></div>",0.0,0.0,False,False,False,46,6.6 inches,4 GB,128 GB
configurable,32199,OPPO A95,https://cellphones.com.vn/oppo-a95.html,6990000,6090000,https://cdn.cellphones.com.vn/media/catalog/product/cache/7/small_image/9df78eab33525d08d6e5fb8d27136e95/c/o/combo_a95_-_en_-_cmyk.jpg,Không KM,0.0,0.0,False,False,1643,46,6.43 inches,8 GB,128 GB
configurable,35147,ASUS ROG Phone 5S 16GB 256GB,https://cellphones.com.vn/asus-rog-phone-5s.html,20990000,18990000,https://cdn.cellphones.com.vn/media/catalog/product/cache/7/small_image/9df78eab33525d08d6e5fb8d27136e95/a/s/asus-rog-phone-5_0002_gsmarena_001_3_1.jpg,"<div class=""promotion""><p class=""gift-cont"">[HOT] Thu cũ lên đời giá cao - Thủ tục nhanh - Trợ giá lên tới 1.000.000đ</p></div>",0.0,0.0,False,False,1644,46,6.78 inches,16 GB,256 GB
configurable,45381,Tecno Spark 8C 4GB 64GB,https://cellphones.com.vn/tecno-spark-8c.html,2990000,2650000,https://cdn.cellphones.com.vn/media/catalog/product/cache/7/small_image/9df78eab33525d08d6e5fb8d27136e95/4/0/40_1_23.jpg,Không KM,0.0,0.0,False,False,False,46,6.6 inches,4GB + Mở rộng 3GB,64 GB
configurable,27451,iPhone 12 128GB I Chính hãng VN/A ,https://cellphones.com.vn/iphone-12-128gb.html,24990000,17990000,https://cdn.cellphones.com.vn/media/catalog/product/cache/7/small_image/9df78eab33525d08d6e5fb8d27136e95/i/p/iphone_12_red.png,"<div class=""promotion""><p class=""gift-cont"">[HOT] Thu cũ lên đời giá cao - Thủ tục nhanh - Trợ giá lên tới 1.000.000đ và <b>1 km</b> khác</p></div>",0.0,0.0,False,False,False,46,6.1 inches,4 GB,128 GB
configurable,28765,Samsung Galaxy A32,https://cellphones.com.vn/samsung-galaxy-a32.html,6490000,6050000,https://cdn.cellphones.com.vn/media/catalog/product/cache/7/small_image/9df78eab33525d08d6e5fb8d27136e95/s/a/samsung-galaxy-a32-20.jpg,"<div class=""promotion""><p class=""gift-cont"">Thu cũ đổi mới - Trợ giá đến 300.000đ</p></div>",0.0,0.0,False,False,False,46,6.4 inches,6 GB,128 GB
configurable,36499,iPhone 13 Pro Max 256GB I Chính hãng VN/A,https://cellphones.com.vn/iphone-13-pro-max-256gb.html,37990000,37990000,https://cdn.cellphones.com.vn/media/catalog/product/cache/7/small_image/9df78eab33525d08d6e5fb8d27136e95/i/p/iphone_13-_pro-5_4_1.jpg,"<div class=""promotion""><p class=""gift-cont"">Thu cũ lên đời - Trợ giá 1 triệu</p></div>",0.0,0.0,False,False,False,46,6.7 inches,6 GB,256 GB
configurable,36584,Nubia Red Magic 6s Pro Cyborg 12GB 128GB,https://cellphones.com.vn/nubia-red-magic-6s-pro.html,17990000,16490000,https://cdn.cellphones.com.vn/media/catalog/product/cache/7/small_image/9df78eab33525d08d6e5fb8d27136e95/n/u/nubia-red-magic-6s-pro-black.png,Không KM,0.0,0.0,False,False,False,46,6.8 inches,12 GB,128 GB
configurable,30765,Samsung Galaxy Z Flip3 5G,https://cellphones.com.vn/samsung-galaxy-z-flip-3.html,24990000,18790000,https://cdn.cellphones.com.vn/media/catalog/product/cache/7/small_image/9df78eab33525d08d6e5fb8d27136e95/8/0/800x800_flip_3_cream.png,"<div class=""promotion""><p class=""gift-cont"">Gói dịch vụ ưu tiên cao cấp và phòng chờ hạng thương gia</p></div>",0.0,0.0,False,False,1643,46,6.7 inches,8 GB,128 GB
configurable,31467,OPPO Reno6 5G,https://cellphones.com.vn/oppo-reno-6.html,12990000,10390000,https://cdn.cellphones.com.vn/media/catalog/product/cache/7/small_image/9df78eab33525d08d6e5fb8d27136e95/r/e/reno6-1_1.jpg,"<div class=""promotion""><p class=""gift-cont"">Thu cũ lên đời - Trợ giá 1 triệu</p></div>",0.0,0.0,False,False,1643,46,6.43 inches,8 GB,128 GB
configurable,28990,Samsung Galaxy A53 (5G),https://cellphones.com.vn/samsung-galaxy-a53.html,9990000,9350000,https://cdn.cellphones.com.vn/media/catalog/product/cache/7/small_image/9df78eab33525d08d6e5fb8d27136e95/s/m/sm-a536_galaxy_a53_5g_awesome_peach004.jpg,"<div class=""promotion""><p class=""gift-cont"">Combo 02 Mã ưu đãi CGV trị giá 200.000đ</p></div>",0.0,0.0,False,False,False,46,6.5 inches,8 GB,128 GB
configurable,42869,Samsung Galaxy S21 FE 5G (6GB - 128GB),https://cellphones.com.vn/samsung-galaxy-s21-fe.html,15990000,11290000,https://cdn.cellphones.com.vn/media/catalog/product/cache/7/small_image/9df78eab33525d08d6e5fb8d27136e95/s/m/sm-g990_s21fe_backfront_lv_7.png,"<div class=""promotion""><p class=""gift-cont"">Thu cũ đổi mới - Trợ giá đến 300.000đ</p></div>",0.0,0.0,False,False,False,46,6.4 inches,6 GB,128 GB
configurable,27199,iPhone 12 mini 64GB I Chính hãng VN/A ,https://cellphones.com.vn/iphone-12-mini.html,18990000,15000000,https://cdn.cellphones.com.vn/media/catalog/product/cache/7/small_image/9df78eab33525d08d6e5fb8d27136e95/i/p/iphone_12_mini_blue.png,"<div class=""promotion""><p class=""gift-cont"">Nhập mã CPSONL500 - Giảm thêm 500k khi thanh toán qua VNPay trên website hoặc CPS500 qua QR Offline tại cửa hàng</p></div>",15.0,4.7,False,False,False,56,5.4 inches,4 GB,64 GB
configurable,35566,Samsung Galaxy A52s 5G,https://cellphones.com.vn/samsung-galaxy-a52s.html,10990000,7850000,https://cdn.cellphones.com.vn/media/catalog/product/cache/7/small_image/9df78eab33525d08d6e5fb8d27136e95/0/4/04_2_4.png,"<div class=""promotion""><p class=""gift-cont"">Thu cũ đổi mới - Trợ giá đến 300.000đ</p></div>",0.0,0.0,False,False,False,46,6.5 inches,8 GB,128 GB
configurable,26795,Samsung Galaxy A52,https://cellphones.com.vn/samsung-galaxy-a52.html,9290000,6600000,https://cdn.cellphones.com.vn/media/catalog/product/cache/7/small_image/9df78eab33525d08d6e5fb8d27136e95/s/a/samsung-galaxy-a52-26.jpg,"<div class=""promotion""><p class=""gift-cont"">Thu cũ đổi mới - Trợ giá đến 300.000đ</p></div>",0.0,0.0,False,False,False,46,6.5 inches,8 GB,128 GB
configurable,44429,ASUS ROG Phone 5S 12GB 256GB,https://cellphones.com.vn/asus-rog-phone-5s-12gb.html,19990000,17990000,https://cdn.cellphones.com.vn/media/catalog/product/cache/7/small_image/9df78eab33525d08d6e5fb8d27136e95/a/s/asus-rog-phone-5_0002_gsmarena_001_3_1_3.jpg,"<div class=""promotion""><p class=""gift-cont"">[HOT] Thu cũ lên đời giá cao - Thủ tục nhanh - Trợ giá lên tới 1.000.000đ</p></div>",0.0,0.0,False,False,1644,46,6.78 inches,12 GB,256 GB
configurable,25159,Xiaomi Redmi 9A,https://cellphones.com.vn/xiaomi-redmi-9a.html,2490000,2200000,https://cdn.cellphones.com.vn/media/catalog/product/cache/7/small_image/9df78eab33525d08d6e5fb8d27136e95/r/e/redmi_9a_0005_background.jpg,"<div class=""promotion""><p class=""gift-cont"">Thu cũ đổi mới - Trợ giá đến 300.000đ</p></div>",0.0,0.0,False,False,False,46,6.53 inches,2 GB,32 GB
configurable,35034,Xiaomi 11T Pro,https://cellphones.com.vn/xiaomi-mi-11t-pro.html,14990000,12350000,https://cdn.cellphones.com.vn/media/catalog/product/cache/7/small_image/9df78eab33525d08d6e5fb8d27136e95/x/i/xiaomi-mi-11t-pro-price-in-usa-500x500.jpg,"<div class=""promotion""><p class=""gift-cont"">Thu cũ đổi mới - Trợ giá đến 300.000đ</p></div>",0.0,0.0,False,False,False,46,6.67 inches,12 GB,256 GB
configurable,34585,Nubia Red Magic 6R ,https://cellphones.com.vn/nubia-red-magic-6r.html,15990000,9990000,https://cdn.cellphones.com.vn/media/catalog/product/cache/7/small_image/9df78eab33525d08d6e5fb8d27136e95/z/t/zte-nubia-red-magic-6r-.jpg,Không KM,0.0,0.0,False,False,False,46,6.67 inches,8 GB,128 GB
configurable,36068,Xiaomi Redmi 10 (4GB - 64GB),https://cellphones.com.vn/xiaomi-redmi-10-64gb.html,3990000,3650000,https://cdn.cellphones.com.vn/media/catalog/product/cache/7/small_image/9df78eab33525d08d6e5fb8d27136e95/0/0/004.jpg,"<div class=""promotion""><p class=""gift-cont"">Thu cũ đổi mới - Trợ giá đến 300.000đ</p></div>",0.0,0.0,False,False,False,46,6.5 inches,4 GB,64 GB
configurable,39409,Xiaomi 12 Pro (5G),https://cellphones.com.vn/xiaomi-mi-12-pro.html,27990000,22390000,https://cdn.cellphones.com.vn/media/catalog/product/cache/7/small_image/9df78eab33525d08d6e5fb8d27136e95/x/i/xiaomi-12-pro_arenamobiles.jpg,"<div class=""promotion""><p class=""gift-cont"">Giảm 900.000đ khi thanh toán qua Moca</p></div>",0.0,0.0,False,False,False,46,6.73 inches,12 GB,256 GB
configurable,47012,ASUS ROG Phone 5S 8GB 128GB ,https://cellphones.com.vn/asus-rog-phone-5s-8gb-128gb.html,16990000,15790000,https://cdn.cellphones.com.vn/media/catalog/product/cache/7/small_image/9df78eab33525d08d6e5fb8d27136e95/a/s/asus-rog-phone-5_0002_gsmarena_001_3_1_4.jpg,Không KM,0.0,0.0,False,False,1644,46,6.78 inches,8 GB,128 GB
configurable,28971,Samsung Galaxy M52 (5G),https://cellphones.com.vn/samsung-galaxy-m52.html,9690000,6590000,https://cdn.cellphones.com.vn/media/catalog/product/cache/7/small_image/9df78eab33525d08d6e5fb8d27136e95/1/9/19_galaxy_m52_5g_white_0055.jpg,"<div class=""promotion""><p class=""gift-cont"">Thu cũ đổi mới - Trợ giá đến 300.000đ</p></div>",0.0,0.0,False,False,False,46,6.7 inches,8 GB,128 GB
configurable,28521,Samsung Galaxy S22 (8GB - 128GB),https://cellphones.com.vn/samsung-galaxy-s22.html,21990000,20790000,https://cdn.cellphones.com.vn/media/catalog/product/cache/7/small_image/9df78eab33525d08d6e5fb8d27136e95/s/m/sm-s901_galaxys22_front_pinkgold_211122.jpg,"<div class=""promotion""><div class=""promo-list""><ul><li class=""pmh-title"">PMH</li> <li class=""pmh-content"">2.000.000 ₫</li></ul></div><p class=""coupon-price"">Giảm thêm 4.000.000đ khi thu cũ đổi mới và <b>2 km</b> khác</p></div>",0.0,0.0,False,False,False,46,6.1 inches,8 GB,128 GB
configurable,43655,Tecno Pova 2 6G 128GB,https://cellphones.com.vn/tecno-pova-2-6gb-128gb.html,4490000,3850000,https://cdn.cellphones.com.vn/media/catalog/product/cache/7/small_image/9df78eab33525d08d6e5fb8d27136e95/t/e/tecno-pova-2-2_2.jpg,Không KM,0.0,0.0,False,False,False,46,6.9 inches,6 GB,128 GB
configurable,44255,Xiaomi Redmi 10C 4GB 128GB,https://cellphones.com.vn/xiaomi-redmi-10c.html,3890000,3350000,https://cdn.cellphones.com.vn/media/catalog/product/cache/7/small_image/9df78eab33525d08d6e5fb8d27136e95/x/i/xiaomi-redmi-10c-1-002.jpg,"<div class=""promotion""><p class=""gift-cont"">Thu cũ đổi mới - Trợ giá đến 300.000đ</p></div>",0.0,0.0,False,False,False,46,6.71 inches,4 GB,128 GB
configurable,39400,Vivo Y15a,https://cellphones.com.vn/vivo-y15a.html,3790000,3150000,https://cdn.cellphones.com.vn/media/catalog/product/cache/7/small_image/9df78eab33525d08d6e5fb8d27136e95/d/i/dien-thoai-vivo-y15a-2021.png,Không KM,0.0,0.0,False,False,False,46,6.51 inches,4 GB,64 GB
configurable,41213,Samsung Galaxy A23,https://cellphones.com.vn/samsung-galaxy-a23.html,5690000,5350000,https://cdn.cellphones.com.vn/media/catalog/product/cache/7/small_image/9df78eab33525d08d6e5fb8d27136e95/s/a/samsung-galaxy-a23-cam-thumb-600x600_1.jpg,"<div class=""promotion""><p class=""gift-cont"">Thu cũ đổi mới - Trợ giá đến 300.000đ</p></div>",0.0,0.0,False,False,False,46,6.6 inches,4 GB,128 GB
configurable,27153,Samsung Galaxy A72,https://cellphones.com.vn/samsung-galaxy-a72.html,11490000,10100000,https://cdn.cellphones.com.vn/media/catalog/product/cache/7/small_image/9df78eab33525d08d6e5fb8d27136e95/s/a/samsung-galaxy-a72-30.jpg,"<div class=""promotion""><p class=""gift-cont"">Thu cũ đổi mới - Trợ giá đến 300.000đ</p></div>",0.0,0.0,False,False,False,56,6.7 inches,8 GB,256 GB
configurable,28517,Samsung Galaxy Z Fold3 5G,https://cellphones.com.vn/samsung-galaxy-z-fold-3.html,41990000,32990000,https://cdn.cellphones.com.vn/media/catalog/product/cache/7/small_image/9df78eab33525d08d6e5fb8d27136e95/s/m/sm-f926_zfold3_5g_openback_phantomsilver_210611.jpg,"<div class=""promotion""><p class=""gift-cont"">Gói dịch vụ ưu tiên cao cấp và phòng chờ hạng thương gia</p></div>",0.0,0.0,False,False,False,46,7.6 inches,12 GB,256 GB
configurable,25892,Samsung Galaxy S21 Ultra 5G,https://cellphones.com.vn/samsung-galaxy-s21-ultra.html,30990000,19390000,https://cdn.cellphones.com.vn/media/catalog/product/cache/7/small_image/9df78eab33525d08d6e5fb8d27136e95/s/a/samsung-galaxy-s21-ultra-1_1.jpg,"<div class=""promotion""><p class=""gift-cont"">Tặng ngay bộ mã ưu đãi trị giá lên đến 5 triệu</p></div>",0.0,0.0,False,False,False,46,6.8 inches,12 GB,128 GB
configurable,36917,Samsung Galaxy A03 (3GB - 32GB),https://cellphones.com.vn/samsung-galaxy-a03.html,2990000,2850000,https://cdn.cellphones.com.vn/media/catalog/product/cache/7/small_image/9df78eab33525d08d6e5fb8d27136e95/s/c/screenshot_2_39.png,"<div class=""promotion""><p class=""gift-cont"">Thu cũ đổi mới - Trợ giá đến 300.000đ</p></div>",0.0,0.0,False,False,False,46,6.5 inches,3 GB,32 GB
configurable,30521,Xiaomi Redmi Note 10S,https://cellphones.com.vn/xiaomi-redmi-note-10s.html,6490000,5500000,https://cdn.cellphones.com.vn/media/catalog/product/cache/7/small_image/9df78eab33525d08d6e5fb8d27136e95/x/i/xiaomi-redmi-note-10s-xanh-1.jpg,"<div class=""promotion""><p class=""gift-cont"">Thu cũ đổi mới - Trợ giá đến 300.000đ</p></div>",0.0,0.0,False,False,1643,46,6.43 inches,8 GB,128 GB
configurable,46921,Tecno Pova Neo 6G 128GB,https://cellphones.com.vn/tecno-pova-neo-6gb-128gb.html,3899000,3249000,https://cdn.cellphones.com.vn/media/catalog/product/cache/7/small_image/9df78eab33525d08d6e5fb8d27136e95/t/e/tecno-pova-neo-geek-blue-1_1.png,Không KM,0.0,0.0,False,False,False,46,6.8 inches,6GB + Mở rộng 5GB,128 GB
configurable,26230,Samsung Galaxy S20 FE 256GB (Fan Edition),https://cellphones.com.vn/samsung-galaxy-s20-fe.html,15490000,11990000,https://cdn.cellphones.com.vn/media/catalog/product/cache/7/small_image/9df78eab33525d08d6e5fb8d27136e95/s/a/samsung-galaxy-20-fe_4_.jpg,"<div class=""promotion""><p class=""gift-cont"">Trả góp 0% khi thanh toán bằng thẻ tín dụng và <b>1 km</b> khác</p></div>",0.0,0.0,False,False,False,46,6.5 inches,8 GB,256 GB
configurable,26206,Xiaomi Redmi Note 10,https://cellphones.com.vn/xiaomi-redmi-note-10.html,5490000,5100000,https://cdn.cellphones.com.vn/media/catalog/product/cache/7/small_image/9df78eab33525d08d6e5fb8d27136e95/x/i/xiaomi-redmi-note-10_1.jpg,"<div class=""promotion""><p class=""gift-cont"">Thu cũ đổi mới - Trợ giá đến 300.000đ</p></div>",0.0,0.0,False,False,False,56,6.43 inches,6 GB,128 GB
configurable,41134,Xiaomi Redmi Note 11S,https://cellphones.com.vn/xiaomi-redmi-note-11s.html,6690000,6390000,https://cdn.cellphones.com.vn/media/catalog/product/cache/7/small_image/9df78eab33525d08d6e5fb8d27136e95/f/r/frame37917-640x640_1_.png,"<div class=""promotion""><p class=""gift-cont"">Giảm 540.000đ khi thanh toán qua Moca</p></div>",0.0,0.0,False,False,False,46,6.43 inches,8 GB,128 GB
configurable,42903,Nokia G21,https://cellphones.com.vn/nokia-g21.html,4290000,3940000,https://cdn.cellphones.com.vn/media/catalog/product/cache/7/small_image/9df78eab33525d08d6e5fb8d27136e95/t/h/thumb_602966_default_big.jpg,"<div class=""promotion""></div>",0.0,0.0,False,False,False,46,6.5 inches,4 GB,128 GB
configurable,12436,iPhone XR 64GB I Chính hãng VN/A ,https://cellphones.com.vn/apple-iphone-xr-64-gb-chinh-hang-vn.html,14990000,12900000,https://cdn.cellphones.com.vn/media/catalog/product/cache/7/small_image/9df78eab33525d08d6e5fb8d27136e95/i/p/iphone_xr_red.png,"<div class=""promotion""><p class=""gift-cont"">[HOT] Thu cũ lên đời giá cao - Thủ tục nhanh - Trợ giá lên tới 1.000.000đ</p></div>",23.0,5.0,False,False,False,56,6.1 inches,3 GB,64 GB
configurable,33644,Samsung Galaxy A33 (5G),https://cellphones.com.vn/samsung-galaxy-a33.html,8490000,7850000,https://cdn.cellphones.com.vn/media/catalog/product/cache/7/small_image/9df78eab33525d08d6e5fb8d27136e95/s/a/samsung-galaxy-a33-5g-500x500.jpg,"<div class=""promotion""><p class=""gift-cont"">Combo 02 Mã ưu đãi CGV trị giá 200.000đ</p></div>",0.0,0.0,False,False,False,46,6.5 inches,6 GB,128 GB
configurable,24606,OPPO Reno4 Pro,https://cellphones.com.vn/oppo-reno-4-pro.html,11990000,7990000,https://cdn.cellphones.com.vn/media/catalog/product/cache/7/small_image/9df78eab33525d08d6e5fb8d27136e95/_/0/_0001_combo_-_reno4_pro_-_white.jpg,Không KM,0.0,0.0,False,False,False,46,6.5 inches,8 GB,256 GB
configurable,25863,iPhone 12 Pro 128GB I Chính hãng VN/A ,https://cellphones.com.vn/iphone-12-pro.html,30990000,25500000,https://cdn.cellphones.com.vn/media/catalog/product/cache/7/small_image/9df78eab33525d08d6e5fb8d27136e95/i/p/iphone_12_pro_black.png,"<div class=""promotion""><p class=""gift-cont"">[HOT] Thu cũ lên đời giá cao - Thủ tục nhanh - Trợ giá lên tới 1.000.000đ và <b>1 km</b> khác</p></div>",0.0,0.0,False,False,False,46,6.1 inches,6 GB,128 GB
configurable,41145,Xiaomi Redmi Note 11 Pro 5G,https://cellphones.com.vn/xiaomi-redmi-note-11-pro-5g.html,8990000,8490000,https://cdn.cellphones.com.vn/media/catalog/product/cache/7/small_image/9df78eab33525d08d6e5fb8d27136e95/x/i/xiaomi_redmi_note_.jpg_pro_5g_blanco_01_l.jpg,"<div class=""promotion""><p class=""gift-cont"">Giảm 700.000đ khi thanh toán qua Moca</p></div>",0.0,0.0,False,False,False,46,6.67 inches,8 GB,128 GB
configurable,35686,Xiaomi Redmi 10 (4GB - 128GB),https://cellphones.com.vn/xiaomi-redmi-10.html,4290000,3950000,https://cdn.cellphones.com.vn/media/catalog/product/cache/7/small_image/9df78eab33525d08d6e5fb8d27136e95/0/0/001_2.jpg,"<div class=""promotion""><p class=""gift-cont"">Thu cũ đổi mới - Trợ giá đến 300.000đ</p></div>",0.0,0.0,False,False,False,46,6.5 inches,4 GB,128 GB
configurable,25174,Xiaomi Redmi 9C,https://cellphones.com.vn/xiaomi-redmi-9c.html,3490000,3050000,https://cdn.cellphones.com.vn/media/catalog/product/cache/7/small_image/9df78eab33525d08d6e5fb8d27136e95/r/e/redmi-9c_2_.jpg,"<div class=""promotion""><p class=""gift-cont"">Thu cũ đổi mới - Trợ giá đến 300.000đ</p></div>",0.0,0.0,False,False,False,46,6.53 inches,4 GB,128 GB
configurable,26051,Samsung Galaxy A12,https://cellphones.com.vn/samsung-galaxy-a12.html,4290000,3750000,https://cdn.cellphones.com.vn/media/catalog/product/cache/7/small_image/9df78eab33525d08d6e5fb8d27136e95/s/a/samsung-galaxy-a12_2_.jpg,"<div class=""promotion""><p class=""gift-cont"">Thu cũ đổi mới - Trợ giá đến 300.000đ</p></div>",0.0,0.0,False,False,False,56,6.5 inches,4 GB,128 GB
configurable,21630,Samsung Galaxy S20 Ultra,https://cellphones.com.vn/samsung-galaxy-s20-ultra.html,29990000,16000000,https://cdn.cellphones.com.vn/media/catalog/product/cache/7/small_image/9df78eab33525d08d6e5fb8d27136e95/6/3/637170935875912528_ss-s20-ultra-den-1.png,Không KM,0.0,0.0,False,False,1643,56,6.9 inches,12 GB,128 GB
configurable,46707,OPPO Reno7 4G (8GB - 128GB),https://cellphones.com.vn/oppo-reno7-128gb.html,8990000,7890000,https://cdn.cellphones.com.vn/media/catalog/product/cache/7/small_image/9df78eab33525d08d6e5fb8d27136e95/c/o/combo_product_-_black_-_reno7_4g.png,Không KM,0.0,0.0,False,False,False,46,6.43 inches,8 GB,128 GB
configurable,33620,Realme 9 Pro,https://cellphones.com.vn/realme-9-pro.html,7990000,7190000,https://cdn.cellphones.com.vn/media/catalog/product/cache/7/small_image/9df78eab33525d08d6e5fb8d27136e95/r/e/real_me_pro_002.jpg,Không KM,0.0,0.0,False,False,False,46,6.6 inches,8 GB,128 GB
configurable,36243,iPhone 13 mini 128GB | Chính hãng VN/A,https://cellphones.com.vn/iphone-13-mini.html,21990000,17490000,https://cdn.cellphones.com.vn/media/catalog/product/cache/7/small_image/9df78eab33525d08d6e5fb8d27136e95/i/p/iphone-13-01_6.jpg,"<div class=""promotion""><p class=""gift-cont"">Thu cũ lên đời - Trợ giá 1 triệu</p></div>",0.0,0.0,False,False,False,56,5.4 inches,4 GB,128 GB
configurable,34257,Realme C11 (2021),https://cellphones.com.vn/realme-c11-2021.html,2990000,2490000,https://cdn.cellphones.com.vn/media/catalog/product/cache/7/small_image/9df78eab33525d08d6e5fb8d27136e95/d/o/download_15_5.jpg,Không KM,0.0,0.0,False,False,False,46,6.5 inches,2 GB,32 GB
configurable,26050,Xiaomi Mi 10T Pro 5G,https://cellphones.com.vn/xiaomi-mi-10t-pro.html,12990000,11200000,https://cdn.cellphones.com.vn/media/catalog/product/cache/7/small_image/9df78eab33525d08d6e5fb8d27136e95/x/i/xiaomi-mi-10t-pro_2_.jpg,Không KM,0.0,0.0,False,False,False,56,6.67 inches,8 GB,256 GB
configurable,42974,Samsung Galaxy S22 Ultra (12GB - 512GB),https://cellphones.com.vn/samsung-galaxy-s22-ultra-12gb-512gb.html,36990000,34790000,https://cdn.cellphones.com.vn/media/catalog/product/cache/7/small_image/9df78eab33525d08d6e5fb8d27136e95/s/m/sm-s908_galaxys22ultra_front_burgundy_211119_3.jpg,"<div class=""promotion""><div class=""promo-list""><ul><li class=""pmh-title"">PMH</li> <li class=""pmh-content"">2.600.000 ₫</li></ul></div><p class=""coupon-price"">Giảm thêm 4.000.000đ khi thu cũ đổi mới và <b>2 km</b> khác</p></div>",0.0,0.0,False,False,False,46,6.8 inches,12 GB,512 GB
configurable,21547,Samsung Galaxy A71,https://cellphones.com.vn/samsung-galaxy-a71.html,10490000,7700000,https://cdn.cellphones.com.vn/media/catalog/product/cache/7/small_image/9df78eab33525d08d6e5fb8d27136e95/s/a/samsung-galaxy-a71-thumblo_n-tra_ng-600x600_1_2_1.jpg,Không KM,0.0,0.0,False,False,False,56,6.7 inches,8 GB,128 GB
configurable,23584,ASUS ROG Phone 3 Chính hãng,https://cellphones.com.vn/asus-rog-phone-3.html,22990000,17490000,https://cdn.cellphones.com.vn/media/catalog/product/cache/7/small_image/9df78eab33525d08d6e5fb8d27136e95/r/o/rog_3.jpg,Không KM,0.0,0.0,False,False,1644,56,6.59 inches,12 GB,512 GB
configurable,42972,Samsung Galaxy S22 Plus (8GB - 256GB),https://cellphones.com.vn/samsung-galaxy-s22-plus-256gb.html,27490000,25990000,https://cdn.cellphones.com.vn/media/catalog/product/cache/7/small_image/9df78eab33525d08d6e5fb8d27136e95/s/2/s22_3.jpg,"<div class=""promotion""><div class=""promo-list""><ul><li class=""pmh-title"">PMH</li> <li class=""pmh-content"">2.000.000 ₫</li></ul></div><p class=""coupon-price"">Giảm thêm 4.000.000đ khi thu cũ đổi mới và <b>2 km</b> khác</p></div>",0.0,0.0,False,False,False,46,6.6 inches,8 GB,256 GB
configurable,22699,Samsung Galaxy Note 20,https://cellphones.com.vn/samsung-galaxy-note-20.html,23990000,15000000,https://cdn.cellphones.com.vn/media/catalog/product/cache/7/small_image/9df78eab33525d08d6e5fb8d27136e95/m/i/mint_final.jpg,"<div class=""promotion""><p class=""gift-cont"">Trả góp 0% khi thanh toán bằng thẻ tín dụng</p></div>",0.0,0.0,False,False,False,56,6.7 inches,8 GB,256 GB
configurable,32681,Nubia Red Magic 6,https://cellphones.com.vn/nubia-red-magic-6.html,17990000,16990000,https://cdn.cellphones.com.vn/media/catalog/product/cache/7/small_image/9df78eab33525d08d6e5fb8d27136e95/r/e/red-magic-6-1.jpg,Không KM,0.0,0.0,False,False,1643,46,6.8 inches,12 GB,128 GB
configurable,19669,Samsung Galaxy A51,https://cellphones.com.vn/samsung-galaxy-a51.html,7990000,6500000,https://cdn.cellphones.com.vn/media/catalog/product/cache/7/small_image/9df78eab33525d08d6e5fb8d27136e95/s/a/samsung-galaxy-a51-white-400x400_1_2_5_2.jpg,Không KM,0.0,0.0,False,False,False,56,6.5 inches,6 GB,128 GB
configurable,35895,Samsung Galaxy Z Fold3 5G 512GB,https://cellphones.com.vn/samsung-galaxy-z-fold-3-512gb.html,44990000,35890000,https://cdn.cellphones.com.vn/media/catalog/product/cache/7/small_image/9df78eab33525d08d6e5fb8d27136e95/g/a/galaxy-z-fold3-kv_5g__1p_cmyk_1.jpg,"<div class=""promotion""><p class=""gift-cont"">Gói dịch vụ ưu tiên cao cấp và phòng chờ hạng thương gia</p></div>",0.0,0.0,False,False,False,46,7.6 inches,12 GB,512 GB
configurable,25691,Vsmart Aris Pro,https://cellphones.com.vn/vsmart-aris-pro.html,8490000,4790000,https://cdn.cellphones.com.vn/media/catalog/product/cache/7/small_image/9df78eab33525d08d6e5fb8d27136e95/1/1/11_1_8.png,Không KM,0.0,0.0,False,False,False,46,False,8 GB,128 GB
configurable,36485,iPhone 13 256GB | Chính hãng VN/A,https://cellphones.com.vn/iphone-13-256gb.html,27990000,27990000,https://cdn.cellphones.com.vn/media/catalog/product/cache/7/small_image/9df78eab33525d08d6e5fb8d27136e95/i/p/iphone-13-02_2.jpg,"<div class=""promotion""><p class=""gift-cont"">Thu cũ lên đời - Trợ giá 1 triệu</p></div>",0.0,0.0,False,False,False,46,6.1 inches,4 GB,256 GB
configurable,42973,Samsung Galaxy S22 Ultra (12GB - 256GB),https://cellphones.com.vn/samsung-galaxy-s22-ultra-12gb-256gb.html,33990000,31990000,https://cdn.cellphones.com.vn/media/catalog/product/cache/7/small_image/9df78eab33525d08d6e5fb8d27136e95/s/m/sm-s908_galaxys22ultra_front_phantomwhite_211119_1_1.jpg,"<div class=""promotion""><div class=""promo-list""><ul><li class=""pmh-title"">PMH</li> <li class=""pmh-content"">2.000.000 ₫</li></ul></div><p class=""coupon-price"">Giảm thêm 4.000.000đ khi thu cũ đổi mới và <b>2 km</b> khác</p></div>",0.0,0.0,False,False,False,46,6.8 inches,12 GB,256 GB
configurable,30022,OPPO Reno5 5G,https://cellphones.com.vn/oppo-reno-5-5g.html,11990000,8990000,https://cdn.cellphones.com.vn/media/catalog/product/cache/7/small_image/9df78eab33525d08d6e5fb8d27136e95/o/p/oppo-reno-5-5g_2_.jpg,Không KM,0.0,0.0,False,False,1643,46,6.43 inches,8 GB,128 GB
configurable,35567,Samsung Galaxy A03s,https://cellphones.com.vn/samsung-galaxy-a03s.html,3690000,3500000,https://cdn.cellphones.com.vn/media/catalog/product/cache/7/small_image/9df78eab33525d08d6e5fb8d27136e95/s/a/samsung-galaxy-a03s-600x600_1.jpg,"<div class=""promotion""><p class=""gift-cont"">Thu cũ đổi mới - Trợ giá đến 300.000đ</p></div>",0.0,0.0,False,False,False,46,6.5 inches,4 GB,64 GB
configurable,35137,Xiaomi Poco X3 GT,https://cellphones.com.vn/xiaomi-poco-x3-gt.html,7990000,6290000,https://cdn.cellphones.com.vn/media/catalog/product/cache/7/small_image/9df78eab33525d08d6e5fb8d27136e95/p/o/pocox3gt1-1600x1600.png,"<div class=""promotion""><p class=""gift-cont"">Thu cũ đổi mới - Trợ giá đến 300.000đ</p></div>",0.0,0.0,False,False,False,56,6.6 inches,8 GB,128 GB
configurable,41676,Vivo V23 5G,https://cellphones.com.vn/vivo-v23-5g.html,12990000,10990000,https://cdn.cellphones.com.vn/media/catalog/product/cache/7/small_image/9df78eab33525d08d6e5fb8d27136e95/v/i/vivo_v23_03.jpg,Không KM,0.0,0.0,False,False,False,46,6.44 inches,8 GB,128 GB
configurable,42153,Samsung Galaxy S21 FE 8GB 128GB,https://cellphones.com.vn/samsung-galaxy-s21-fe-8gb-128gb.html,16990000,12790000,https://cdn.cellphones.com.vn/media/catalog/product/cache/7/small_image/9df78eab33525d08d6e5fb8d27136e95/s/m/sm-g990_s21fe_backfront_lv.png,"<div class=""promotion""><p class=""gift-cont"">Thu cũ đổi mới - Trợ giá đến 300.000đ</p></div>",0.0,0.0,False,False,False,46,6.4 inches,8 GB,128 GB
configurable,28967,Realme 8,https://cellphones.com.vn/realme-8.html,7290000,6390000,https://cdn.cellphones.com.vn/media/catalog/product/cache/7/small_image/9df78eab33525d08d6e5fb8d27136e95/r/e/realme-8-1_2.png,"<div class=""promotion""><p class=""gift-cont"">Thu cũ lên đời - Trợ giá 500.000đ</p></div>",0.0,0.0,False,False,False,46,6.4 inches,8 GB,128 GB
configurable,35964,Nokia G50 (5G),https://cellphones.com.vn/nokia-g50.html,6490000,4590000,https://cdn.cellphones.com.vn/media/catalog/product/cache/7/small_image/9df78eab33525d08d6e5fb8d27136e95/n/o/nokia-g50-4_1.jpeg,Không KM,0.0,0.0,False,False,False,56,6.82 inches,6 GB,128 GB
configurable,34886,Oppo A16,https://cellphones.com.vn/oppo-a16.html,3990000,3490000,https://cdn.cellphones.com.vn/media/catalog/product/cache/7/small_image/9df78eab33525d08d6e5fb8d27136e95/c/o/combo_-_a16_-_b_c.jpg,Không KM,0.0,0.0,False,False,False,46,6.52 inches,3 GB,32 GB
configurable,36639,Xiaomi 11 Lite 5G NE,https://cellphones.com.vn/xiaomi-11-lite-5g-ne.html,9490000,8000000,https://cdn.cellphones.com.vn/media/catalog/product/cache/7/small_image/9df78eab33525d08d6e5fb8d27136e95/x/i/xiaomi-11-lite-5g-014_1.jpg,"<div class=""promotion""><p class=""gift-cont"">Bảo hành tiêu chuẩn 18 tháng</p></div>",0.0,0.0,False,False,False,46,6.55 inches,8 GB,128 GB
configurable,22483,Samsung Galaxy A31,https://cellphones.com.vn/samsung-galaxy-a31.html,5790000,5150000,https://cdn.cellphones.com.vn/media/catalog/product/cache/7/small_image/9df78eab33525d08d6e5fb8d27136e95/3/_/3_48_27.jpg,Không KM,0.0,0.0,False,False,False,56,6.4 inches,6 GB,128 GB
configurable,31586,Oneplus Nord N10 5G,https://cellphones.com.vn/oneplus-nord-n10-5g.html,7990000,5490000,https://cdn.cellphones.com.vn/media/catalog/product/cache/7/small_image/9df78eab33525d08d6e5fb8d27136e95/o/n/one_plus.png,Không KM,0.0,0.0,False,False,1643,46,6.49 inches,6 GB,128 GB
configurable,25249,Vsmart Joy 4,https://cellphones.com.vn/vsmart-joy-4.html,3290000,0,https://cdn.cellphones.com.vn/media/catalog/product/cache/7/small_image/9df78eab33525d08d6e5fb8d27136e95/v/s/vsmart-joy-4_2_.png,Không KM,0.0,0.0,False,False,False,56,6.5 inches,3 GB,64 GB
configurable,27473,iPhone 12 Pro Max 256GB I Chính hãng VN/A ,https://cellphones.com.vn/iphone-12-pro-max-256gb.html,36990000,29000000,https://cdn.cellphones.com.vn/media/catalog/product/cache/7/small_image/9df78eab33525d08d6e5fb8d27136e95/i/p/iphone_12_pro_max_white.png,"<div class=""promotion""><p class=""gift-cont"">[HOT] Thu cũ lên đời giá cao - Thủ tục nhanh - Trợ giá lên tới 1.000.000đ và <b>1 km</b> khác</p></div>",0.0,0.0,False,False,False,46,6.7 inches,6 GB,256 GB
configurable,32724,Xiaomi Redmi 9T 4GB 64GB,https://cellphones.com.vn/xiaomi-redmi-9t-4gb-64gb.html,3990000,0,https://cdn.cellphones.com.vn/media/catalog/product/cache/7/small_image/9df78eab33525d08d6e5fb8d27136e95/x/i/xiaomi-redmi-9t_1__2.jpg,"<div class=""promotion""><p class=""gift-cont"">Thu cũ đổi mới - Trợ giá đến 300.000đ</p></div>",0.0,0.0,False,False,False,56,6.53 inches,4 GB,64 GB
configurable,27463,iPhone 12 Pro 256GB I Chính hãng VN/A ,https://cellphones.com.vn/iphone-12-pro-256gb.html,33990000,26000000,https://cdn.cellphones.com.vn/media/catalog/product/cache/7/small_image/9df78eab33525d08d6e5fb8d27136e95/i/p/iphone_12_pro_black_1.png,"<div class=""promotion""><p class=""gift-cont"">[HOT] Thu cũ lên đời giá cao - Thủ tục nhanh - Trợ giá lên tới 1.000.000đ và <b>1 km</b> khác</p></div>",0.0,0.0,False,False,False,46,6.1 inches,6 GB,256 GB
configurable,38530,Vivo Y15s,https://cellphones.com.vn/vivo-y15s.html,3490000,2750000,https://cdn.cellphones.com.vn/media/catalog/product/cache/7/small_image/9df78eab33525d08d6e5fb8d27136e95/v/i/vivo-y15s-2021-261021-114837-600x600.jpg,Không KM,0.0,0.0,False,False,False,46,6.51 inches,3 GB,32 GB
configurable,25728,Xiaomi POCO X3 NFC 128GB,https://cellphones.com.vn/xiaomi-poco-x3.html,6990000,5700000,https://cdn.cellphones.com.vn/media/catalog/product/cache/7/small_image/9df78eab33525d08d6e5fb8d27136e95/x/i/xiaomi-poco-x3_2_.jpg,Không KM,0.0,0.0,False,False,False,56,6.67 inches,6 GB,128 GB
configurable,42901,Realme C35 4GB 64GB,https://cellphones.com.vn/realme-c35.html,4290000,3990000,https://cdn.cellphones.com.vn/media/catalog/product/cache/7/small_image/9df78eab33525d08d6e5fb8d27136e95/f/r/frame3935-640x640.png,Không KM,0.0,0.0,False,False,False,46,6.6 inches,4 GB,64 GB
simple,44644,iPhone 13 256GB - Xanh lá | Chính hãng VN/A,https://cellphones.com.vn/iphone-13-256-gb-xanh-la.html,27990000,23950000,https://cdn.cellphones.com.vn/media/catalog/product/cache/7/small_image/9df78eab33525d08d6e5fb8d27136e95/i/p/iphone_13_green_pure_back_iphone_13_green_pure_front_2-up_screen__usen_1_1.png,"<div class=""promotion""><p class=""gift-cont"">Thu cũ lên đời - Trợ giá 1 triệu</p></div>",0.0,0.0,False,False,False,46,6.1 inches,False,256 GB
configurable,28755,Xiaomi Redmi Note 10 Pro 8GB,https://cellphones.com.vn/xiaomi-redmi-note-10-pro.html,7490000,7300000,https://cdn.cellphones.com.vn/media/catalog/product/cache/7/small_image/9df78eab33525d08d6e5fb8d27136e95/x/i/xiaomi-redmi-note-10-pro_2_.png,"<div class=""promotion""><p class=""gift-cont"">Thu cũ đổi mới - Trợ giá đến 300.000đ</p></div>",0.0,0.0,False,False,False,56,6.67 inches,8 GB,128 GB
configurable,17919,Nokia 105 2 SIM (2019),https://cellphones.com.vn/nokia-105-dual-sim-2019.html,490000,0,https://cdn.cellphones.com.vn/media/catalog/product/cache/7/small_image/9df78eab33525d08d6e5fb8d27136e95/a/e/ae08c25c6e913812f2fd60aca318bd8a_1.jpg,Không KM,0.0,0.0,False,False,False,46,1.77 inches,False,False
configurable,32007,Xiaomi Redmi Note 10 5G,https://cellphones.com.vn/xiaomi-redmi-note-10-5g-4gb.html,5290000,4950000,https://cdn.cellphones.com.vn/media/catalog/product/cache/7/small_image/9df78eab33525d08d6e5fb8d27136e95/r/e/redmi-note-10-5g.jpg,"<div class=""promotion""><p class=""gift-cont"">Gói Bảo Hành Premium Dành Cho Redmi Note 10 5G và <b>1 km</b> khác</p></div>",0.0,0.0,False,False,1643,56,6.5 inches,4 GB,128 GB
configurable,47593,Nubia Red Magic 7 Supernova 18GB 256GB,https://cellphones.com.vn/nubia-red-magic-7-18gb-256gb.html,24990000,0,https://cdn.cellphones.com.vn/media/catalog/product/cache/7/small_image/9df78eab33525d08d6e5fb8d27136e95/r/e/red-magic-supernova_1.jpg,"<div class=""promotion""><p class=""gift-cont"">Tặng tai nghe không dây JBL 115 TWS và <b>1 km</b> khác</p></div>",0.0,0.0,False,False,1644,46,6.8 inches,18 GB,256 GB
configurable,34751,OnePlus 8T 5G,https://cellphones.com.vn/oneplus-8t-5g.html,18990000,12990000,https://cdn.cellphones.com.vn/media/catalog/product/cache/7/small_image/9df78eab33525d08d6e5fb8d27136e95/o/n/oneplus-8t-600x600-1-200x200.jpg,Không KM,0.0,0.0,False,False,False,46,6.55 inches,12 GB,256 GB
configurable,36664,OPPO A16K,https://cellphones.com.vn/oppo-a16k.html,3690000,3190000,https://cdn.cellphones.com.vn/media/catalog/product/cache/7/small_image/9df78eab33525d08d6e5fb8d27136e95/c/o/combo_a16k_-_black.jpg,Không KM,0.0,0.0,False,False,False,46,6.52 inches,3 GB,32 GB
configurable,28961,Samsung Galaxy A22 4G,https://cellphones.com.vn/samsung-galaxy-a22.html,5890000,4700000,https://cdn.cellphones.com.vn/media/catalog/product/cache/7/small_image/9df78eab33525d08d6e5fb8d27136e95/a/2/a22-2.jpg,"<div class=""promotion""><p class=""gift-cont"">Mã ưu đãi trị giá lên đến 700k và <b>1 km</b> khác</p></div>",0.0,0.0,False,False,False,46,6.4 inches,6 GB,128 GB
configurable,47726,Galaxy Z Flip3 5G Flex Your Way 2022 ,https://cellphones.com.vn/samsung-galaxy-z-flip-3-flex-your-way.html,24990000,18790000,https://cdn.cellphones.com.vn/media/catalog/product/cache/7/small_image/9df78eab33525d08d6e5fb8d27136e95/9/n/9n9a0923-2.png,"<div class=""promotion""><p class=""gift-cont"">Tặng bộ quà Phiên Bản giới hạn trị giá 4 triệu (tặng kèm ngẫu nhiên)</p></div>",0.0,0.0,False,False,1643,46,6.7 inches,8 GB,128 GB
configurable,30137,OPPO A94,https://cellphones.com.vn/oppo-a94.html,7690000,5690000,https://cdn.cellphones.com.vn/media/catalog/product/cache/7/small_image/9df78eab33525d08d6e5fb8d27136e95/o/p/oppo-a94-purple.png,Không KM,0.0,0.0,False,False,False,46,6.43 inches,8 GB,128 GB
configurable,45640,Nokia C21 Plus 3GB 64GB,https://cellphones.com.vn/nokia-c21-plus.html,3190000,2890000,https://cdn.cellphones.com.vn/media/catalog/product/cache/7/small_image/9df78eab33525d08d6e5fb8d27136e95/n/o/nokia-c21-plus-600x600_2_1.jpg,"<div class=""promotion""></div>",0.0,0.0,False,False,False,46,6.52 inches,3 GB,64 GB
configurable,28025,Samsung Galaxy S21 Plus 5G,https://cellphones.com.vn/samsung-galaxy-s21-plus.html,25990000,16990000,https://cdn.cellphones.com.vn/media/catalog/product/cache/7/small_image/9df78eab33525d08d6e5fb8d27136e95/s/a/samsung-galaxy-s21-plus-3.jpg,"<div class=""promotion""><p class=""gift-cont"">Tặng ngay bộ mã ưu đãi trị giá lên đến 5 triệu</p></div>",0.0,0.0,False,False,False,56,6.7 inches,8 GB,128 GB
configurable,36492,iPhone 13 Pro 256GB | Chính hãng VN/A,https://cellphones.com.vn/iphone-13-pro-256gb.html,34990000,34990000,https://cdn.cellphones.com.vn/media/catalog/product/cache/7/small_image/9df78eab33525d08d6e5fb8d27136e95/i/p/iphone_13-_pro-5_1.jpg,"<div class=""promotion""><p class=""gift-cont"">Thu cũ lên đời - Trợ giá 1 triệu</p></div>",0.0,0.0,False,False,False,46,6.1 inches,6 GB,256 GB
configurable,30133,OPPO A55,https://cellphones.com.vn/oppo-a55.html,4990000,4290000,https://cdn.cellphones.com.vn/media/catalog/product/cache/7/small_image/9df78eab33525d08d6e5fb8d27136e95/c/o/combo_a55_-_xanh_-_cmyk.jpg,Không KM,0.0,0.0,False,False,False,46,6.5 inches,4 GB,64 GB
configurable,43657,OPPO A76,https://cellphones.com.vn/oppo-a76.html,5990000,5390000,https://cdn.cellphones.com.vn/media/catalog/product/cache/7/small_image/9df78eab33525d08d6e5fb8d27136e95/c/o/combo_a76_-_black.jpg,Không KM,0.0,0.0,False,False,False,46,6.56 inches,6 GB,128 GB
configurable,25214,Samsung Galaxy Note 20 Ultra,https://cellphones.com.vn/samsung-galaxy-note-20-ultra.html,29990000,19200000,https://cdn.cellphones.com.vn/media/catalog/product/cache/7/small_image/9df78eab33525d08d6e5fb8d27136e95/b/l/black_final.jpg,"<div class=""promotion""><p class=""gift-cont"">Trả góp 0% khi thanh toán bằng thẻ tín dụng</p></div>",0.0,0.0,False,False,False,46,6.9 inches,8 GB,256 GB
configurable,27678,Xiaomi Mi 11 5G,https://cellphones.com.vn/xiaomi-mi-11.html,21990000,15200000,https://cdn.cellphones.com.vn/media/catalog/product/cache/7/small_image/9df78eab33525d08d6e5fb8d27136e95/x/i/xiaomi-mi-11-xanhduong-600x600-600x600.jpg,"<div class=""promotion""><p class=""gift-cont"">5.30056</p></div>",0.0,0.0,False,False,False,56,6.81 inches,8 GB,256 GB
configurable,42971,Samsung Galaxy S22 (8GB - 256GB),https://cellphones.com.vn/samsung-galaxy-s22-256gb.html,23490000,22190000,https://cdn.cellphones.com.vn/media/catalog/product/cache/7/small_image/9df78eab33525d08d6e5fb8d27136e95/s/m/sm-s901_galaxys22_front_phantomwhite_211122_1.jpg,"<div class=""promotion""><div class=""promo-list""><ul><li class=""pmh-title"">PMH</li> <li class=""pmh-content"">2.000.000 ₫</li></ul></div><p class=""coupon-price"">Giảm thêm 4.000.000đ khi thu cũ đổi mới và <b>2 km</b> khác</p></div>",0.0,0.0,False,False,False,46,6.1 inches,8 GB,256 GB
configurable,35907,Vivo Y21,https://cellphones.com.vn/vivo-y21.html,3990000,3500000,https://cdn.cellphones.com.vn/media/catalog/product/cache/7/small_image/9df78eab33525d08d6e5fb8d27136e95/v/i/vivo-y21-white-01-1-600x600.jpg,Không KM,0.0,0.0,False,False,False,46,6.51 inches,4 GB,64 GB
configurable,39405,Realme 9i,https://cellphones.com.vn/realme-9i.html,6490000,5790000,https://cdn.cellphones.com.vn/media/catalog/product/cache/7/small_image/9df78eab33525d08d6e5fb8d27136e95/t/_/t_i_xu_ng_2__3_6.png,Không KM,0.0,0.0,False,False,False,46,6.6 inches,6 GB,128 GB
configurable,35084,Nokia 110 4G,https://cellphones.com.vn/nokia-110-4g.html,850000,0,https://cdn.cellphones.com.vn/media/catalog/product/cache/7/small_image/9df78eab33525d08d6e5fb8d27136e95/1/1/110-1.jpg,Không KM,0.0,0.0,False,False,False,46,1.8 inches,False,128 MB
configurable,38540,Vivo V23e,https://cellphones.com.vn/vivo-v23e.html,8490000,6790000,https://cdn.cellphones.com.vn/media/catalog/product/cache/7/small_image/9df78eab33525d08d6e5fb8d27136e95/c/9/c91ba5bf721d5b2d4eae4f821b8e4ced.png,Không KM,0.0,0.0,False,False,False,56,6.44 inches,8 GB,128 GB
configurable,20645,Samsung Galaxy Note 10 Lite,https://cellphones.com.vn/samsung-galaxy-note-10-lite.html,11490000,10500000,https://cdn.cellphones.com.vn/media/catalog/product/cache/7/small_image/9df78eab33525d08d6e5fb8d27136e95/2/0/2026427-removebg-preview.png,Không KM,0.0,0.0,False,False,False,56,6.7 inches,8 GB,128 GB
configurable,39200,Realme 9 Pro Plus,https://cellphones.com.vn/realme-9-pro-plus.html,9990000,8990000,https://cdn.cellphones.com.vn/media/catalog/product/cache/7/small_image/9df78eab33525d08d6e5fb8d27136e95/9/_/9_ro_plus.png,Không KM,0.0,0.0,False,False,False,46,6.4 inches,8 GB,128 GB
configurable,21611,Samsung Galaxy S20+ (Plus),https://cellphones.com.vn/samsung-galaxy-s20-plus.html,23990000,15500000,https://cdn.cellphones.com.vn/media/catalog/product/cache/7/small_image/9df78eab33525d08d6e5fb8d27136e95/6/3/637170945536714482_ss-s20-plus-den-1.png,Không KM,0.0,0.0,False,False,False,56,6.7 inches,8 GB,128 GB
configurable,17016,OPPO Reno5,https://cellphones.com.vn/oppo-reno-5.html,8690000,7790000,https://cdn.cellphones.com.vn/media/catalog/product/cache/7/small_image/9df78eab33525d08d6e5fb8d27136e95/o/p/oppo-reno-5_3_.jpg,Không KM,0.0,0.0,False,False,False,56,6.43 inches,8 GB,128 GB
configurable,34636,OnePlus Nord CE 5G,https://cellphones.com.vn/oneplus-nord-ce-5g.html,8990000,7690000,https://cdn.cellphones.com.vn/media/catalog/product/cache/7/small_image/9df78eab33525d08d6e5fb8d27136e95/o/n/one_plus-1_2.jpg,"<div class=""promotion""><p class=""gift-cont"">Thu cũ lên đời - Trợ giá 1 triệu</p></div>",0.0,0.0,False,False,False,46,6.43 inches,8 GB,128 GB
configurable,27350,OPPO A15,https://cellphones.com.vn/oppo-a15.html,3690000,3290000,https://cdn.cellphones.com.vn/media/catalog/product/cache/7/small_image/9df78eab33525d08d6e5fb8d27136e95/o/p/oppo-a15_1_.jpg,Không KM,0.0,0.0,False,False,False,56,6.22 inches ,3 GB,32 GB
configurable,44423,Nokia C20 2GB 16GB,https://cellphones.com.vn/nokia-c20-16gb.html,2290000,1790000,https://cdn.cellphones.com.vn/media/catalog/product/cache/7/small_image/9df78eab33525d08d6e5fb8d27136e95/n/o/nokia-c20-2_4.jpg,Không KM,0.0,0.0,False,False,1643,46,6.52 inches,2 GB,16 GB
configurable,23126,Xiaomi Redmi Note 9s 4G 64GB,https://cellphones.com.vn/xiaomi-redmi-note-9s.html,5490000,4450000,https://cdn.cellphones.com.vn/media/catalog/product/cache/7/small_image/9df78eab33525d08d6e5fb8d27136e95/r/e/redmi_note_9s_0002_layer_1.jpg,Không KM,0.0,0.0,False,False,False,56,6.67 inches,4 GB,64 GB
configurable,35714,Vivo X70 Pro 5G,https://cellphones.com.vn/vivo-x70-pro.html,19990000,16990000,https://cdn.cellphones.com.vn/media/catalog/product/cache/7/small_image/9df78eab33525d08d6e5fb8d27136e95/6/3/637677310894938336_vivo-x70-pro-den-1_1.jpg,Không KM,0.0,0.0,False,False,False,56,6.56 inches,12 GB,256 GB
configurable,32388,Xiaomi Mi 11 5G 128GB,https://cellphones.com.vn/xiaomi-mi-11-128gb.html,20990000,14200000,https://cdn.cellphones.com.vn/media/catalog/product/cache/7/small_image/9df78eab33525d08d6e5fb8d27136e95/x/i/xiaomi-mi-11-128gb-1.jpg,Không KM,0.0,0.0,False,False,False,46,6.81 inches,8 GB,128 GB
configurable,20344,Nokia 105 (2019) 1 SIM,https://cellphones.com.vn/nokia-105-single-sim-2019.html,480000,0,https://cdn.cellphones.com.vn/media/catalog/product/cache/7/small_image/9df78eab33525d08d6e5fb8d27136e95/3/c/3c020ba1f2e2c0e82b53709e8fc6e3fb.jpg,Không KM,0.0,0.0,False,False,False,56,1.77 inches,False,False
configurable,45647,Samsung Galaxy A73 128GB,https://cellphones.com.vn/samsung-galaxy-a73-128gb.html,11990000,9690000,https://cdn.cellphones.com.vn/media/catalog/product/cache/7/small_image/9df78eab33525d08d6e5fb8d27136e95/s/a/samsung-galaxy-a73-1-600x600_3.jpg,"<div class=""promotion""><p class=""gift-cont"">Combo 02 Mã ưu đãi CGV trị giá 200.000đ</p></div>",0.0,0.0,False,False,False,46,6.7 inches,8 GB,128 GB
configurable,43658,Tecno Spark 7T 4GB 64GB,https://cellphones.com.vn/tecno-spark-7t.html,3090000,2750000,https://cdn.cellphones.com.vn/media/catalog/product/cache/7/small_image/9df78eab33525d08d6e5fb8d27136e95/t/e/tecno-spark-7t-2.png,Không KM,0.0,0.0,False,False,False,46,6.52 inches,4 GB,64 GB
configurable,20852,Samsung Galaxy Z Fold2 5G,https://cellphones.com.vn/samsung-galaxy-fold-2.html,49990000,39000000,https://cdn.cellphones.com.vn/media/catalog/product/cache/7/small_image/9df78eab33525d08d6e5fb8d27136e95/g/a/galaxy-z-fold2-5g-1.jpg,"<div class=""promotion""><p class=""gift-cont"">Trả góp 0% khi thanh toán bằng thẻ tín dụng</p></div>",0.0,0.0,False,False,False,56,Chính: 7.6 inches & Phụ: 6.23 inches,12 GB,256 GB
configurable,41921,Samsung Galaxy S21 FE 5G (8GB - 256GB),https://cellphones.com.vn/samsung-galaxy-s21-fe-8gb-256gb.html,18990000,13650000,https://cdn.cellphones.com.vn/media/catalog/product/cache/7/small_image/9df78eab33525d08d6e5fb8d27136e95/s/a/samsung-galaxy-s21-fe.png,"<div class=""promotion""><p class=""gift-cont"">Thu cũ đổi mới - Trợ giá đến 300.000đ</p></div>",0.0,0.0,False,False,False,46,6.4 inches,8 GB,256 GB
configurable,18423,Apple iPhone 8 Plus 128GB I Chính hãng VN/A ,https://cellphones.com.vn/iphone-8-plus-128gb-chinh-hang-vn-a.html,16000000,13920000,https://cdn.cellphones.com.vn/media/catalog/product/cache/7/small_image/9df78eab33525d08d6e5fb8d27136e95/i/p/iphone-8-plus_4_009.jpg,"<div class=""promotion""><p class=""gift-cont"">[HOT] Thu cũ lên đời giá cao - Thủ tục nhanh - Trợ giá lên tới 1.000.000đ</p></div>",21.0,5.0,False,False,False,56,5.5 inches,3 GB,128 GB
configurable,27977,OPPO Find X3 Pro 5G,https://cellphones.com.vn/oppo-find-x3-pro.html,26990000,18790000,https://cdn.cellphones.com.vn/media/catalog/product/cache/7/small_image/9df78eab33525d08d6e5fb8d27136e95/o/p/oppo-find-x3-pro-5g-3_2.jpg,Không KM,0.0,0.0,False,False,False,46,6.7 inches,12 GB,256 GB
configurable,36277,Vivo Y33S,https://cellphones.com.vn/vivo-y33s.html,6690000,5900000,https://cdn.cellphones.com.vn/media/catalog/product/cache/7/small_image/9df78eab33525d08d6e5fb8d27136e95/v/i/vivo-y33s-100.jpg,Không KM,0.0,0.0,False,False,False,46,6.58 inches,8 GB,128 GB
configurable,25251,Vsmart Live 4,https://cellphones.com.vn/vsmart-live-4.html,4290000,0,https://cdn.cellphones.com.vn/media/catalog/product/cache/7/small_image/9df78eab33525d08d6e5fb8d27136e95/v/s/vsmart-live-_4_1_.jpg,Không KM,0.0,0.0,False,False,False,56,6.5 inches,6 GB,64 GB
configurable,41498,Nokia C30 2GB 32GB,https://cellphones.com.vn/nokia-c30-2gb.html,2990000,2390000,https://cdn.cellphones.com.vn/media/catalog/product/cache/7/small_image/9df78eab33525d08d6e5fb8d27136e95/6/3/637649100605269420_nokia-c30-xanh-1_5_2.jpg,Không KM,0.0,0.0,False,False,False,46,6.82 inches,2 GB,32 GB
configurable,36501,iPhone 13 Pro Max 512GB I Chính hãng VN/A,https://cellphones.com.vn/iphone-13-pro-max-512gb.html,43990000,43990000,https://cdn.cellphones.com.vn/media/catalog/product/cache/7/small_image/9df78eab33525d08d6e5fb8d27136e95/i/p/iphone_13-_pro-5_4_1_1.jpg,"<div class=""promotion""><p class=""gift-cont"">Thu cũ lên đời - Trợ giá 1 triệu</p></div>",0.0,0.0,False,False,False,46,6.7 inches,6 GB,256 GB
configurable,35897,Samsung Galaxy Z Flip3 5G 256GB,https://cellphones.com.vn/samsung-galaxy-z-flip-3-256gb.html,26990000,22590000,https://cdn.cellphones.com.vn/media/catalog/product/cache/7/small_image/9df78eab33525d08d6e5fb8d27136e95/8/0/800x800_flip_3_lavender_3.png,"<div class=""promotion""><p class=""gift-cont"">Gói dịch vụ ưu tiên cao cấp và phòng chờ hạng thương gia</p></div>",0.0,0.0,False,False,1643,46,6.7 inches,8 GB,256 GB
configurable,36505,iPhone 13 Pro Max 1TB I Chính hãng VN/A,https://cellphones.com.vn/iphone-13-pro-max-1tb.html,49990000,49990000,https://cdn.cellphones.com.vn/media/catalog/product/cache/7/small_image/9df78eab33525d08d6e5fb8d27136e95/i/p/iphone_13-_pro-5_4_1_1_1.jpg,"<div class=""promotion""><p class=""gift-cont"">Thu cũ lên đời - Trợ giá 1 triệu</p></div>",0.0,0.0,False,False,False,46,6.7 inches,6 GB,1 TB
configurable,31739,Oppo A54,https://cellphones.com.vn/oppo-a54.html,4690000,4350000,https://cdn.cellphones.com.vn/media/catalog/product/cache/7/small_image/9df78eab33525d08d6e5fb8d27136e95/o/p/oppo-a54-4g-black-600x600.jpg,Không KM,0.0,0.0,False,False,False,56,6.5 inches,4 GB,128 GB
configurable,35912,Vivo Y21S (4GB - 128GB),https://cellphones.com.vn/vivo-y21s.html,4990000,4300000,https://cdn.cellphones.com.vn/media/catalog/product/cache/7/small_image/9df78eab33525d08d6e5fb8d27136e95/v/i/vivo-y21s-600x600.jpg,Không KM,0.0,0.0,False,False,False,56,6.51 inches,4 GB,128 GB
configurable,21487,Vsmart Active 3 6GB Ram,https://cellphones.com.vn/vsmart-active-3.html,3990000,2990000,https://cdn.cellphones.com.vn/media/catalog/product/cache/7/small_image/9df78eab33525d08d6e5fb8d27136e95/v/s/vsmart-active-3_2_.png,Không KM,0.0,0.0,False,False,False,56,6.39 inches,False,64 GB
configurable,44667,iPhone SE 2022 128GB | Chính hãng VN/A,https://cellphones.com.vn/iphone-se-2022-128gb.html,13990000,12990000,https://cdn.cellphones.com.vn/media/catalog/product/cache/7/small_image/9df78eab33525d08d6e5fb8d27136e95/i/p/iphone-se-midnight-select-2022031_1.jpg,"<div class=""promotion""><p class=""gift-cont"">Thu cũ lên đời - Trợ giá 500.000đ</p></div>",0.0,0.0,False,False,1643,46,4.7 inches,4 GB,128 GB
configurable,18395,iPhone 11 256GB I Chính hãng VN/A ,https://cellphones.com.vn/iphone-11-256gb.html,22000000,19000000,https://cdn.cellphones.com.vn/media/catalog/product/cache/7/small_image/9df78eab33525d08d6e5fb8d27136e95/i/p/iphone_11_red.png,"<div class=""promotion""><p class=""gift-cont"">[HOT] Thu cũ lên đời giá cao - Thủ tục nhanh - Trợ giá lên tới 1.000.000đ và <b>1 km</b> khác</p></div>",0.0,0.0,False,False,False,56,6.1 inches,4 GB,256 GB
configurable,27435,iPhone 12 mini 128GB I Chính hãng VN/A ,https://cellphones.com.vn/iphone-12-mini-128gb.html,20990000,16000000,https://cdn.cellphones.com.vn/media/catalog/product/cache/7/small_image/9df78eab33525d08d6e5fb8d27136e95/i/p/iphone_12_mini_purple.png,"<div class=""promotion""><p class=""gift-cont"">Nhập mã CPSONL500 - Giảm thêm 500k khi thanh toán qua VNPay trên website hoặc CPS500 qua QR Offline tại cửa hàng</p></div>",0.0,0.0,False,False,False,56,5.4 inches,4 GB,128 GB
configurable,32075,Nokia C20,https://cellphones.com.vn/nokia-c20.html,2490000,2090000,https://cdn.cellphones.com.vn/media/catalog/product/cache/7/small_image/9df78eab33525d08d6e5fb8d27136e95/n/o/nokia-c20-2.jpg,Không KM,0.0,0.0,False,False,1643,46,6.52 inches,2 GB,32 GB
configurable,25740,Realme 7,https://cellphones.com.vn/realme-7.html,6990000,5590000,https://cdn.cellphones.com.vn/media/catalog/product/cache/7/small_image/9df78eab33525d08d6e5fb8d27136e95/r/e/realme-7-1.jpg,Không KM,0.0,0.0,False,False,False,56,6.5 inches,8 GB,128 GB
configurable,35070,Nokia 105 4G,https://cellphones.com.vn/nokia-105-4g.html,750000,0,https://cdn.cellphones.com.vn/media/catalog/product/cache/7/small_image/9df78eab33525d08d6e5fb8d27136e95/1/0/105.jpg,Không KM,0.0,0.0,False,False,False,46,1.8 inches,False,128 MB
configurable,29234,Xiaomi Redmi 9 4G,https://cellphones.com.vn/xiaomi-redmi-9-64gb.html,3990000,2950000,https://cdn.cellphones.com.vn/media/catalog/product/cache/7/small_image/9df78eab33525d08d6e5fb8d27136e95/r/e/redmi_9_0002_layer_1_2_2.jpg,"<div class=""promotion""><p class=""gift-cont"">Thu cũ đổi mới - Trợ giá đến 300.000đ</p></div>",0.0,0.0,False,False,False,56,6.53 inches,4 GB,64 GB
configurable,31297,Nokia G10,https://cellphones.com.vn/nokia-g10.html,3690000,2990000,https://cdn.cellphones.com.vn/media/catalog/product/cache/7/small_image/9df78eab33525d08d6e5fb8d27136e95/t/_/t_i_xu_ng_3.png,"<div class=""promotion""><p class=""gift-cont"">Tặng PMH 200.000₫</p></div>",0.0,0.0,False,False,1643,56,6.5 inches,4 GB,64 GB
configurable,12780,Samsung Galaxy S10+ (Plus),https://cellphones.com.vn/samsung-galaxy-s10plus-chinh-hang.html,19990000,12400000,https://cdn.cellphones.com.vn/media/catalog/product/cache/7/small_image/9df78eab33525d08d6e5fb8d27136e95/6/3/636863659522918468_ss-galaxy-s10-removebg-preview.png,"<div class=""promotion""></div>",0.0,0.0,False,False,False,56,6.4 inches,False,128 GB
configurable,32882,Nubia Red Magic 6 Pro,https://cellphones.com.vn/nubia-red-magic-6-pro.html,19990000,18590000,https://cdn.cellphones.com.vn/media/catalog/product/cache/7/small_image/9df78eab33525d08d6e5fb8d27136e95/s/_/s_4_1.png,Không KM,0.0,0.0,False,False,1643,56,6.8 inches,16 GB,256 GB
configurable,26608,Vivo V20,https://cellphones.com.vn/vivo-v20.html,8490000,6800000,https://cdn.cellphones.com.vn/media/catalog/product/cache/7/small_image/9df78eab33525d08d6e5fb8d27136e95/v/i/vivo-v20_2_.jpg,Không KM,0.0,0.0,False,False,False,56,6.44 inches,8 GB,128 GB
configurable,25231,Xiaomi Redmi 9C 3GB - 64GB,https://cellphones.com.vn/xiaomi-redmi-9c-64gb.html,2990000,2890000,https://cdn.cellphones.com.vn/media/catalog/product/cache/7/small_image/9df78eab33525d08d6e5fb8d27136e95/r/e/redmi-9c_3__1_2.jpg,"<div class=""promotion""><p class=""gift-cont"">Thu cũ đổi mới - Trợ giá đến 300.000đ</p></div>",0.0,0.0,False,False,False,46,6.53 inches,3 GB,64 GB
configurable,25736,Realme C15,https://cellphones.com.vn/realme-c15.html,4190000,3490000,https://cdn.cellphones.com.vn/media/catalog/product/cache/7/small_image/9df78eab33525d08d6e5fb8d27136e95/6/3/637400868092278961_realme-c15-xanh-1_2.png,Không KM,0.0,0.0,False,False,False,56,6.5 inches,4 GB,64 GB
configurable,29065,Vsmart Star 5,https://cellphones.com.vn/vsmart-star-5.html,2690000,0,https://cdn.cellphones.com.vn/media/catalog/product/cache/7/small_image/9df78eab33525d08d6e5fb8d27136e95/v/s/vsmart-star-5-1_3.jpg,Không KM,0.0,0.0,False,False,False,56,6.53 inches,3 GB,32 GB
configurable,35124,Nokia C30,https://cellphones.com.vn/nokia-c30.html,3450000,2590000,https://cdn.cellphones.com.vn/media/catalog/product/cache/7/small_image/9df78eab33525d08d6e5fb8d27136e95/6/3/637649100605269420_nokia-c30-xanh-1.jpg,Không KM,0.0,0.0,False,False,False,46,6.82 inches,3 GB,32 GB
configurable,41279,Nubia Red Magic 6s Pro Cyborg 16GB 256GB,https://cellphones.com.vn/nubia-red-magic-6s-pro-256gb.html,20990000,18990000,https://cdn.cellphones.com.vn/media/catalog/product/cache/7/small_image/9df78eab33525d08d6e5fb8d27136e95/n/u/nubia-red-magic-6s-pro-black_1.png,Không KM,0.0,0.0,False,False,False,46,6.8 inches,16 GB,256 GB
configurable,37502,Nubia Red Magic 6R (12GB - 256GB),https://cellphones.com.vn/nubia-red-magic-6r-12gb-256gb.html,17990000,13490000,https://cdn.cellphones.com.vn/media/catalog/product/cache/7/small_image/9df78eab33525d08d6e5fb8d27136e95/z/t/zte-nubia-red-magic-6r-1-600x600_1.jpg,Không KM,0.0,0.0,False,False,False,46,6.67 inches,12 GB,256 GB
configurable,28776,Xiaomi Redmi 9T 6GB 128GB,https://cellphones.com.vn/xiaomi-redmi-9t.html,4990000,4400000,https://cdn.cellphones.com.vn/media/catalog/product/cache/7/small_image/9df78eab33525d08d6e5fb8d27136e95/x/i/xiaomi-redmi-9t_1_.jpg,"<div class=""promotion""><p class=""gift-cont"">Thu cũ đổi mới - Trợ giá đến 300.000đ</p></div>",0.0,0.0,False,False,False,56,6.53 inches,6 GB,128 GB
configurable,21178,OPPO Find X2,https://cellphones.com.vn/oppo-find-x2.html,23990000,18990000,https://cdn.cellphones.com.vn/media/catalog/product/cache/7/small_image/9df78eab33525d08d6e5fb8d27136e95/6/3/637191049692122812_oppo-find-x2-xanh-1.png,Không KM,0.0,0.0,False,False,False,56,6.7 inches,12 GB,256 GB
configurable,29461,Vivo X60 Pro 5G,https://cellphones.com.vn/vivo-x60-pro.html,19990000,13290000,https://cdn.cellphones.com.vn/media/catalog/product/cache/7/small_image/9df78eab33525d08d6e5fb8d27136e95/v/i/vivo-x60-pro-8.jpg,"<div class=""promotion""><p class=""gift-cont"">Tặng gói bảo hành rơi vỡ màn hình 6 tháng </p></div>",0.0,0.0,False,False,False,56,6.56 inches,12 GB + 3 GB (RAM bổ sung),256 GB
configurable,22380,Realme 6,https://cellphones.com.vn/realme-6.html,5990000,5190000,https://cdn.cellphones.com.vn/media/catalog/product/cache/7/small_image/9df78eab33525d08d6e5fb8d27136e95/6/3/637202043964930819_realme-6-trang-1.png,Không KM,0.0,0.0,False,False,False,56,6.5 inches,4 GB,128 GB
configurable,31637,Realme 8 5G,https://cellphones.com.vn/realme-8-5g.html,7990000,6790000,https://cdn.cellphones.com.vn/media/catalog/product/cache/7/small_image/9df78eab33525d08d6e5fb8d27136e95/r/e/realme-8-5g-blue-1-600x600_1.jpg,Không KM,0.0,0.0,False,False,False,46,6.5 inches,8 GB,128 GB
configurable,47591,Nubia Red Magic 7 Pusar 16GB 256GB,https://cellphones.com.vn/nubia-red-magic-7-16gb-256gb.html,21990000,0,https://cdn.cellphones.com.vn/media/catalog/product/cache/7/small_image/9df78eab33525d08d6e5fb8d27136e95/r/e/red-magic-7-1_7hxhmi7_1.jpg,"<div class=""promotion""><p class=""gift-cont"">Thu cũ đổi mới - Trợ giá 500.000đ và <b>1 km</b> khác</p></div>",0.0,0.0,False,False,1644,46,6.8 inches,16 GB,256 GB
configurable,34805,Realme C21Y,https://cellphones.com.vn/realme-c21y.html,3690000,2890000,https://cdn.cellphones.com.vn/media/catalog/product/cache/7/small_image/9df78eab33525d08d6e5fb8d27136e95/r/e/realme-c21y.jpg,"<div class=""promotion""><p class=""gift-cont"">Tặng ốp lưng Realme C21Y</p></div>",0.0,0.0,False,False,False,46,6.5 inches,3 GB,32 GB
configurable,41290,Bphone A40,https://cellphones.com.vn/bphone-a40.html,4490000,3600000,https://cdn.cellphones.com.vn/media/catalog/product/cache/7/small_image/9df78eab33525d08d6e5fb8d27136e95/a/v/avt-bphone-a40-trang.png,Không KM,0.0,0.0,False,False,False,56,6.67 inches,4 GB,64 GB
configurable,12443,iPhone XR 128GB I Chính hãng VN/A ,https://cellphones.com.vn/apple-iphone-xr-128-gb-chinh-hang-vn.html,16990000,13000000,https://cdn.cellphones.com.vn/media/catalog/product/cache/7/small_image/9df78eab33525d08d6e5fb8d27136e95/i/p/iphone_xr_red_1.png,"<div class=""promotion""><p class=""gift-cont"">[HOT] Thu cũ lên đời giá cao - Thủ tục nhanh - Trợ giá lên tới 1.000.000đ</p></div>",2.0,5.0,False,False,False,56,6.1 inches,3 GB,128 GB
configurable,36486,iPhone 13 512GB | Chính hãng VN/A,https://cellphones.com.vn/iphone-13-512gb.html,33990000,33990000,https://cdn.cellphones.com.vn/media/catalog/product/cache/7/small_image/9df78eab33525d08d6e5fb8d27136e95/i/p/iphone-13-02_4.jpg,"<div class=""promotion""><p class=""gift-cont"">Thu cũ lên đời - Trợ giá 1 triệu</p></div>",0.0,0.0,False,False,False,56,6.1 inches,4 GB,512 GB
configurable,22479,Samsung Galaxy A11,https://cellphones.com.vn/samsung-galaxy-a11.html,2990000,2650000,https://cdn.cellphones.com.vn/media/catalog/product/cache/7/small_image/9df78eab33525d08d6e5fb8d27136e95/3/_/3_48_28.jpg,Không KM,0.0,0.0,False,False,False,56,6.4 inches,3 GB,32 GB
configurable,27457,iPhone 12 256GB I Chính hãng VN/A ,https://cellphones.com.vn/iphone-12-256gb.html,26990000,19990000,https://cdn.cellphones.com.vn/media/catalog/product/cache/7/small_image/9df78eab33525d08d6e5fb8d27136e95/i/p/iphone_12_red_1.png,"<div class=""promotion""><p class=""gift-cont"">[HOT] Thu cũ lên đời giá cao - Thủ tục nhanh - Trợ giá lên tới 1.000.000đ và <b>1 km</b> khác</p></div>",0.0,0.0,False,False,False,46,6.1 inches,4 GB,256 GB
configurable,30149,Realme C25,https://cellphones.com.vn/realme-c25.html,4690000,0,https://cdn.cellphones.com.vn/media/catalog/product/cache/7/small_image/9df78eab33525d08d6e5fb8d27136e95/r/e/realme-c25-1.jpg,Không KM,0.0,0.0,False,False,False,56,6.5 inches,4 GB,128 GB
configurable,33506,Vivo Y53S,https://cellphones.com.vn/vivo-y53s.html,6990000,4990000,https://cdn.cellphones.com.vn/media/catalog/product/cache/7/small_image/9df78eab33525d08d6e5fb8d27136e95/v/i/vivo_y53s_blue_bg.png,Không KM,0.0,0.0,False,False,False,56,6.58 inches,8 GB,128 GB
configurable,45638,Nokia C21 Plus 3GB 32GB,https://cellphones.com.vn/nokia-c21-plus-32gb.html,2990000,2690000,https://cdn.cellphones.com.vn/media/catalog/product/cache/7/small_image/9df78eab33525d08d6e5fb8d27136e95/n/o/nokia-c21-plus-600x600_2.jpg,"<div class=""promotion""></div>",0.0,0.0,False,False,False,46,6.52 inches,3 GB,32 GB
configurable,28221,Nokia 215 4G,https://cellphones.com.vn/nokia-215-4g.html,829000,829000,https://cdn.cellphones.com.vn/media/catalog/product/cache/7/small_image/9df78eab33525d08d6e5fb8d27136e95/n/o/nokia-215-4g-600jpg-600x600.jpg,Không KM,0.0,0.0,False,False,False,46,2.4 inches,False,128 MB
configurable,25693,Nokia 3.4,https://cellphones.com.vn/nokia-34.html,3290000,0,https://cdn.cellphones.com.vn/media/catalog/product/cache/7/small_image/9df78eab33525d08d6e5fb8d27136e95/n/o/nokia-34_1_.jpg,"<div class=""promotion""><div class=""promo-list""><ul><li class=""pmh-title"">PMH</li> <li class=""pmh-content"">100.000 ₫</li></ul></div></div>",0.0,0.0,False,False,False,56,6.39 inches,4 GB,64 GB
configurable,32661,Vivo V21 5G,https://cellphones.com.vn/vivo-v21.html,9990000,8500000,https://cdn.cellphones.com.vn/media/catalog/product/cache/7/small_image/9df78eab33525d08d6e5fb8d27136e95/v/i/vivo-v21-5g-2.jpg,"<div class=""promotion""><p class=""gift-cont"">Tặng loa Bluetooth Foomee HH17 trị giá 1.000.000đ</p></div>",0.0,0.0,False,False,1643,56,6.44 inches,8 GB,128 GB
configurable,27478,iPhone 12 Pro Max 512GB I Chính hãng VN/A ,https://cellphones.com.vn/iphone-12-pro-max-512gb.html,42990000,31000000,https://cdn.cellphones.com.vn/media/catalog/product/cache/7/small_image/9df78eab33525d08d6e5fb8d27136e95/i/p/iphone_12_pro_max_blue.png,"<div class=""promotion""><p class=""gift-cont"">[HOT] Thu cũ lên đời giá cao - Thủ tục nhanh - Trợ giá lên tới 1.000.000đ và <b>1 km</b> khác</p></div>",0.0,0.0,False,False,False,46,6.7 inches,6 GB,512 GB
configurable,41293,Nubia Red Magic 6S Pro Ghost 16GB 256GB,https://cellphones.com.vn/nubia-red-magic-6s-pro-ghost-256gb.html,22990000,0,https://cdn.cellphones.com.vn/media/catalog/product/cache/7/small_image/9df78eab33525d08d6e5fb8d27136e95/n/u/nubia-red-magic-6s-pro-ghost-256gb-1_.jpg,Không KM,0.0,0.0,False,False,False,56,6.8 inches,16 GB,256 GB
configurable,31303,Xiaomi Redmi Note 10 4GB,https://cellphones.com.vn/xiaomi-redmi-note-10-64gb.html,4690000,4250000,https://cdn.cellphones.com.vn/media/catalog/product/cache/7/small_image/9df78eab33525d08d6e5fb8d27136e95/x/i/xiaomi-redmi-note-10_1_2.jpg,Không KM,0.0,0.0,False,False,1643,56,6.43 inches,4 GB,64 GB
configurable,22490,Samsung Galaxy A21s,https://cellphones.com.vn/samsung-galaxy-a21s.html,4690000,4250000,https://cdn.cellphones.com.vn/media/catalog/product/cache/7/small_image/9df78eab33525d08d6e5fb8d27136e95/a/2/a21s_0002_layer_1_2.jpg,Không KM,0.0,0.0,False,False,False,46,6.5 inches,3 GB,32 GB
configurable,28219,Nokia 6300 4G,https://cellphones.com.vn/nokia-6300-4g.html,1290000,990000,https://cdn.cellphones.com.vn/media/catalog/product/cache/7/small_image/9df78eab33525d08d6e5fb8d27136e95/1/_/1_2_.png,Không KM,0.0,0.0,False,False,False,56,2.4 inches,False,4 GB
configurable,28965,Realme 8 Pro,https://cellphones.com.vn/realme-8-pro.html,8690000,7590000,https://cdn.cellphones.com.vn/media/catalog/product/cache/7/small_image/9df78eab33525d08d6e5fb8d27136e95/r/e/realme-8-pro-2_2.png,"<div class=""promotion""><p class=""gift-cont"">Thu cũ lên đời, trợ giá 500.000đ</p></div>",0.0,0.0,False,False,False,56,6.4 inches,8 GB,128 GB
configurable,41291,Bphone A50,https://cellphones.com.vn/bphone-a50.html,5490000,3890000,https://cdn.cellphones.com.vn/media/catalog/product/cache/7/small_image/9df78eab33525d08d6e5fb8d27136e95/a/v/avt-bphone-a40-trang_2.png,"<div class=""promotion""><p class=""gift-cont"">Tặng Tai nghe không dây Bphone Air B</p></div>",0.0,0.0,False,1,False,46,6.67 inches,4 GB,128 GB
configurable,25739,Realme 7 Pro,https://cellphones.com.vn/realme-7-pro.html,8990000,6590000,https://cdn.cellphones.com.vn/media/catalog/product/cache/7/small_image/9df78eab33525d08d6e5fb8d27136e95/r/e/realme-7-pro-2.jpg,Không KM,0.0,0.0,False,False,False,46,6.44 inches,8 GB,128 GB
configurable,26390,Realme C17,https://cellphones.com.vn/realme-c17.html,5290000,4390000,https://cdn.cellphones.com.vn/media/catalog/product/cache/7/small_image/9df78eab33525d08d6e5fb8d27136e95/r/e/realme-c17_1_.jpg,Không KM,0.0,0.0,False,False,False,56,6.5 inches,6 GB,128 GB
configurable,36815,Realme C25Y,https://cellphones.com.vn/realme-c25y.html,4990000,3990000,https://cdn.cellphones.com.vn/media/catalog/product/cache/7/small_image/9df78eab33525d08d6e5fb8d27136e95/r/e/realme-c25y-2.jpg,Không KM,0.0,0.0,False,False,False,46,6.5 inches,4 GB,128 GB
configurable,18383,iPhone 11 Pro 512GB I Chính hãng VN/A ,https://cellphones.com.vn/iphone-11-pro-512gb.html,30000000,27000000,https://cdn.cellphones.com.vn/media/catalog/product/cache/7/small_image/9df78eab33525d08d6e5fb8d27136e95/i/p/iphone_11_pro_white_1.png,"<div class=""promotion""><p class=""gift-cont"">[HOT] Thu cũ lên đời giá cao - Thủ tục nhanh - Trợ giá lên tới 1.000.000đ</p></div>",0.0,0.0,False,False,False,46,5.8 inches,4 GB,512 GB
configurable,26054,Realme 7i,https://cellphones.com.vn/realme-7i.html,6290000,4990000,https://cdn.cellphones.com.vn/media/catalog/product/cache/7/small_image/9df78eab33525d08d6e5fb8d27136e95/r/e/realme-7i-xanh-duong_1.jpg,Không KM,0.0,0.0,False,False,False,56,6.5 inches,8 GB,128 GB
configurable,28523,Vivo Y12s (2021),https://cellphones.com.vn/vivo-y12s.html,3290000,3050000,https://cdn.cellphones.com.vn/media/catalog/product/cache/7/small_image/9df78eab33525d08d6e5fb8d27136e95/v/i/vivo-y12s.jpg,Không KM,0.0,0.0,False,False,False,56,6.5 inches,3 GB,32 GB
configurable,28959,ASUS ROG Phone 4,https://cellphones.com.vn/asus-rog-phone-4.html,22990000,22990000,https://cdn.cellphones.com.vn/media/catalog/product/cache/7/small_image/9df78eab33525d08d6e5fb8d27136e95/a/s/asus-rog-phone-4-1.jpg,Không KM,0.0,0.0,False,False,False,56,False,False,False
configurable,36493,iPhone 13 Pro 512GB | Chính hãng VN/A,https://cellphones.com.vn/iphone-13-pro-512gb.html,40990000,40990000,https://cdn.cellphones.com.vn/media/catalog/product/cache/7/small_image/9df78eab33525d08d6e5fb8d27136e95/i/p/iphone_13-_pro-5_1_1.jpg,"<div class=""promotion""><p class=""gift-cont"">Thu cũ lên đời - Trợ giá 1 triệu</p></div>",0.0,0.0,False,False,False,56,6.1 inches,6 GB,256 GB
configurable,25623,Realme C12,https://cellphones.com.vn/realme-c12.html,3490000,3190000,https://cdn.cellphones.com.vn/media/catalog/product/cache/7/small_image/9df78eab33525d08d6e5fb8d27136e95/r/e/realme_c12_0001_realme_c12-removebg-preview.jpg,Không KM,0.0,0.0,False,False,False,56,6.52 inches,3 GB,32 GB
configurable,30997,OPPO A74,https://cellphones.com.vn/oppo-a74.html,6990000,6150000,https://cdn.cellphones.com.vn/media/catalog/product/cache/7/small_image/9df78eab33525d08d6e5fb8d27136e95/o/p/oppo-a74-black-10-200x200.jpg,Không KM,0.0,0.0,False,False,1643,56,6.43 inches,8 GB,128 GB
configurable,25294,Nokia 2.4,https://cellphones.com.vn/nokia-24.html,2690000,0,https://cdn.cellphones.com.vn/media/catalog/product/cache/7/small_image/9df78eab33525d08d6e5fb8d27136e95/n/o/nokia-2.4_1_.jpg,Không KM,0.0,0.0,False,False,False,56,6.5 inches,2 GB,32 GB
simple,24782,Samsung Galaxy S20+ BTS Edition,https://cellphones.com.vn/samsung-galaxy-s20-plus-bts-edition.html,24990000,16500000,https://cdn.cellphones.com.vn/media/catalog/product/cache/7/small_image/9df78eab33525d08d6e5fb8d27136e95/s/2/s20_ultra_bts_edition_0003_samsung_galaxy_s20_plus_bts_edit.jpg,Không KM,0.0,0.0,False,False,False,56,6.7 inches,8 GB,128 GB
configurable,27859,Samsung Galaxy A02s,https://cellphones.com.vn/samsung-galaxy-a02s.html,3590000,3350000,https://cdn.cellphones.com.vn/media/catalog/product/cache/7/small_image/9df78eab33525d08d6e5fb8d27136e95/s/a/samsung-galaxy-a02s-1.jpg,Không KM,0.0,0.0,False,False,False,56,6.5 inches,4 GB,64 GB
configurable,27852,Nokia 5.4,https://cellphones.com.vn/nokia-54.html,4990000,3990000,https://cdn.cellphones.com.vn/media/catalog/product/cache/7/small_image/9df78eab33525d08d6e5fb8d27136e95/n/o/nokia-5-4-xanh_1.png,Không KM,0.0,0.0,False,False,False,56,6.39 inches,4 GB,128 GB
configurable,39499,Realme C11 2021 4GB 64GB ,https://cellphones.com.vn/realme-c11-2021-4gb-64gb.html,3790000,3190000,https://cdn.cellphones.com.vn/media/catalog/product/cache/7/small_image/9df78eab33525d08d6e5fb8d27136e95/r/e/realme-c11-2021-gray-600x600_2.jpg,Không KM,0.0,0.0,False,False,False,46,6.5 inches,4 GB,64 GB
simple,17526,ASUS ROG Phone 2 512GB,https://cellphones.com.vn/asus-rog-phone-2.html,21990000,20490000,https://cdn.cellphones.com.vn/media/catalog/product/cache/7/small_image/9df78eab33525d08d6e5fb8d27136e95/_/6/_600x600__crop_600_asus_rog_phone2_min_1.jpg,Không KM,0.0,0.0,False,False,False,56,6.59 inches,12 GB,512 GB
configurable,41292,Bphone A60,https://cellphones.com.vn/bphone-a60.html,6490000,4490000,https://cdn.cellphones.com.vn/media/catalog/product/cache/7/small_image/9df78eab33525d08d6e5fb8d27136e95/b/p/bphone-a60-didongviet.jpg,"<div class=""promotion""><p class=""gift-cont"">Tặng Tai nghe không dây Bphone Air B</p></div>",0.0,0.0,False,False,False,46,6.67 inches,6 GB,128 GB
configurable,25745,Vivo V19,https://cellphones.com.vn/vivo-v19.html,8990000,5190000,https://cdn.cellphones.com.vn/media/catalog/product/cache/7/small_image/9df78eab33525d08d6e5fb8d27136e95/v/i/vivo-v19-_4.png,Không KM,0.0,0.0,False,False,False,56,6.44 inches,8 GB,128 GB
configurable,30086,Xiaomi Redmi Note 10 Pro 6GB,https://cellphones.com.vn/xiaomi-redmi-note-10-pro-6gb.html,6990000,6900000,https://cdn.cellphones.com.vn/media/catalog/product/cache/7/small_image/9df78eab33525d08d6e5fb8d27136e95/x/i/xiaomi-redmi-note-10-pro_2__2.png,"<div class=""promotion""><p class=""gift-cont"">Thu cũ đổi mới - Trợ giá đến 300.000đ</p></div>",0.0,0.0,False,False,1643,56,6.67 inches,6 GB,128 GB
configurable,37244,Realme C21Y 4GB 64GB ,https://cellphones.com.vn/realme-c21y-4gb-64gb.html,4290000,3390000,https://cdn.cellphones.com.vn/media/catalog/product/cache/7/small_image/9df78eab33525d08d6e5fb8d27136e95/r/e/realme-c21y_2.jpg,"<div class=""promotion""><p class=""gift-cont"">Tặng ốp lưng Realme C21Y</p></div>",0.0,0.0,False,False,False,46,6.5 inches,4 GB,64 GB
configurable,31470,Vivo Y72 5G,https://cellphones.com.vn/vivo-y72.html,7990000,5790000,https://cdn.cellphones.com.vn/media/catalog/product/cache/7/small_image/9df78eab33525d08d6e5fb8d27136e95/v/i/vivo-y72-5g-2.jpg,"<div class=""promotion""><p class=""gift-cont"">Tặng loa bluetooth Foomee HH16</p></div>",0.0,0.0,False,False,1643,56,6.58 inches,8 GB,128 GB
configurable,36489,iPhone 13 mini 256GB I Chính hãng VN/A,https://cellphones.com.vn/iphone-13-mini-256gb.html,24990000,24990000,https://cdn.cellphones.com.vn/media/catalog/product/cache/7/small_image/9df78eab33525d08d6e5fb8d27136e95/i/p/iphone-13-01_8.jpg,"<div class=""promotion""><p class=""gift-cont"">Thu cũ lên đời - Trợ giá 1 triệu</p></div>",0.0,0.0,False,False,False,56,5.4 inches,4 GB,256 GB
configurable,21781,Samsung Galaxy Z Flip,https://cellphones.com.vn/samsung-galaxy-z-flip.html,36000000,20990000,https://cdn.cellphones.com.vn/media/catalog/product/cache/7/small_image/9df78eab33525d08d6e5fb8d27136e95/z/-/z-flip-1_1.jpg,Không KM,0.0,0.0,False,False,False,56,6.7 inches,8 GB,256 GB
configurable,41500,Realme C25Y 4GB 64GB,https://cellphones.com.vn/realme-c25y-64gb.html,4690000,3790000,https://cdn.cellphones.com.vn/media/catalog/product/cache/7/small_image/9df78eab33525d08d6e5fb8d27136e95/r/e/realme-c25y-2_3.jpg,Không KM,0.0,0.0,False,False,False,46,6.5 inches,4 GB,64 GB
configurable,18090,Huawei Nova 5T,https://cellphones.com.vn/huawei-nova-5t.html,8990000,8290000,https://cdn.cellphones.com.vn/media/catalog/product/cache/7/small_image/9df78eab33525d08d6e5fb8d27136e95/6/3/637165989862080442_huawei-nova-5t-green-1.png,"<div class=""promotion""><p class=""gift-cont"">Tặng Sim Data 4G Viettel 12 tháng 7GB/Tháng</p></div>",0.0,0.0,False,False,False,56,6.26 inches,8 GB,128 GB
configurable,28273,Nokia 8000 4G,https://cellphones.com.vn/nokia-8000-4g.html,1790000,1390000,https://cdn.cellphones.com.vn/media/catalog/product/cache/7/small_image/9df78eab33525d08d6e5fb8d27136e95/1/_/1_2__1_1.png,Không KM,0.0,0.0,False,False,False,56,False,False,4 GB
configurable,28899,OPPO A15s,https://cellphones.com.vn/oppo-a15s.html,4290000,3790000,https://cdn.cellphones.com.vn/media/catalog/product/cache/7/small_image/9df78eab33525d08d6e5fb8d27136e95/o/p/oppo-a15s-2_2.jpg,Không KM,0.0,0.0,False,False,False,56,6.52 inches,4 GB,64 GB
configurable,30834,Samsung Galaxy S21 Ultra 5G 256GB,https://cellphones.com.vn/samsung-galaxy-s21-ultra-256gb.html,33990000,27800000,https://cdn.cellphones.com.vn/media/catalog/product/cache/7/small_image/9df78eab33525d08d6e5fb8d27136e95/s/a/samsung-galaxy-s21-ultra-1_1_2.jpg,"<div class=""promotion""><p class=""gift-cont"">Tặng ngay bộ mã ưu đãi trị giá lên đến 5 triệu</p></div>",0.0,0.0,False,False,False,56,6.8 inches,12 GB,256 GB
configurable,29910,Xiaomi Mi 10T Pro 5G 8GB 128GB,https://cellphones.com.vn/xiaomi-mi-10t-pro-128gb.html,11990000,10200000,https://cdn.cellphones.com.vn/media/catalog/product/cache/7/small_image/9df78eab33525d08d6e5fb8d27136e95/x/i/xiaomi-mi-10t-pro_2__3.jpg,Không KM,0.0,0.0,False,False,False,56,6.67 inches,8 GB,128 GB
configurable,44672,iPhone SE 2022 256GB | Chính hãng VN/A,https://cellphones.com.vn/iphone-se-2022-256gb.html,16990000,15990000,https://cdn.cellphones.com.vn/media/catalog/product/cache/7/small_image/9df78eab33525d08d6e5fb8d27136e95/i/p/iphone-se-red-select-20220322_1_1.jpg,"<div class=""promotion""><p class=""gift-cont"">Thu cũ lên đời - Trợ giá 500.000đ</p></div>",0.0,0.0,False,False,1643,56,4.7 inches,4 GB,256 GB
configurable,26565,Vsmart Joy 4 4GB,https://cellphones.com.vn/vsmart-joy-4-4gb.html,3590000,0,https://cdn.cellphones.com.vn/media/catalog/product/cache/7/small_image/9df78eab33525d08d6e5fb8d27136e95/v/s/vsmart-joy-4_1__2.png,Không KM,0.0,0.0,False,False,False,56,6.5 inches,4 GB,64 GB
configurable,27468,iPhone 12 Pro 512GB I Chính hãng VN/A ,https://cellphones.com.vn/iphone-12-pro-512gb.html,38990000,27500000,https://cdn.cellphones.com.vn/media/catalog/product/cache/7/small_image/9df78eab33525d08d6e5fb8d27136e95/i/p/iphone_12_pro_blue.png,"<div class=""promotion""><p class=""gift-cont"">[HOT] Thu cũ lên đời giá cao - Thủ tục nhanh - Trợ giá lên tới 1.000.000đ và <b>1 km</b> khác</p></div>",0.0,0.0,False,False,False,56,6.1 inches,6 GB,512 GB
configurable,17096,Realme C3,https://cellphones.com.vn/realme-c3.html,2990000,2790000,https://cdn.cellphones.com.vn/media/catalog/product/cache/7/small_image/9df78eab33525d08d6e5fb8d27136e95/p/h/photo_2020-02-27_09-31-18.jpg,Không KM,0.0,0.0,False,False,False,56,6.5 inches,3 GB,32 GB
configurable,18010,Samsung Galaxy A30s,https://cellphones.com.vn/samsung-galaxy-a30s.html,6290000,4150000,https://cdn.cellphones.com.vn/media/catalog/product/cache/7/small_image/9df78eab33525d08d6e5fb8d27136e95/x/a/xanh_5_4.jpg,Không KM,0.0,0.0,False,False,False,56,6.4 inches,4 GB,64 GB
configurable,21945,Vsmart Joy 3 4GB,https://cellphones.com.vn/vsmart-joy-3-4gb.html,3290000,2490000,https://cdn.cellphones.com.vn/media/catalog/product/cache/7/small_image/9df78eab33525d08d6e5fb8d27136e95/j/o/joy-3-4g-tim.jpg,Không KM,0.0,0.0,False,False,False,56,6.5 inches,4 GB,64 GB
configurable,24482,POCO F2 PRO 5G (8GB - 256GB),https://cellphones.com.vn/xiaomi-poco-f2-pro-256gb.html,14990000,10200000,https://cdn.cellphones.com.vn/media/catalog/product/cache/7/small_image/9df78eab33525d08d6e5fb8d27136e95/p/o/poco_f2_0001_layer_3_2.jpg,Không KM,0.0,0.0,False,False,False,56,6.67 inches,8 GB,256 GB
configurable,24482,POCO F2 PRO 5G (8GB - 256GB),https://cellphones.com.vn/xiaomi-poco-f2-pro-256gb.html,14990000,10200000,https://cdn.cellphones.com.vn/media/catalog/product/cache/7/small_image/9df78eab33525d08d6e5fb8d27136e95/p/o/poco_f2_0001_layer_3_2.jpg,Không KM,0.0,0.0,False,False,False,56,6.67 inches,8 GB,256 GB
configurable,30832,Samsung Galaxy S21 Plus 5G 256GB,https://cellphones.com.vn/samsung-galaxy-s21-plus-256gb.html,28990000,23000000,https://cdn.cellphones.com.vn/media/catalog/product/cache/7/small_image/9df78eab33525d08d6e5fb8d27136e95/s/a/samsung-galaxy-s21-plus-3_3.jpg,"<div class=""promotion""><p class=""gift-cont"">Tặng ngay bộ mã ưu đãi trị giá lên đến 5 triệu</p></div>",0.0,0.0,False,False,False,46,6.7 inches,8 GB,256 GB
configurable,27246,Xiaomi POCO X3 NFC 64GB,https://cellphones.com.vn/xiaomi-poco-x3-64gb.html,6690000,5000000,https://cdn.cellphones.com.vn/media/catalog/product/cache/7/small_image/9df78eab33525d08d6e5fb8d27136e95/x/i/xiaomi-poco-x3_2__3.jpg,Không KM,0.0,0.0,False,False,False,56,6.67 inches,6 GB,64 GB
configurable,26220,Vivo Y20S,https://cellphones.com.vn/vivo-y20s.html,4990000,4190000,https://cdn.cellphones.com.vn/media/catalog/product/cache/7/small_image/9df78eab33525d08d6e5fb8d27136e95/v/i/vivo-y20s.png,Không KM,0.0,0.0,False,False,False,56,6.5 inches,6 GB,128 GB
configurable,33100,Vsmart Star 5 4GB 64GB,https://cellphones.com.vn/vsmart-star-5-4gb-64gb.html,3290000,0,https://cdn.cellphones.com.vn/media/catalog/product/cache/7/small_image/9df78eab33525d08d6e5fb8d27136e95/v/s/vsmart-star-5-1_3_1.jpg,Không KM,0.0,0.0,False,False,False,56,6.52 inches,4 GB,64 GB
configurable,36491,iPhone 13 mini 512GB I Chính hãng VN/A,https://cellphones.com.vn/iphone-13-mini-512gb.html,30990000,30990000,https://cdn.cellphones.com.vn/media/catalog/product/cache/7/small_image/9df78eab33525d08d6e5fb8d27136e95/i/p/iphone-13-01_10.jpg,"<div class=""promotion""><p class=""gift-cont"">Thu cũ lên đời - Trợ giá 1 triệu</p></div>",0.0,0.0,False,False,False,56,5.4 inches,4 GB,512 GB
configurable,19043,Xiaomi Redmi 8A,https://cellphones.com.vn/xiaomi-redmi-8a.html,790000,790000,https://cdn.cellphones.com.vn/media/catalog/product/cache/7/small_image/9df78eab33525d08d6e5fb8d27136e95/x/i/xiaomi-redmi-8a-1-600x600.jpg,Không KM,0.0,0.0,False,False,False,56,6.2 inches,2 GB,32 GB
configurable,40006,Cat S62 Pro,https://cellphones.com.vn/cat-s62-pro.html,18990000,0,https://cdn.cellphones.com.vn/media/catalog/product/cache/7/small_image/9df78eab33525d08d6e5fb8d27136e95/c/a/cat-s62-pro-128gb-black-cs62p-dab-ron-en-14082020-01-p.jpg,Không KM,0.0,0.0,False,False,False,56,5.7 inches,6 GB,128 GB
configurable,26435,Vivo V20 SE,https://cellphones.com.vn/vivo-v20-se.html,7190000,5490000,https://cdn.cellphones.com.vn/media/catalog/product/cache/7/small_image/9df78eab33525d08d6e5fb8d27136e95/6/3/637399143538220514_vivo-v20-se-den-1.png,Không KM,0.0,0.0,False,False,False,56,6.39 inches,8 GB,128 GB
configurable,25203,Samsung Galaxy A01 Core,https://cellphones.com.vn/samsung-galaxy-a01-core.html,1990000,1850000,https://cdn.cellphones.com.vn/media/catalog/product/cache/7/small_image/9df78eab33525d08d6e5fb8d27136e95/s/a/samsung-galaxy-a01-core-3.jpg,Không KM,0.0,0.0,False,False,False,56,5.3 inches,1 GB,16 GB
configurable,24491,Xiaomi Redmi 9,https://cellphones.com.vn/xiaomi-redmi-9.html,3590000,2790000,https://cdn.cellphones.com.vn/media/catalog/product/cache/7/small_image/9df78eab33525d08d6e5fb8d27136e95/r/e/redmi_9_0002_layer_1.jpg,"<div class=""promotion""><p class=""gift-cont"">Thu cũ đổi mới - Trợ giá đến 300.000đ</p></div>",0.0,0.0,False,False,False,56,6.53 inches,3 GB,32 GB
configurable,30838,Vsmart Bee 5,https://cellphones.com.vn/vsmart-bee-5.html,1590000,1590000,https://cdn.cellphones.com.vn/media/catalog/product/cache/7/small_image/9df78eab33525d08d6e5fb8d27136e95/v/s/vsmartbee_1_1_3.png,Không KM,0.0,0.0,False,False,1643,56,6.0 inches,False,16 GB
configurable,27441,iPhone 12 mini 256GB I Chính hãng VN/A ,https://cellphones.com.vn/iphone-12-mini-256gb.html,22990000,20000000,https://cdn.cellphones.com.vn/media/catalog/product/cache/7/small_image/9df78eab33525d08d6e5fb8d27136e95/i/p/iphone_12_mini_blue_1.png,"<div class=""promotion""><p class=""gift-cont"">Nhập mã CPSONL500 - Giảm thêm 500k khi thanh toán qua VNPay trên website hoặc CPS500 qua QR Offline tại cửa hàng</p></div>",0.0,0.0,False,False,False,56,5.4 inches,4 GB,256 GB
configurable,21489,Vsmart Active 3 4GB Ram,https://cellphones.com.vn/vsmart-active-3-4gb.html,3490000,2690000,https://cdn.cellphones.com.vn/media/catalog/product/cache/7/small_image/9df78eab33525d08d6e5fb8d27136e95/v/s/vsmart-active-3_3__2.png,Không KM,0.0,0.0,False,False,False,56,6.39 inches,False,64 GB
configurable,35541,Vsmart Joy 4 6GB,https://cellphones.com.vn/vsmart-joy-4-6gb.html,3990000,0,https://cdn.cellphones.com.vn/media/catalog/product/cache/7/small_image/9df78eab33525d08d6e5fb8d27136e95/v/s/vsmart-joy-4_1__2_2_4.png,Không KM,0.0,0.0,False,False,False,56,6.5 inches,6 GB,64 GB
configurable,20711,Xiaomi Mi Note 10 Pro,https://cellphones.com.vn/xiaomi-mi-note-10-pro.html,14990000,0,https://cdn.cellphones.com.vn/media/catalog/product/cache/7/small_image/9df78eab33525d08d6e5fb8d27136e95/m/i/mi-cc9-pro-blue_1.jpg,Không KM,0.0,0.0,False,False,False,56,6.47 inches,8 GB,256 GB
configurable,10210,Apple iPhone 8 64GB Chính hãng,https://cellphones.com.vn/apple-iphone-8-64-gb-chinh-hang-vn.html,14500000,10020000,https://cdn.cellphones.com.vn/media/catalog/product/cache/7/small_image/9df78eab33525d08d6e5fb8d27136e95/i/p/iphone_8_64gb-00.jpg,"<div class=""promotion""><p class=""gift-cont"">[HOT] Thu cũ lên đời giá cao - Thủ tục nhanh - Trợ giá lên tới 1.000.000đ</p></div>",0.0,0.0,False,False,False,56,4.7 inches,False,64 GB
configurable,45636,Nokia C21 Plus 2GB 64GB,https://cellphones.com.vn/nokia-c21-plus-2gb.html,2890000,2690000,https://cdn.cellphones.com.vn/media/catalog/product/cache/7/small_image/9df78eab33525d08d6e5fb8d27136e95/n/o/nokia-c21-plus-600x600.jpg,"<div class=""promotion""></div>",0.0,0.0,False,False,False,56,6.52 inches,2 GB,64 GB
configurable,10707,Samsung Galaxy S9+ (Plus) 128GB,https://cellphones.com.vn/samsung-galaxy-s9plus-128-gb-chinh-hang.html,20990000,15890000,https://cdn.cellphones.com.vn/media/catalog/product/cache/7/small_image/9df78eab33525d08d6e5fb8d27136e95/s/9/s9_-gold_1.jpg,"<div class=""promotion""></div>",0.0,0.0,False,False,False,56,6.2 inches,False,128 GB
configurable,36495,iPhone 13 Pro 1TB | Chính hãng VN/A,https://cellphones.com.vn/iphone-13-pro-1tb.html,46990000,46990000,https://cdn.cellphones.com.vn/media/catalog/product/cache/7/small_image/9df78eab33525d08d6e5fb8d27136e95/i/p/iphone_13-_pro-5_1_1_1.jpg,"<div class=""promotion""><p class=""gift-cont"">Thu cũ lên đời - Trợ giá 1 triệu</p></div>",0.0,0.0,False,False,False,56,6.1 inches,6 GB,1 TB
configurable,35919,Vivo Y21S (6GB - 128GB),https://cellphones.com.vn/vivo-y21s-6gb.html,5490000,4650000,https://cdn.cellphones.com.vn/media/catalog/product/cache/7/small_image/9df78eab33525d08d6e5fb8d27136e95/v/i/vivo-y21s-600x600_1.jpg,Không KM,0.0,0.0,False,False,False,56,6.51 inches,6 GB,128 GB
configurable,39523,Xiaomi 11 Lite 5G NE Trắng Swarovski,https://cellphones.com.vn/xiaomi-11-lite-5g-ne-trang-swarovski.html,9490000,0,https://cdn.cellphones.com.vn/media/catalog/product/cache/7/small_image/9df78eab33525d08d6e5fb8d27136e95/x/i/xiaomi-11-lite-5g-014_1_2.jpg,"<div class=""promotion""><p class=""gift-cont"">Tặng dây chuyền Swarovski (đã kèm theo hộp) và <b>1 km</b> khác</p></div>",0.0,0.0,False,False,False,56,6.55 inches,8 GB,128 GB
configurable,24255,Nokia 150 2020,https://cellphones.com.vn/nokia-150-2020.html,700000,0,https://cdn.cellphones.com.vn/media/catalog/product/cache/7/small_image/9df78eab33525d08d6e5fb8d27136e95/n/o/nokia_105_0001_layer_2.jpg,Không KM,0.0,0.0,False,False,False,56,2.4 inches,False,False
configurable,10289,iPhone 7 Plus 128GB I Chính hãng VN/A ,https://cellphones.com.vn/iphone-7-plus-128-gb-cty-vn.html,10990000,10020000,https://cdn.cellphones.com.vn/media/catalog/product/cache/7/small_image/9df78eab33525d08d6e5fb8d27136e95/i/p/iphone-7-plus-009_1.jpg,"<div class=""promotion""><p class=""gift-cont"">[HOT] Thu cũ lên đời giá cao - Thủ tục nhanh - Trợ giá lên tới 1.000.000đ</p></div>",7.0,4.9,False,False,False,56,5.5 inches,3 GB,128 GB
configurable,10139,Samsung Galaxy J7 Prime Chính hãng,https://cellphones.com.vn/galaxy-j7-prime-cty.html,4990000,3790000,https://cdn.cellphones.com.vn/media/catalog/product/cache/7/small_image/9df78eab33525d08d6e5fb8d27136e95/j/7/j7-prime-blue.jpg,Không KM,0.0,0.0,False,False,False,56,5.5 inches,False,32 GB
configurable,29201,Samsung Galaxy Z Fold2 5G (Phiên bản mùa xuân),https://cellphones.com.vn/samsung-galaxy-z-fold-2-mua-xuan.html,50000000,39000000,https://cdn.cellphones.com.vn/media/catalog/product/cache/7/small_image/9df78eab33525d08d6e5fb8d27136e95/g/a/galaxy-z-fold2-5g-1_3.jpg,"<div class=""promotion""><p class=""gift-cont"">Trả góp 0% khi thanh toán bằng thẻ tín dụng</p></div>",0.0,0.0,False,False,False,56,Chính: 7.6 inches & Phụ: 6.23 inches,12 GB,256 GB
configurable,23500, iPhone SE 2020 256GB I Chính hãng VN/A ,https://cellphones.com.vn/iphone-se-2020-256gb.html,17990000,13010000,https://cdn.cellphones.com.vn/media/catalog/product/cache/7/small_image/9df78eab33525d08d6e5fb8d27136e95/i/p/iphonese_2.jpg,"<div class=""promotion""><p class=""gift-cont"">[HOT] Thu cũ lên đời giá cao - Thủ tục nhanh - Trợ giá lên tới 1.000.000đ</p></div>",0.0,0.0,False,False,False,56,4.7 inches,3 GB,256 GB
configurable,10674,Samsung Galaxy S9+ (Plus) 64GB,https://cellphones.com.vn/samsung-galaxy-s9plus-chinh-hang.html,19990000,13090000,https://cdn.cellphones.com.vn/media/catalog/product/cache/7/small_image/9df78eab33525d08d6e5fb8d27136e95/s/9/s9plus-blue.jpg,Không KM,0.0,0.0,False,False,False,56,6.2 inches,False,64 GB
configurable,23574,Xiaomi Redmi Note 9 Pro 128GB,https://cellphones.com.vn/xiaomi-redmi-note-9-pro-128gb.html,6990000,6200000,https://cdn.cellphones.com.vn/media/catalog/product/cache/7/small_image/9df78eab33525d08d6e5fb8d27136e95/x/i/xiaomi-redmi-note-9-pro-128gb-1.jpg,Không KM,0.0,0.0,False,False,False,56,6.67 inches,6 GB,128 GB
configurable,32177,Samsung Galaxy Z Fold2 5G (Phiên bản mùa hè),https://cellphones.com.vn/samsung-galaxy-z-fold-2-mua-he.html,50000000,50000000,https://cdn.cellphones.com.vn/media/catalog/product/cache/7/small_image/9df78eab33525d08d6e5fb8d27136e95/g/a/galaxy-z-fold2-5g-1_3_3.jpg,"<div class=""promotion""><p class=""gift-cont"">Tặng hộp kèm thẻ đặc quyền mua sắm Samsung</p></div>",0.0,0.0,False,False,1643,56,Chính: 7.6 inches & Phụ: 6.23 inches,12 GB,256 GB
configurable,25643,Điện thoại Energizer Energy E100,https://cellphones.com.vn/energizer-energy-e100.html,490000,0,https://cdn.cellphones.com.vn/media/catalog/product/cache/7/small_image/9df78eab33525d08d6e5fb8d27136e95/e/n/energizer-e100_0001_637137270490073693_e100-1.jpg,"<div class=""promotion""><p class=""gift-cont"">Giảm 10% tối đa 300k khi thanh toán qua Grabpay/Moca</p></div>",0.0,0.0,False,False,False,56,2.4 inches,False,False
configurable,44412,Tecno Spark 7T 6GB 128GB,https://cellphones.com.vn/tecno-spark-7t-6gb-128gb.html,3490000,3490000,https://cdn.cellphones.com.vn/media/catalog/product/cache/7/small_image/9df78eab33525d08d6e5fb8d27136e95/t/e/tecno-spark-7t-2_2.png,Không KM,0.0,0.0,False,False,False,56,6.52 inches,6 GB,128 GB
configurable,26846,Samsung Galaxy A21s 6GB,https://cellphones.com.vn/samsung-galaxy-a21s-6gb.html,4690000,4690000,https://cdn.cellphones.com.vn/media/catalog/product/cache/7/small_image/9df78eab33525d08d6e5fb8d27136e95/a/2/a21s_0002_layer_1_2_2.jpg,Không KM,0.0,0.0,False,False,False,56,6.5 inches,6 GB,64 GB
configurable,23428,Xiaomi Redmi 8 3GB,https://cellphones.com.vn/xiaomi-redmi-8.html,2690000,2500000,https://cdn.cellphones.com.vn/media/catalog/product/cache/7/small_image/9df78eab33525d08d6e5fb8d27136e95/r/e/redmi-8-3g-xanh.png,Không KM,0.0,0.0,False,False,False,56,6.2 inches,3 GB,32 GB
configurable,25473,Vsmart Star 4 2GB,https://cellphones.com.vn/vsmart-star-4-2gb.html,2050000,0,https://cdn.cellphones.com.vn/media/catalog/product/cache/7/small_image/9df78eab33525d08d6e5fb8d27136e95/v/s/vsmart_star_4_3.jpg,Không KM,0.0,0.0,False,False,False,56,6.09 inches,2 GB,16 GB
configurable,47840,Realme C35 4GB 128GB,https://cellphones.com.vn/realme-c35-128gb.html,4990000,4590000,https://cdn.cellphones.com.vn/media/catalog/product/cache/7/small_image/9df78eab33525d08d6e5fb8d27136e95/f/r/frame3935-640x640_2.png,Không KM,0.0,0.0,False,False,False,56,6.6 inches,4 GB,128 GB
configurable,24120,Xiaomi Mi Note 10 Lite 64GB,https://cellphones.com.vn/xiaomi-mi-note-10-lite-64gb.html,8990000,0,https://cdn.cellphones.com.vn/media/catalog/product/cache/7/small_image/9df78eab33525d08d6e5fb8d27136e95/m/i/mi-note-10-lite_0001_1_1.jpg,"<div class=""promotion""></div>",0.0,0.0,False,False,False,56,6.47 inches,6 GB,64 GB
configurable,24487,Xiaomi Redmi Note 9 3G,https://cellphones.com.vn/xiaomi-redmi-note-9-64gb.html,3990000,3400000,https://cdn.cellphones.com.vn/media/catalog/product/cache/7/small_image/9df78eab33525d08d6e5fb8d27136e95/r/e/redmi_note_9_0000_layer_3_2.jpg,Không KM,0.0,0.0,False,False,False,56,6.53 inches,3 GB,64 GB
